[2025-11-17T09:33:27.885Z] [INFO] Sending text 'nuguri.charitha@us.lockton.com.cbqa' to username Input Value
[2025-11-17T09:33:28.266Z] [DEBUG] Sent text 'nuguri.charitha@us.lockton.com.cbqa' to username Input Value
[2025-11-17T09:33:28.271Z] [INFO] Sending text 'Charitha@89' to password Input Value
[2025-11-17T09:33:28.497Z] [DEBUG] Sent text 'Charitha@89' to password Input Value
[2025-11-17T09:33:28.502Z] [INFO] Clicking on element login Button
[2025-11-17T09:33:30.956Z] [DEBUG] Clicked on element login Button
[2025-11-17T09:33:37.578Z] [INFO] Clicking on element setUp Icon
[2025-11-17T09:33:38.378Z] [DEBUG] Clicked on element setUp Icon
[2025-11-17T09:33:48.644Z] [INFO] Clicking on element user Search Result
[2025-11-17T09:33:53.882Z] [DEBUG] Clicked on element user Search Result
[2025-11-17T09:34:29.707Z] [INFO] Clicking on element show Navigation Menu
[2025-11-17T09:34:32.243Z] [DEBUG] Clicked on element show Navigation Menu
[2025-11-17T09:34:32.490Z] [INFO] Clicking on element accounts Menu Item
[2025-11-17T09:34:33.500Z] [DEBUG] Clicked on element accounts Menu Item
[2025-11-17T09:34:35.727Z] [INFO] Clicking on element list View Element
[2025-11-17T09:34:36.716Z] [DEBUG] Clicked on element list View Element
[2025-11-17T09:34:36.960Z] [INFO] Sending text 'All Clients' to searchBox ListViewInput
[2025-11-17T09:34:37.778Z] [DEBUG] Sent text 'All Clients' to searchBox ListViewInput
[2025-11-17T09:34:37.935Z] [INFO] Clicking on element all Clients In List View
[2025-11-17T09:34:38.986Z] [DEBUG] Clicked on element all Clients In List View
[2025-11-17T09:34:39.120Z] [INFO] Clicking on element global Search Button
[2025-11-17T09:34:41.930Z] [DEBUG] Clicked on element global Search Button
[2025-11-17T09:34:42.215Z] [INFO] Sending text '1000 Miglia SRL' to global Search Input
[2025-11-17T09:34:43.169Z] [DEBUG] Sent text '1000 Miglia SRL' to global Search Input
[2025-11-17T09:34:44.680Z] [INFO] Clicking on element global Search Result
[2025-11-17T09:34:45.584Z] [DEBUG] Clicked on element global Search Result
[2025-11-17T09:34:45.591Z] [INFO] AccountPage: Validating account record type: Client
[2025-11-17T09:34:50.428Z] [INFO] AccountPage: Account record type 'Client' is visible.
[2025-11-17T09:34:50.451Z] [INFO] Clicking on element new Opportunity Button
[2025-11-17T09:34:57.617Z] [DEBUG] Clicked on element new Opportunity Button
[2025-11-17T09:34:57.630Z] [INFO] Clicking on element intial Intake Button
[2025-11-17T09:35:00.151Z] [DEBUG] Clicked on element intial Intake Button
[2025-11-17T09:35:00.159Z] [INFO] Clicking on element opportunity Next Button
[2025-11-17T09:35:01.452Z] [DEBUG] Clicked on element opportunity Next Button
[2025-11-17T09:35:03.874Z] [INFO] Sending text 'auto hvjbd' to opportunity Name
[2025-11-17T09:35:04.949Z] [DEBUG] Sent text 'auto hvjbd' to opportunity Name
[2025-11-17T09:35:05.235Z] [INFO] Clicking on element stage DropDown
[2025-11-17T09:35:06.555Z] [DEBUG] Clicked on element stage DropDown
[2025-11-17T09:35:06.811Z] [INFO] Clicking on element stage Value
[2025-11-17T09:35:07.790Z] [DEBUG] Clicked on element stage Value
[2025-11-17T09:35:08.701Z] [INFO] Clicking on element insurance Sub Type Drop Down
[2025-11-17T09:35:09.910Z] [DEBUG] Clicked on element insurance Sub Type Drop Down
[2025-11-17T09:35:09.920Z] [INFO] Clicking on element insurance Type field
[2025-11-17T09:35:10.942Z] [DEBUG] Clicked on element insurance Type field
[2025-11-17T09:35:13.143Z] [INFO] Clicking on element save Button
[2025-11-17T09:35:14.360Z] [DEBUG] Clicked on element save Button
[2025-11-17T09:35:20.177Z] [INFO] Clicking on element show More Actions DropDown
[2025-11-17T09:35:22.120Z] [DEBUG] Clicked on element show More Actions DropDown
[2025-11-17T09:35:22.131Z] [INFO] Clicking on element manage Opportunity Assignment Option
[2025-11-17T09:35:23.555Z] [DEBUG] Clicked on element manage Opportunity Assignment Option
[2025-11-17T09:35:26.920Z] [INFO] Sending text '100' to Primary Producer Allocation TextBox
[2025-11-17T09:35:28.289Z] [DEBUG] Sent text '100' to Primary Producer Allocation TextBox
[2025-11-17T09:35:28.298Z] [INFO] Clicking on element SaveAndClose Button
[2025-11-17T09:35:29.884Z] [DEBUG] Clicked on element SaveAndClose Button
[2025-11-17T09:35:29.897Z] [INFO] Clicking on element edit Button
[2025-11-17T09:35:33.554Z] [DEBUG] Clicked on element edit Button
[2025-11-17T09:35:38.646Z] [INFO] Sending text '11/17/2026' to quote DueDate Field
[2025-11-17T09:35:40.775Z] [DEBUG] Sent text '11/17/2026' to quote DueDate Field
[2025-11-17T09:35:40.780Z] [INFO] Sending text '100000' to enterpriseValueField
[2025-11-17T09:35:42.456Z] [DEBUG] Sent text '100000' to enterpriseValueField
[2025-11-17T09:35:42.460Z] [INFO] Sending text 'ImageFIRST Healthcare Laundry Specialists, LLC' to target Field
[2025-11-17T09:35:44.167Z] [DEBUG] Sent text 'ImageFIRST Healthcare Laundry Specialists, LLC' to target Field
[2025-11-17T09:35:44.174Z] [INFO] Sending text 'The traget provides outpatient and specialty healthcare laundry services in the U.S.' to target Description Field
[2025-11-17T09:35:46.099Z] [DEBUG] Sent text 'The traget provides outpatient and specialty healthcare laundry services in the U.S.' to target Description Field
[2025-11-17T09:35:46.108Z] [INFO] Clicking on element quote DueTime DropDown
[2025-11-17T09:35:48.200Z] [DEBUG] Clicked on element quote DueTime DropDown
[2025-11-17T09:35:48.587Z] [INFO] Clicking on element quote DueTime Value
[2025-11-17T09:35:50.641Z] [DEBUG] Clicked on element quote DueTime Value
[2025-11-17T09:35:50.649Z] [INFO] Clicking on element sellers Idemnity
[2025-11-17T09:35:52.812Z] [DEBUG] Clicked on element sellers Idemnity
[2025-11-17T09:35:52.819Z] [INFO] Clicking on element sellers Idemnity Value
[2025-11-17T09:35:54.932Z] [DEBUG] Clicked on element sellers Idemnity Value
[2025-11-17T09:35:54.941Z] [INFO] Clicking on element buyers Council DropDown
[2025-11-17T09:35:58.350Z] [DEBUG] Clicked on element buyers Council DropDown
[2025-11-17T09:35:58.358Z] [INFO] Clicking on element buyers Council DropDown Value
[2025-11-17T09:36:01.187Z] [DEBUG] Clicked on element buyers Council DropDown Value
[2025-11-17T09:36:01.204Z] [INFO] Sending text '102' to limit Requested
[2025-11-17T09:36:03.562Z] [DEBUG] Sent text '102' to limit Requested
[2025-11-17T09:36:03.570Z] [INFO] Clicking on element save Button
[2025-11-17T09:36:06.456Z] [DEBUG] Clicked on element save Button
[2025-11-17T09:36:06.470Z] [INFO] Clicking on element edit Button
[2025-11-17T09:36:14.442Z] [DEBUG] Clicked on element edit Button
[2025-11-17T09:36:15.647Z] [INFO] Sending text '50' to rollover Percentage
[2025-11-17T09:36:17.504Z] [DEBUG] Sent text '50' to rollover Percentage
[2025-11-17T09:36:17.508Z] [INFO] Sending text 'Test Purchase Agreement' to purchase Agreement
[2025-11-17T09:36:19.474Z] [DEBUG] Sent text 'Test Purchase Agreement' to purchase Agreement
[2025-11-17T09:36:19.481Z] [INFO] Clicking on element sellers Council DropDown
[2025-11-17T09:36:23.865Z] [DEBUG] Clicked on element sellers Council DropDown
[2025-11-17T09:36:23.875Z] [INFO] Clicking on element sellers Council Value
[2025-11-17T09:36:27.103Z] [DEBUG] Clicked on element sellers Council Value
[2025-11-17T09:36:27.109Z] [INFO] Sending text '1000' to limit Requested2
[2025-11-17T09:36:29.455Z] [DEBUG] Sent text '1000' to limit Requested2
[2025-11-17T09:36:29.459Z] [INFO] Clicking on element limit Comments
[2025-11-17T09:36:32.508Z] [DEBUG] Clicked on element limit Comments
[2025-11-17T09:36:32.515Z] [INFO] Sending text 'Test limit Comments' to limit Comments
[2025-11-17T09:36:34.590Z] [DEBUG] Sent text 'Test limit Comments' to limit Comments
[2025-11-17T09:36:34.602Z] [INFO] Clicking on element other Requested Terms
[2025-11-17T09:36:36.824Z] [DEBUG] Clicked on element other Requested Terms
[2025-11-17T09:36:36.827Z] [INFO] Sending text 'Test other requested terms' to other Requested Terms
[2025-11-17T09:36:38.695Z] [DEBUG] Sent text 'Test other requested terms' to other Requested Terms
[2025-11-17T09:36:38.699Z] [INFO] Clicking on element draft Purchase Agreement CheckBox
[2025-11-17T09:36:41.342Z] [DEBUG] Clicked on element draft Purchase Agreement CheckBox
[2025-11-17T09:36:41.345Z] [INFO] Clicking on element type Of Financials DropDown
[2025-11-17T09:36:43.846Z] [DEBUG] Clicked on element type Of Financials DropDown
[2025-11-17T09:36:43.857Z] [INFO] Clicking on element type Of Financials Value
[2025-11-17T09:36:46.383Z] [DEBUG] Clicked on element type Of Financials Value
[2025-11-17T09:36:46.387Z] [INFO] Clicking on element deal Book CheckBox
[2025-11-17T09:36:48.769Z] [DEBUG] Clicked on element deal Book CheckBox
[2025-11-17T09:36:48.785Z] [INFO] Clicking on element legal DropDown
[2025-11-17T09:36:52.549Z] [DEBUG] Clicked on element legal DropDown
[2025-11-17T09:36:52.555Z] [INFO] Clicking on element legal Value
[2025-11-17T09:36:55.599Z] [DEBUG] Clicked on element legal Value
[2025-11-17T09:36:55.604Z] [INFO] Clicking on element financial DropDown
[2025-11-17T09:36:58.811Z] [DEBUG] Clicked on element financial DropDown
[2025-11-17T09:36:59.459Z] [INFO] Clicking on element financial Value
[2025-11-17T09:37:02.705Z] [DEBUG] Clicked on element financial Value
[2025-11-17T09:37:02.710Z] [INFO] Clicking on element tax DropDown
[2025-11-17T09:37:05.839Z] [DEBUG] Clicked on element tax DropDown
[2025-11-17T09:37:05.844Z] [INFO] Clicking on element tax Value
[2025-11-17T09:37:08.928Z] [DEBUG] Clicked on element tax Value
[2025-11-17T09:37:08.934Z] [INFO] Clicking on element save Button
[2025-11-17T09:37:11.990Z] [DEBUG] Clicked on element save Button
[2025-11-17T09:37:12.747Z] [INFO] Clicking on element global Search Button
[2025-11-17T09:37:18.091Z] [DEBUG] Clicked on element global Search Button
[2025-11-17T09:37:18.411Z] [INFO] Sending text 'Chubb' to global Search Input
[2025-11-17T09:37:19.892Z] [DEBUG] Sent text 'Chubb' to global Search Input
[2025-11-17T09:37:20.835Z] [INFO] Clicking on element global Search Result
[2025-11-17T09:37:21.976Z] [DEBUG] Clicked on element global Search Result
[2025-11-17T09:37:31.474Z] [INFO] Clicking on element taxCarriers Header
[2025-11-17T09:37:32.676Z] [DEBUG] Clicked on element taxCarriers Header
[2025-11-17T09:37:34.415Z] [INFO] Clicking on element Close Last Account Tab
[2025-11-17T09:37:35.892Z] [DEBUG] Clicked on element Close Last Account Tab
[2025-11-17T09:37:35.898Z] [INFO] Clicking on element opportunity Tab
[2025-11-17T09:37:38.178Z] [DEBUG] Clicked on element opportunity Tab
[2025-11-17T09:37:38.670Z] [INFO] Clicking on element NBIL New Button
[2025-11-17T09:37:40.355Z] [DEBUG] Clicked on element NBIL New Button
[2025-11-17T09:37:43.359Z] [INFO] Clicking on element all Carriers Value 
[2025-11-17T09:37:44.524Z] [DEBUG] Clicked on element all Carriers Value 
[2025-11-17T09:37:45.324Z] [INFO] Clicking on element nbilNextButton
[2025-11-17T09:37:46.442Z] [DEBUG] Clicked on element nbilNextButton
[2025-11-17T09:37:46.452Z] [INFO] Sending text 'nuguri.charitha@us.lockton.com' to email Id
[2025-11-17T09:37:49.112Z] [DEBUG] Sent text 'nuguri.charitha@us.lockton.com' to email Id
[2025-11-17T09:37:49.525Z] [INFO] Subject field is validated successfully with opportunity name.
[2025-11-17T09:37:55.764Z] [INFO] Clicking on element Done Button
[2025-11-17T09:37:56.980Z] [DEBUG] Clicked on element Done Button
[2025-11-17T09:38:03.967Z] [INFO] Clicking on element Done Button
[2025-11-17T09:38:05.130Z] [DEBUG] Clicked on element Done Button
[2025-11-17T09:38:11.909Z] [INFO] Clicking on element Done Button
[2025-11-17T09:38:13.113Z] [DEBUG] Clicked on element Done Button
[2025-11-17T09:38:14.399Z] [INFO] Clicking on element Previous Button
[2025-11-17T09:38:15.735Z] [DEBUG] Clicked on element Previous Button
[2025-11-17T09:38:17.938Z] [INFO] Clicking on element Next Button
[2025-11-17T09:38:19.033Z] [DEBUG] Clicked on element Next Button
[2025-11-17T09:38:22.935Z] [INFO] Sending text 'nuguri.charitha@us.lockton.com' to email Id
[2025-11-17T09:38:24.047Z] [DEBUG] Sent text 'nuguri.charitha@us.lockton.com' to email Id
[2025-11-17T09:38:30.440Z] [INFO] Clicking on element Done Button
[2025-11-17T09:38:31.764Z] [DEBUG] Clicked on element Done Button
[2025-11-17T09:38:38.684Z] [INFO] Clicking on element Done Button
[2025-11-17T09:38:39.969Z] [DEBUG] Clicked on element Done Button
[2025-11-17T09:38:46.966Z] [INFO] Clicking on element Done Button
[2025-11-17T09:38:48.228Z] [DEBUG] Clicked on element Done Button
[2025-11-17T09:38:55.764Z] [INFO] Clicking on element Done Button
[2025-11-17T09:38:57.302Z] [DEBUG] Clicked on element Done Button
[2025-11-17T09:39:00.268Z] [INFO] Clicking on element Close Duplicate Error Button
[2025-11-17T09:39:01.895Z] [DEBUG] Clicked on element Close Duplicate Error Button
[2025-11-17T09:39:02.222Z] [INFO] Clicking on element Delete file button
[2025-11-17T09:39:03.842Z] [DEBUG] Clicked on element Delete file button
[2025-11-17T09:39:04.138Z] [INFO] Clicking on element preview Text
[2025-11-17T09:39:05.555Z] [DEBUG] Clicked on element preview Text
[2025-11-17T09:39:14.685Z] [INFO] Sending text 'nuguri.charitha@us.lockton.com.cbqa' to cc Field Locator
[2025-11-17T09:39:15.763Z] [DEBUG] Sent text 'nuguri.charitha@us.lockton.com.cbqa' to cc Field Locator
[2025-11-17T09:39:15.784Z] [INFO] Clicking on element send Button
[2025-11-17T09:39:17.160Z] [DEBUG] Clicked on element send Button
[2025-11-17T09:39:21.395Z] [INFO] Clicking on element successWindow Close Button
[2025-11-17T09:39:22.525Z] [DEBUG] Clicked on element successWindow Close Button
[2025-11-17T09:39:27.752Z] [INFO] Clicking on element activity Tab
[2025-11-17T09:39:36.342Z] [DEBUG] Clicked on element activity Tab
[2025-11-17T09:39:37.992Z] [INFO] Clicking on element Email Request Sent Link
[2025-11-17T09:39:38.629Z] [DEBUG] Clicked on element Email Request Sent Link
[2025-11-17T09:39:38.632Z] [INFO] Clicking on element Email Details Tab
[2025-11-17T09:39:42.323Z] [DEBUG] Clicked on element Email Details Tab
[2025-11-17T09:39:42.328Z] [INFO] Clicking on element Email Details Tab
[2025-11-17T09:39:43.023Z] [DEBUG] Clicked on element Email Details Tab
[2025-11-17T09:39:43.806Z] [INFO] Clicking on element Close NBIL Sub Tab
[2025-11-17T09:39:44.267Z] [DEBUG] Clicked on element Close NBIL Sub Tab
[2025-11-17T09:39:44.893Z] [INFO] Clicking on element activity Tab
[2025-11-17T09:39:45.392Z] [DEBUG] Clicked on element activity Tab
[2025-11-17T09:39:45.578Z] [INFO] Scrolling attempt 1
[2025-11-17T09:39:46.329Z] [INFO] Scrolling attempt 2
[2025-11-17T09:39:47.064Z] [INFO] Scrolling attempt 3
[2025-11-17T09:39:47.920Z] [INFO] Element became visible during scroll.
[2025-11-17T09:39:50.218Z] [INFO] Clicking on element View All Files Button
[2025-11-17T09:39:50.953Z] [DEBUG] Clicked on element View All Files Button
[2025-11-17T09:39:54.472Z] [INFO] Clicking on element Close Files Sub Tab
[2025-11-17T09:39:54.891Z] [DEBUG] Clicked on element Close Files Sub Tab
[2025-11-17T09:39:55.533Z] [INFO] Clicking on element NBIL New Button
[2025-11-17T09:39:56.108Z] [DEBUG] Clicked on element NBIL New Button
[2025-11-17T09:39:58.645Z] [INFO] Clicking on element all Carriers Value 
[2025-11-17T09:39:59.253Z] [DEBUG] Clicked on element all Carriers Value 
[2025-11-17T09:39:59.632Z] [INFO] Clicking on element nbilNextButton
[2025-11-17T09:40:00.192Z] [DEBUG] Clicked on element nbilNextButton
[2025-11-17T09:40:00.201Z] [INFO] Sending text 'nuguri.charitha@us.lockton.com.cbqa' to email Id
[2025-11-17T09:40:02.917Z] [DEBUG] Sent text 'nuguri.charitha@us.lockton.com.cbqa' to email Id
[2025-11-17T09:40:08.548Z] [INFO] Clicking on element Done Button
[2025-11-17T09:40:09.091Z] [DEBUG] Clicked on element Done Button
[2025-11-17T09:40:15.412Z] [INFO] Clicking on element Done Button
[2025-11-17T09:40:16.598Z] [DEBUG] Clicked on element Done Button
[2025-11-17T09:40:17.521Z] [INFO] Clicking on element Close NDA/NBIL Flow Button
[2025-11-17T09:40:18.277Z] [DEBUG] Clicked on element Close NDA/NBIL Flow Button
[2025-11-17T09:40:21.846Z] [INFO] Element became visible during scroll.
[2025-11-17T09:40:24.233Z] [INFO] Clicking on element View All Files Button
[2025-11-17T09:40:25.477Z] [DEBUG] Clicked on element View All Files Button
[2025-11-17T09:40:29.035Z] [INFO] Clicking on element Close Files Sub Tab
[2025-11-17T09:40:29.557Z] [DEBUG] Clicked on element Close Files Sub Tab
[2025-11-17T09:40:30.240Z] [INFO] Clicking on element NBIL New Button
[2025-11-17T09:40:31.048Z] [DEBUG] Clicked on element NBIL New Button
[2025-11-17T09:40:33.444Z] [INFO] Clicking on element all Carriers Value 
[2025-11-17T09:40:34.083Z] [DEBUG] Clicked on element all Carriers Value 
[2025-11-17T09:40:34.492Z] [INFO] Clicking on element nbilNextButton
[2025-11-17T09:40:35.351Z] [DEBUG] Clicked on element nbilNextButton
[2025-11-17T09:40:35.360Z] [INFO] Sending text 'nuguri.charitha@us.lockton.com' to email Id
[2025-11-17T09:40:37.637Z] [DEBUG] Sent text 'nuguri.charitha@us.lockton.com' to email Id
[2025-11-17T09:40:37.848Z] [INFO] Subject field is validated successfully with opportunity name.
[2025-11-17T09:40:43.514Z] [INFO] Clicking on element Done Button
[2025-11-17T09:40:44.250Z] [DEBUG] Clicked on element Done Button
[2025-11-17T09:40:50.398Z] [INFO] Clicking on element Done Button
[2025-11-17T09:40:51.076Z] [DEBUG] Clicked on element Done Button
[2025-11-17T09:40:57.311Z] [INFO] Clicking on element Done Button
[2025-11-17T09:40:58.328Z] [DEBUG] Clicked on element Done Button
[2025-11-17T09:40:59.081Z] [INFO] Clicking on element Previous Button
[2025-11-17T09:40:59.891Z] [DEBUG] Clicked on element Previous Button
[2025-11-17T09:41:01.975Z] [INFO] Clicking on element Next Button
[2025-11-17T09:41:02.479Z] [DEBUG] Clicked on element Next Button
[2025-11-17T09:41:05.995Z] [INFO] Sending text 'nuguri.charitha@us.lockton.com' to email Id
[2025-11-17T09:41:06.639Z] [DEBUG] Sent text 'nuguri.charitha@us.lockton.com' to email Id
[2025-11-17T09:41:12.408Z] [INFO] Clicking on element Done Button
[2025-11-17T09:41:12.986Z] [DEBUG] Clicked on element Done Button
[2025-11-17T09:41:19.269Z] [INFO] Clicking on element Done Button
[2025-11-17T09:41:19.886Z] [DEBUG] Clicked on element Done Button
[2025-11-17T09:41:26.274Z] [INFO] Clicking on element Done Button
[2025-11-17T09:41:27.017Z] [DEBUG] Clicked on element Done Button
[2025-11-17T09:41:33.581Z] [INFO] Clicking on element Done Button
[2025-11-17T09:41:34.249Z] [DEBUG] Clicked on element Done Button
[2025-11-17T09:41:36.777Z] [INFO] Clicking on element Close Duplicate Error Button
[2025-11-17T09:41:37.728Z] [DEBUG] Clicked on element Close Duplicate Error Button
[2025-11-17T09:41:37.963Z] [INFO] Clicking on element Delete file button
[2025-11-17T09:41:38.591Z] [DEBUG] Clicked on element Delete file button
[2025-11-17T09:41:38.722Z] [INFO] Clicking on element preview Text
[2025-11-17T09:41:39.406Z] [DEBUG] Clicked on element preview Text
[2025-11-17T09:41:43.857Z] [INFO] Sending text 'nuguri.charitha@us.lockton.com.cbqa' to cc Field Locator
[2025-11-17T09:41:44.412Z] [DEBUG] Sent text 'nuguri.charitha@us.lockton.com.cbqa' to cc Field Locator
[2025-11-17T09:41:44.430Z] [INFO] Clicking on element send Button
[2025-11-17T09:41:45.131Z] [DEBUG] Clicked on element send Button
[2025-11-17T09:41:49.229Z] [INFO] Clicking on element successWindow Close Button
[2025-11-17T09:41:49.770Z] [DEBUG] Clicked on element successWindow Close Button
[2025-11-17T09:41:54.068Z] [INFO] Clicking on element activity Tab
[2025-11-17T09:42:03.134Z] [DEBUG] Clicked on element activity Tab
[2025-11-17T09:42:03.856Z] [INFO] Clicking on element Email Request Sent Link
[2025-11-17T09:42:07.102Z] [DEBUG] Clicked on element Email Request Sent Link
[2025-11-17T09:42:07.107Z] [INFO] Clicking on element Email Details Tab
[2025-11-17T09:42:10.856Z] [DEBUG] Clicked on element Email Details Tab
[2025-11-17T09:42:10.863Z] [INFO] Clicking on element Email Details Tab
[2025-11-17T09:42:11.761Z] [DEBUG] Clicked on element Email Details Tab
[2025-11-17T09:42:12.390Z] [INFO] Clicking on element Close NBIL Sub Tab
[2025-11-17T09:42:13.025Z] [DEBUG] Clicked on element Close NBIL Sub Tab
[2025-11-17T09:42:13.780Z] [INFO] Clicking on element activity Tab
[2025-11-17T09:42:14.384Z] [DEBUG] Clicked on element activity Tab
[2025-11-17T09:42:14.578Z] [INFO] Scrolling attempt 1
[2025-11-17T09:42:15.338Z] [INFO] Scrolling attempt 2
[2025-11-17T09:42:16.682Z] [INFO] Element became visible during scroll.
[2025-11-17T09:42:19.409Z] [INFO] Clicking on element View All Files Button
[2025-11-17T09:42:20.455Z] [DEBUG] Clicked on element View All Files Button
[2025-11-17T09:42:23.928Z] [INFO] Clicking on element Close Files Sub Tab
[2025-11-17T09:42:24.390Z] [DEBUG] Clicked on element Close Files Sub Tab
[2025-11-17T09:42:25.153Z] [INFO] Clicking on element NBIL New Button
[2025-11-17T09:42:26.133Z] [DEBUG] Clicked on element NBIL New Button
[2025-11-17T09:42:28.425Z] [INFO] Clicking on element all Carriers Value 
[2025-11-17T09:42:29.166Z] [DEBUG] Clicked on element all Carriers Value 
[2025-11-17T09:42:29.573Z] [INFO] Clicking on element nbilNextButton
[2025-11-17T09:42:30.301Z] [DEBUG] Clicked on element nbilNextButton
[2025-11-17T09:42:30.308Z] [INFO] Sending text 'nuguri.charitha@us.lockton.com.cbqa' to email Id
[2025-11-17T09:42:32.694Z] [DEBUG] Sent text 'nuguri.charitha@us.lockton.com.cbqa' to email Id
[2025-11-17T09:42:38.215Z] [INFO] Clicking on element Done Button
[2025-11-17T09:42:38.869Z] [DEBUG] Clicked on element Done Button
[2025-11-17T09:42:45.214Z] [INFO] Clicking on element Done Button
[2025-11-17T09:42:45.841Z] [DEBUG] Clicked on element Done Button
[2025-11-17T09:42:46.821Z] [INFO] Clicking on element Close NDA/NBIL Flow Button
[2025-11-17T09:42:47.555Z] [DEBUG] Clicked on element Close NDA/NBIL Flow Button
[2025-11-17T09:42:50.896Z] [INFO] Element became visible during scroll.
[2025-11-17T09:42:53.382Z] [INFO] Clicking on element View All Files Button
[2025-11-17T09:42:54.539Z] [DEBUG] Clicked on element View All Files Button
[2025-11-17T09:42:57.961Z] [INFO] Clicking on element Close Files Sub Tab
[2025-11-17T09:42:58.393Z] [DEBUG] Clicked on element Close Files Sub Tab
[2025-11-17T09:42:59.080Z] [INFO] Clicking on element NBIL New Button
[2025-11-17T09:42:59.763Z] [DEBUG] Clicked on element NBIL New Button
[2025-11-17T09:43:02.084Z] [INFO] Clicking on element all Carriers Value 
[2025-11-17T09:43:02.715Z] [DEBUG] Clicked on element all Carriers Value 
[2025-11-17T09:43:03.042Z] [INFO] Clicking on element nbilNextButton
[2025-11-17T09:43:03.676Z] [DEBUG] Clicked on element nbilNextButton
[2025-11-17T09:43:03.681Z] [INFO] Sending text 'nuguri.charitha@us.lockton.com' to email Id
[2025-11-17T09:43:05.792Z] [DEBUG] Sent text 'nuguri.charitha@us.lockton.com' to email Id
[2025-11-17T09:43:05.925Z] [INFO] Subject field is validated successfully with opportunity name.
[2025-11-17T09:43:11.762Z] [INFO] Clicking on element Done Button
[2025-11-17T09:43:12.314Z] [DEBUG] Clicked on element Done Button
[2025-11-17T09:43:18.169Z] [INFO] Clicking on element Done Button
[2025-11-17T09:43:18.414Z] [ERROR] Failed to click on element Done Button: Error: Element is not enabled and cannot be clicked
[2025-11-17T09:43:58.371Z] [INFO] Sending text 'nuguri.charitha@us.lockton.com.cbqa' to username Input Value
[2025-11-17T09:43:58.773Z] [DEBUG] Sent text 'nuguri.charitha@us.lockton.com.cbqa' to username Input Value
[2025-11-17T09:43:58.777Z] [INFO] Sending text 'Charitha@89' to password Input Value
[2025-11-17T09:43:59.012Z] [DEBUG] Sent text 'Charitha@89' to password Input Value
[2025-11-17T09:43:59.017Z] [INFO] Clicking on element login Button
[2025-11-17T09:44:01.914Z] [DEBUG] Clicked on element login Button
[2025-11-17T09:44:07.914Z] [INFO] Clicking on element setUp Icon
[2025-11-17T09:44:08.918Z] [DEBUG] Clicked on element setUp Icon
[2025-11-17T09:44:19.554Z] [INFO] Clicking on element user Search Result
[2025-11-17T09:44:20.693Z] [DEBUG] Clicked on element user Search Result
[2025-11-17T09:44:43.034Z] [INFO] Clicking on element show Navigation Menu
[2025-11-17T09:44:43.729Z] [DEBUG] Clicked on element show Navigation Menu
[2025-11-17T09:44:43.875Z] [INFO] Clicking on element accounts Menu Item
[2025-11-17T09:44:44.501Z] [DEBUG] Clicked on element accounts Menu Item
[2025-11-17T09:44:46.503Z] [INFO] Clicking on element list View Element
[2025-11-17T09:44:47.352Z] [DEBUG] Clicked on element list View Element
[2025-11-17T09:44:47.456Z] [INFO] Sending text 'All Clients' to searchBox ListViewInput
[2025-11-17T09:44:47.850Z] [DEBUG] Sent text 'All Clients' to searchBox ListViewInput
[2025-11-17T09:44:47.951Z] [INFO] Clicking on element all Clients In List View
[2025-11-17T09:44:49.115Z] [DEBUG] Clicked on element all Clients In List View
[2025-11-17T09:44:49.255Z] [INFO] Clicking on element global Search Button
[2025-11-17T09:44:52.346Z] [DEBUG] Clicked on element global Search Button
[2025-11-17T09:44:52.414Z] [INFO] Sending text '1000 Miglia SRL' to global Search Input
[2025-11-17T09:44:52.946Z] [DEBUG] Sent text '1000 Miglia SRL' to global Search Input
[2025-11-17T09:44:53.868Z] [INFO] Clicking on element global Search Result
[2025-11-17T09:44:54.784Z] [DEBUG] Clicked on element global Search Result
[2025-11-17T09:44:54.789Z] [INFO] AccountPage: Validating account record type: Client
[2025-11-17T09:45:00.400Z] [INFO] AccountPage: Account record type 'Client' is visible.
[2025-11-17T09:45:00.405Z] [INFO] Clicking on element new Opportunity Button
[2025-11-17T09:45:06.622Z] [DEBUG] Clicked on element new Opportunity Button
[2025-11-17T09:45:06.625Z] [INFO] Clicking on element intial Intake Button
[2025-11-17T09:45:08.267Z] [DEBUG] Clicked on element intial Intake Button
[2025-11-17T09:45:08.269Z] [INFO] Clicking on element opportunity Next Button
[2025-11-17T09:45:09.276Z] [DEBUG] Clicked on element opportunity Next Button
[2025-11-17T09:45:11.231Z] [INFO] Sending text 'auto myfsx' to opportunity Name
[2025-11-17T09:45:12.182Z] [DEBUG] Sent text 'auto myfsx' to opportunity Name
[2025-11-17T09:45:12.289Z] [INFO] Clicking on element stage DropDown
[2025-11-17T09:45:13.164Z] [DEBUG] Clicked on element stage DropDown
[2025-11-17T09:45:13.341Z] [INFO] Clicking on element stage Value
[2025-11-17T09:45:14.086Z] [DEBUG] Clicked on element stage Value
[2025-11-17T09:45:15.131Z] [INFO] Clicking on element insurance Sub Type Drop Down
[2025-11-17T09:45:15.687Z] [DEBUG] Clicked on element insurance Sub Type Drop Down
[2025-11-17T09:45:15.692Z] [INFO] Clicking on element insurance Type field
[2025-11-17T09:45:16.747Z] [DEBUG] Clicked on element insurance Type field
[2025-11-17T09:45:18.992Z] [INFO] Clicking on element save Button
[2025-11-17T09:45:19.727Z] [DEBUG] Clicked on element save Button
[2025-11-17T09:45:24.139Z] [INFO] Clicking on element show More Actions DropDown
[2025-11-17T09:45:25.337Z] [DEBUG] Clicked on element show More Actions DropDown
[2025-11-17T09:45:25.338Z] [INFO] Clicking on element manage Opportunity Assignment Option
[2025-11-17T09:45:26.563Z] [DEBUG] Clicked on element manage Opportunity Assignment Option
[2025-11-17T09:45:30.698Z] [INFO] Sending text '100' to Primary Producer Allocation TextBox
[2025-11-17T09:45:31.707Z] [DEBUG] Sent text '100' to Primary Producer Allocation TextBox
[2025-11-17T09:45:31.710Z] [INFO] Clicking on element SaveAndClose Button
[2025-11-17T09:45:32.305Z] [DEBUG] Clicked on element SaveAndClose Button
[2025-11-17T09:45:32.312Z] [INFO] Clicking on element edit Button
[2025-11-17T09:45:35.453Z] [DEBUG] Clicked on element edit Button
[2025-11-17T09:45:39.740Z] [INFO] Sending text '11/17/2026' to quote DueDate Field
[2025-11-17T09:45:41.194Z] [DEBUG] Sent text '11/17/2026' to quote DueDate Field
[2025-11-17T09:45:41.196Z] [INFO] Sending text '100000' to enterpriseValueField
[2025-11-17T09:45:42.035Z] [DEBUG] Sent text '100000' to enterpriseValueField
[2025-11-17T09:45:42.037Z] [INFO] Sending text 'ImageFIRST Healthcare Laundry Specialists, LLC' to target Field
[2025-11-17T09:45:42.708Z] [DEBUG] Sent text 'ImageFIRST Healthcare Laundry Specialists, LLC' to target Field
[2025-11-17T09:45:42.713Z] [INFO] Sending text 'The traget provides outpatient and specialty healthcare laundry services in the U.S.' to target Description Field
[2025-11-17T09:45:43.459Z] [DEBUG] Sent text 'The traget provides outpatient and specialty healthcare laundry services in the U.S.' to target Description Field
[2025-11-17T09:45:43.464Z] [INFO] Clicking on element quote DueTime DropDown
[2025-11-17T09:45:44.475Z] [DEBUG] Clicked on element quote DueTime DropDown
[2025-11-17T09:45:44.639Z] [INFO] Clicking on element quote DueTime Value
[2025-11-17T09:45:45.583Z] [DEBUG] Clicked on element quote DueTime Value
[2025-11-17T09:45:45.589Z] [INFO] Clicking on element sellers Idemnity
[2025-11-17T09:45:46.446Z] [DEBUG] Clicked on element sellers Idemnity
[2025-11-17T09:45:46.449Z] [INFO] Clicking on element sellers Idemnity Value
[2025-11-17T09:45:47.422Z] [DEBUG] Clicked on element sellers Idemnity Value
[2025-11-17T09:45:47.426Z] [INFO] Clicking on element buyers Council DropDown
[2025-11-17T09:45:48.794Z] [DEBUG] Clicked on element buyers Council DropDown
[2025-11-17T09:45:48.797Z] [INFO] Clicking on element buyers Council DropDown Value
[2025-11-17T09:45:49.900Z] [DEBUG] Clicked on element buyers Council DropDown Value
[2025-11-17T09:45:49.906Z] [INFO] Sending text '102' to limit Requested
[2025-11-17T09:45:51.311Z] [DEBUG] Sent text '102' to limit Requested
[2025-11-17T09:45:51.313Z] [INFO] Clicking on element save Button
[2025-11-17T09:45:52.648Z] [DEBUG] Clicked on element save Button
[2025-11-17T09:45:52.651Z] [INFO] Clicking on element edit Button
[2025-11-17T09:45:56.426Z] [DEBUG] Clicked on element edit Button
[2025-11-17T09:45:59.150Z] [INFO] Sending text '50' to rollover Percentage
[2025-11-17T09:46:02.928Z] [DEBUG] Sent text '50' to rollover Percentage
[2025-11-17T09:46:02.930Z] [INFO] Sending text 'Test Purchase Agreement' to purchase Agreement
[2025-11-17T09:46:04.400Z] [DEBUG] Sent text 'Test Purchase Agreement' to purchase Agreement
[2025-11-17T09:46:04.403Z] [INFO] Clicking on element sellers Council DropDown
[2025-11-17T09:46:05.856Z] [DEBUG] Clicked on element sellers Council DropDown
[2025-11-17T09:46:05.859Z] [INFO] Clicking on element sellers Council Value
[2025-11-17T09:46:07.539Z] [DEBUG] Clicked on element sellers Council Value
[2025-11-17T09:46:07.543Z] [INFO] Sending text '1000' to limit Requested2
[2025-11-17T09:46:09.002Z] [DEBUG] Sent text '1000' to limit Requested2
[2025-11-17T09:46:09.004Z] [INFO] Clicking on element limit Comments
[2025-11-17T09:46:10.977Z] [DEBUG] Clicked on element limit Comments
[2025-11-17T09:46:10.979Z] [INFO] Sending text 'Test limit Comments' to limit Comments
[2025-11-17T09:46:12.773Z] [DEBUG] Sent text 'Test limit Comments' to limit Comments
[2025-11-17T09:46:12.777Z] [INFO] Clicking on element other Requested Terms
[2025-11-17T09:46:15.178Z] [DEBUG] Clicked on element other Requested Terms
[2025-11-17T09:46:15.183Z] [INFO] Sending text 'Test other requested terms' to other Requested Terms
[2025-11-17T09:46:16.331Z] [DEBUG] Sent text 'Test other requested terms' to other Requested Terms
[2025-11-17T09:46:16.334Z] [INFO] Clicking on element draft Purchase Agreement CheckBox
[2025-11-17T09:46:17.723Z] [DEBUG] Clicked on element draft Purchase Agreement CheckBox
[2025-11-17T09:46:17.724Z] [INFO] Clicking on element type Of Financials DropDown
[2025-11-17T09:46:19.841Z] [DEBUG] Clicked on element type Of Financials DropDown
[2025-11-17T09:46:19.843Z] [INFO] Clicking on element type Of Financials Value
[2025-11-17T09:46:20.632Z] [DEBUG] Clicked on element type Of Financials Value
[2025-11-17T09:46:20.634Z] [INFO] Clicking on element deal Book CheckBox
[2025-11-17T09:46:21.483Z] [DEBUG] Clicked on element deal Book CheckBox
[2025-11-17T09:46:21.486Z] [INFO] Clicking on element legal DropDown
[2025-11-17T09:46:23.035Z] [DEBUG] Clicked on element legal DropDown
[2025-11-17T09:46:23.038Z] [INFO] Clicking on element legal Value
[2025-11-17T09:46:23.972Z] [DEBUG] Clicked on element legal Value
[2025-11-17T09:46:23.974Z] [INFO] Clicking on element financial DropDown
[2025-11-17T09:46:25.114Z] [DEBUG] Clicked on element financial DropDown
[2025-11-17T09:46:25.340Z] [INFO] Clicking on element financial Value
[2025-11-17T09:46:26.429Z] [DEBUG] Clicked on element financial Value
[2025-11-17T09:46:26.431Z] [INFO] Clicking on element tax DropDown
[2025-11-17T09:46:27.556Z] [DEBUG] Clicked on element tax DropDown
[2025-11-17T09:46:27.558Z] [INFO] Clicking on element tax Value
[2025-11-17T09:46:28.734Z] [DEBUG] Clicked on element tax Value
[2025-11-17T09:46:28.735Z] [INFO] Clicking on element save Button
[2025-11-17T09:46:29.770Z] [DEBUG] Clicked on element save Button
[2025-11-17T09:46:29.999Z] [INFO] Clicking on element global Search Button
[2025-11-17T09:46:33.720Z] [DEBUG] Clicked on element global Search Button
[2025-11-17T09:46:33.859Z] [INFO] Sending text 'Chubb' to global Search Input
[2025-11-17T09:46:34.397Z] [DEBUG] Sent text 'Chubb' to global Search Input
[2025-11-17T09:46:35.428Z] [INFO] Clicking on element global Search Result
[2025-11-17T09:46:35.954Z] [DEBUG] Clicked on element global Search Result
[2025-11-17T09:46:42.309Z] [INFO] Clicking on element taxCarriers Header
[2025-11-17T09:46:42.968Z] [DEBUG] Clicked on element taxCarriers Header
[2025-11-17T09:46:43.674Z] [INFO] Clicking on element Close Last Account Tab
[2025-11-17T09:46:44.212Z] [DEBUG] Clicked on element Close Last Account Tab
[2025-11-17T09:46:44.213Z] [INFO] Clicking on element opportunity Tab
[2025-11-17T09:46:45.303Z] [DEBUG] Clicked on element opportunity Tab
[2025-11-17T09:46:45.777Z] [INFO] Clicking on element NBIL New Button
[2025-11-17T09:46:46.668Z] [DEBUG] Clicked on element NBIL New Button
[2025-11-17T09:46:49.119Z] [INFO] Clicking on element all Carriers Value 
[2025-11-17T09:46:49.651Z] [DEBUG] Clicked on element all Carriers Value 
[2025-11-17T09:46:50.206Z] [INFO] Clicking on element nbilNextButton
[2025-11-17T09:46:50.695Z] [DEBUG] Clicked on element nbilNextButton
[2025-11-17T09:46:50.698Z] [INFO] Sending text 'nuguri.charitha@us.lockton.com' to email Id
[2025-11-17T09:46:52.940Z] [DEBUG] Sent text 'nuguri.charitha@us.lockton.com' to email Id
[2025-11-17T09:46:53.279Z] [INFO] Subject field is validated successfully with opportunity name.
[2025-11-17T09:46:58.828Z] [INFO] Clicking on element Done Button
[2025-11-17T09:46:59.332Z] [DEBUG] Clicked on element Done Button
[2025-11-17T09:47:05.508Z] [INFO] Clicking on element Done Button
[2025-11-17T09:47:06.068Z] [DEBUG] Clicked on element Done Button
[2025-11-17T09:47:12.106Z] [INFO] Clicking on element Done Button
[2025-11-17T09:47:12.669Z] [DEBUG] Clicked on element Done Button
[2025-11-17T09:47:13.509Z] [INFO] Clicking on element Previous Button
[2025-11-17T09:47:14.046Z] [DEBUG] Clicked on element Previous Button
[2025-11-17T09:47:16.116Z] [INFO] Clicking on element Next Button
[2025-11-17T09:47:16.614Z] [DEBUG] Clicked on element Next Button
[2025-11-17T09:47:20.345Z] [INFO] Sending text 'nuguri.charitha@us.lockton.com' to email Id
[2025-11-17T09:47:21.157Z] [DEBUG] Sent text 'nuguri.charitha@us.lockton.com' to email Id
[2025-11-17T09:47:26.640Z] [INFO] Clicking on element Done Button
[2025-11-17T09:47:27.786Z] [DEBUG] Clicked on element Done Button
[2025-11-17T09:47:34.284Z] [INFO] Clicking on element Done Button
[2025-11-17T09:47:35.110Z] [DEBUG] Clicked on element Done Button
[2025-11-17T09:47:41.227Z] [INFO] Clicking on element Done Button
[2025-11-17T09:47:41.767Z] [DEBUG] Clicked on element Done Button
[2025-11-17T09:47:48.235Z] [INFO] Clicking on element Done Button
[2025-11-17T09:47:48.939Z] [DEBUG] Clicked on element Done Button
[2025-11-17T09:47:51.341Z] [INFO] Clicking on element Close Duplicate Error Button
[2025-11-17T09:47:51.953Z] [DEBUG] Clicked on element Close Duplicate Error Button
[2025-11-17T09:47:52.196Z] [INFO] Clicking on element Delete file button
[2025-11-17T09:47:52.673Z] [DEBUG] Clicked on element Delete file button
[2025-11-17T09:47:52.831Z] [INFO] Clicking on element preview Text
[2025-11-17T09:47:53.306Z] [DEBUG] Clicked on element preview Text
[2025-11-17T09:47:56.645Z] [INFO] Sending text 'nuguri.charitha@us.lockton.com.cbqa' to cc Field Locator
[2025-11-17T09:47:57.121Z] [DEBUG] Sent text 'nuguri.charitha@us.lockton.com.cbqa' to cc Field Locator
[2025-11-17T09:47:57.127Z] [INFO] Clicking on element send Button
[2025-11-17T09:47:57.654Z] [DEBUG] Clicked on element send Button
[2025-11-17T09:48:02.641Z] [INFO] Clicking on element successWindow Close Button
[2025-11-17T09:48:03.164Z] [DEBUG] Clicked on element successWindow Close Button
[2025-11-17T09:48:05.863Z] [INFO] Clicking on element activity Tab
[2025-11-17T09:48:13.435Z] [DEBUG] Clicked on element activity Tab
[2025-11-17T09:48:13.866Z] [INFO] Clicking on element Email Request Sent Link
[2025-11-17T09:48:14.353Z] [DEBUG] Clicked on element Email Request Sent Link
[2025-11-17T09:48:14.358Z] [INFO] Clicking on element Email Details Tab
[2025-11-17T09:48:16.441Z] [DEBUG] Clicked on element Email Details Tab
[2025-11-17T09:48:16.443Z] [INFO] Clicking on element Email Details Tab
[2025-11-17T09:48:16.759Z] [DEBUG] Clicked on element Email Details Tab
[2025-11-17T09:48:17.529Z] [INFO] Clicking on element Close NBIL Sub Tab
[2025-11-17T09:48:17.750Z] [DEBUG] Clicked on element Close NBIL Sub Tab
[2025-11-17T09:48:18.034Z] [INFO] Clicking on element activity Tab
[2025-11-17T09:48:18.660Z] [DEBUG] Clicked on element activity Tab
[2025-11-17T09:48:18.923Z] [INFO] Scrolling attempt 1
[2025-11-17T09:48:19.740Z] [INFO] Scrolling attempt 2
[2025-11-17T09:48:20.347Z] [INFO] Scrolling attempt 3
[2025-11-17T09:48:20.905Z] [INFO] Element became visible during scroll.
[2025-11-17T09:48:23.113Z] [INFO] Clicking on element View All Files Button
[2025-11-17T09:48:23.648Z] [DEBUG] Clicked on element View All Files Button
[2025-11-17T09:48:26.893Z] [INFO] Clicking on element Close Files Sub Tab
[2025-11-17T09:48:27.270Z] [DEBUG] Clicked on element Close Files Sub Tab
[2025-11-17T09:48:27.658Z] [INFO] Clicking on element NBIL New Button
[2025-11-17T09:48:28.339Z] [DEBUG] Clicked on element NBIL New Button
[2025-11-17T09:48:30.632Z] [INFO] Clicking on element all Carriers Value 
[2025-11-17T09:48:30.876Z] [DEBUG] Clicked on element all Carriers Value 
[2025-11-17T09:48:31.162Z] [INFO] Clicking on element nbilNextButton
[2025-11-17T09:48:31.426Z] [DEBUG] Clicked on element nbilNextButton
[2025-11-17T09:48:31.430Z] [INFO] Sending text 'nuguri.charitha@us.lockton.com.cbqa' to email Id
[2025-11-17T09:48:33.478Z] [DEBUG] Sent text 'nuguri.charitha@us.lockton.com.cbqa' to email Id
[2025-11-17T09:48:38.640Z] [INFO] Clicking on element Done Button
[2025-11-17T09:48:38.848Z] [DEBUG] Clicked on element Done Button
[2025-11-17T09:48:44.666Z] [INFO] Clicking on element Done Button
[2025-11-17T09:48:44.958Z] [DEBUG] Clicked on element Done Button
[2025-11-17T09:48:45.826Z] [INFO] Clicking on element Close NDA/NBIL Flow Button
[2025-11-17T09:48:46.151Z] [DEBUG] Clicked on element Close NDA/NBIL Flow Button
[2025-11-17T09:48:49.407Z] [INFO] Element became visible during scroll.
[2025-11-17T09:48:51.691Z] [INFO] Clicking on element View All Files Button
[2025-11-17T09:48:52.452Z] [DEBUG] Clicked on element View All Files Button
[2025-11-17T09:48:55.655Z] [INFO] Clicking on element Close Files Sub Tab
[2025-11-17T09:48:55.861Z] [DEBUG] Clicked on element Close Files Sub Tab
[2025-11-17T09:48:55.976Z] [INFO] Clicking on element Opportunity Tab
[2025-11-17T09:48:56.622Z] [DEBUG] Clicked on element Opportunity Tab
[2025-11-17T09:48:56.624Z] [INFO] Clicking on element NBIL New Button
[2025-11-17T09:48:57.050Z] [DEBUG] Clicked on element NBIL New Button
[2025-11-17T09:48:59.372Z] [INFO] Clicking on element all Carriers Value 
[2025-11-17T09:48:59.868Z] [DEBUG] Clicked on element all Carriers Value 
[2025-11-17T09:49:00.128Z] [INFO] Clicking on element nbilNextButton
[2025-11-17T09:49:00.430Z] [DEBUG] Clicked on element nbilNextButton
[2025-11-17T09:49:00.435Z] [INFO] Sending text 'nuguri.charitha@us.lockton.com' to email Id
[2025-11-17T09:49:01.992Z] [DEBUG] Sent text 'nuguri.charitha@us.lockton.com' to email Id
[2025-11-17T09:49:02.165Z] [INFO] Subject field is validated successfully with opportunity name.
[2025-11-17T09:49:07.706Z] [INFO] Clicking on element Done Button
[2025-11-17T09:49:08.362Z] [DEBUG] Clicked on element Done Button
[2025-11-17T09:49:14.169Z] [INFO] Clicking on element Done Button
[2025-11-17T09:49:14.774Z] [DEBUG] Clicked on element Done Button
[2025-11-17T09:49:20.667Z] [INFO] Clicking on element Done Button
[2025-11-17T09:49:21.225Z] [DEBUG] Clicked on element Done Button
[2025-11-17T09:49:21.859Z] [INFO] Clicking on element Previous Button
[2025-11-17T09:49:22.200Z] [DEBUG] Clicked on element Previous Button
[2025-11-17T09:49:24.245Z] [INFO] Clicking on element Next Button
[2025-11-17T09:49:24.580Z] [DEBUG] Clicked on element Next Button
[2025-11-17T09:49:27.949Z] [INFO] Sending text 'nuguri.charitha@us.lockton.com' to email Id
[2025-11-17T09:49:28.451Z] [DEBUG] Sent text 'nuguri.charitha@us.lockton.com' to email Id
[2025-11-17T09:49:33.808Z] [INFO] Clicking on element Done Button
[2025-11-17T09:49:34.263Z] [DEBUG] Clicked on element Done Button
[2025-11-17T09:49:40.004Z] [INFO] Clicking on element Done Button
[2025-11-17T09:49:40.500Z] [DEBUG] Clicked on element Done Button
[2025-11-17T09:49:46.372Z] [INFO] Clicking on element Done Button
[2025-11-17T09:49:46.635Z] [DEBUG] Clicked on element Done Button
[2025-11-17T09:49:52.689Z] [INFO] Clicking on element Done Button
[2025-11-17T09:49:52.991Z] [DEBUG] Clicked on element Done Button
[2025-11-17T09:49:55.279Z] [INFO] Clicking on element Close Duplicate Error Button
[2025-11-17T09:49:55.666Z] [DEBUG] Clicked on element Close Duplicate Error Button
[2025-11-17T09:49:55.874Z] [INFO] Clicking on element Delete file button
[2025-11-17T09:49:56.207Z] [DEBUG] Clicked on element Delete file button
[2025-11-17T09:49:56.283Z] [INFO] Clicking on element preview Text
[2025-11-17T09:49:56.759Z] [DEBUG] Clicked on element preview Text
[2025-11-17T09:49:58.803Z] [INFO] Sending text 'nuguri.charitha@us.lockton.com.cbqa' to cc Field Locator
[2025-11-17T09:49:59.094Z] [DEBUG] Sent text 'nuguri.charitha@us.lockton.com.cbqa' to cc Field Locator
[2025-11-17T09:49:59.100Z] [INFO] Clicking on element send Button
[2025-11-17T09:49:59.626Z] [DEBUG] Clicked on element send Button
[2025-11-17T09:50:04.639Z] [INFO] Clicking on element successWindow Close Button
[2025-11-17T09:50:05.132Z] [DEBUG] Clicked on element successWindow Close Button
[2025-11-17T09:50:08.810Z] [INFO] Clicking on element activity Tab
[2025-11-17T09:50:14.179Z] [DEBUG] Clicked on element activity Tab
[2025-11-17T09:50:14.810Z] [INFO] Clicking on element Email Request Sent Link
[2025-11-17T09:50:16.847Z] [DEBUG] Clicked on element Email Request Sent Link
[2025-11-17T09:50:16.853Z] [INFO] Clicking on element Email Details Tab
[2025-11-17T09:50:19.669Z] [DEBUG] Clicked on element Email Details Tab
[2025-11-17T09:50:19.675Z] [INFO] Clicking on element Email Details Tab
[2025-11-17T09:50:20.850Z] [DEBUG] Clicked on element Email Details Tab
[2025-11-17T09:50:21.120Z] [INFO] Clicking on element Close NBIL Sub Tab
[2025-11-17T09:50:21.474Z] [DEBUG] Clicked on element Close NBIL Sub Tab
[2025-11-17T09:50:22.004Z] [INFO] Clicking on element activity Tab
[2025-11-17T09:50:22.640Z] [DEBUG] Clicked on element activity Tab
[2025-11-17T09:50:22.919Z] [INFO] Scrolling attempt 1
[2025-11-17T09:50:23.715Z] [INFO] Scrolling attempt 2
[2025-11-17T09:50:24.473Z] [INFO] Element became visible during scroll.
[2025-11-17T09:50:26.663Z] [INFO] Clicking on element View All Files Button
[2025-11-17T09:50:27.223Z] [DEBUG] Clicked on element View All Files Button
[2025-11-17T09:50:30.468Z] [INFO] Clicking on element Close Files Sub Tab
[2025-11-17T09:50:30.748Z] [DEBUG] Clicked on element Close Files Sub Tab
[2025-11-17T09:50:30.832Z] [INFO] Clicking on element Opportunity Tab
[2025-11-17T09:50:31.408Z] [DEBUG] Clicked on element Opportunity Tab
[2025-11-17T09:50:31.410Z] [INFO] Clicking on element NBIL New Button
[2025-11-17T09:50:31.808Z] [DEBUG] Clicked on element NBIL New Button
[2025-11-17T09:50:34.272Z] [INFO] Clicking on element all Carriers Value 
[2025-11-17T09:50:34.571Z] [DEBUG] Clicked on element all Carriers Value 
[2025-11-17T09:50:34.695Z] [INFO] Clicking on element nbilNextButton
[2025-11-17T09:50:34.946Z] [DEBUG] Clicked on element nbilNextButton
[2025-11-17T09:50:34.949Z] [INFO] Sending text 'nuguri.charitha@us.lockton.com.cbqa' to email Id
[2025-11-17T09:50:36.586Z] [DEBUG] Sent text 'nuguri.charitha@us.lockton.com.cbqa' to email Id
[2025-11-17T09:50:41.840Z] [INFO] Clicking on element Done Button
[2025-11-17T09:50:42.310Z] [DEBUG] Clicked on element Done Button
[2025-11-17T09:50:48.165Z] [INFO] Clicking on element Done Button
[2025-11-17T09:50:48.459Z] [DEBUG] Clicked on element Done Button
[2025-11-17T09:50:49.127Z] [INFO] Clicking on element Close NDA/NBIL Flow Button
[2025-11-17T09:50:49.461Z] [DEBUG] Clicked on element Close NDA/NBIL Flow Button
[2025-11-17T09:50:52.714Z] [INFO] Element became visible during scroll.
[2025-11-17T09:50:54.835Z] [INFO] Clicking on element View All Files Button
[2025-11-17T09:50:55.527Z] [DEBUG] Clicked on element View All Files Button
[2025-11-17T09:50:58.832Z] [INFO] Clicking on element Close Files Sub Tab
[2025-11-17T09:50:59.264Z] [DEBUG] Clicked on element Close Files Sub Tab
[2025-11-17T09:50:59.646Z] [INFO] Clicking on element NBIL New Button
[2025-11-17T09:51:00.192Z] [DEBUG] Clicked on element NBIL New Button
[2025-11-17T09:51:02.553Z] [INFO] Clicking on element all Carriers Value 
[2025-11-17T09:51:02.772Z] [DEBUG] Clicked on element all Carriers Value 
[2025-11-17T09:51:03.008Z] [INFO] Clicking on element nbilNextButton
[2025-11-17T09:51:03.350Z] [DEBUG] Clicked on element nbilNextButton
[2025-11-17T09:51:03.355Z] [INFO] Sending text 'nuguri.charitha@us.lockton.com' to email Id
[2025-11-17T09:51:05.089Z] [DEBUG] Sent text 'nuguri.charitha@us.lockton.com' to email Id
[2025-11-17T09:51:05.270Z] [INFO] Subject field is validated successfully with opportunity name.
[2025-11-17T09:51:10.617Z] [INFO] Clicking on element Done Button
[2025-11-17T09:51:10.906Z] [DEBUG] Clicked on element Done Button
[2025-11-17T09:51:16.965Z] [INFO] Clicking on element Done Button
[2025-11-17T09:51:17.228Z] [DEBUG] Clicked on element Done Button
[2025-11-17T09:51:23.108Z] [INFO] Clicking on element Done Button
[2025-11-17T09:51:23.486Z] [DEBUG] Clicked on element Done Button
[2025-11-17T09:51:24.215Z] [INFO] Clicking on element Previous Button
[2025-11-17T09:51:24.732Z] [DEBUG] Clicked on element Previous Button
[2025-11-17T09:51:26.827Z] [INFO] Clicking on element Next Button
[2025-11-17T09:51:27.375Z] [DEBUG] Clicked on element Next Button
[2025-11-17T09:51:30.511Z] [INFO] Sending text 'nuguri.charitha@us.lockton.com' to email Id
[2025-11-17T09:51:30.961Z] [DEBUG] Sent text 'nuguri.charitha@us.lockton.com' to email Id
[2025-11-17T09:51:36.563Z] [INFO] Clicking on element Done Button
[2025-11-17T09:51:36.845Z] [DEBUG] Clicked on element Done Button
[2025-11-17T09:51:42.736Z] [INFO] Clicking on element Done Button
[2025-11-17T09:51:43.067Z] [DEBUG] Clicked on element Done Button
[2025-11-17T09:51:49.059Z] [INFO] Clicking on element Done Button
[2025-11-17T09:51:49.465Z] [DEBUG] Clicked on element Done Button
[2025-11-17T09:51:55.658Z] [INFO] Clicking on element Done Button
[2025-11-17T09:51:56.102Z] [DEBUG] Clicked on element Done Button
[2025-11-17T09:51:58.419Z] [INFO] Clicking on element Close Duplicate Error Button
[2025-11-17T09:51:58.846Z] [DEBUG] Clicked on element Close Duplicate Error Button
[2025-11-17T09:51:59.053Z] [INFO] Clicking on element Delete file button
[2025-11-17T09:51:59.563Z] [DEBUG] Clicked on element Delete file button
[2025-11-17T09:51:59.644Z] [INFO] Clicking on element preview Text
[2025-11-17T09:52:00.140Z] [DEBUG] Clicked on element preview Text
[2025-11-17T09:52:02.322Z] [INFO] Sending text 'nuguri.charitha@us.lockton.com.cbqa' to cc Field Locator
[2025-11-17T09:52:02.682Z] [DEBUG] Sent text 'nuguri.charitha@us.lockton.com.cbqa' to cc Field Locator
[2025-11-17T09:52:02.691Z] [INFO] Clicking on element send Button
[2025-11-17T09:52:03.211Z] [DEBUG] Clicked on element send Button
[2025-11-17T09:52:10.352Z] [INFO] Clicking on element successWindow Close Button
[2025-11-17T09:52:10.665Z] [DEBUG] Clicked on element successWindow Close Button
[2025-11-17T09:52:14.283Z] [INFO] Clicking on element activity Tab
[2025-11-17T09:52:19.524Z] [DEBUG] Clicked on element activity Tab
[2025-11-17T09:52:20.097Z] [INFO] Clicking on element Email Request Sent Link
[2025-11-17T09:52:21.793Z] [DEBUG] Clicked on element Email Request Sent Link
[2025-11-17T09:52:21.795Z] [INFO] Clicking on element Email Details Tab
[2025-11-17T09:52:24.601Z] [DEBUG] Clicked on element Email Details Tab
[2025-11-17T09:52:24.609Z] [INFO] Clicking on element Email Details Tab
[2025-11-17T09:52:25.122Z] [DEBUG] Clicked on element Email Details Tab
[2025-11-17T09:52:26.357Z] [INFO] Clicking on element Close NBIL Sub Tab
[2025-11-17T09:52:26.760Z] [DEBUG] Clicked on element Close NBIL Sub Tab
[2025-11-17T09:52:27.671Z] [INFO] Clicking on element activity Tab
[2025-11-17T09:52:28.270Z] [DEBUG] Clicked on element activity Tab
[2025-11-17T09:52:28.379Z] [INFO] Scrolling attempt 1
[2025-11-17T09:52:29.091Z] [INFO] Scrolling attempt 2
[2025-11-17T09:52:29.914Z] [INFO] Scrolling attempt 3
[2025-11-17T09:52:30.524Z] [INFO] Element became visible during scroll.
[2025-11-17T09:52:32.767Z] [INFO] Clicking on element View All Files Button
[2025-11-17T09:52:33.662Z] [DEBUG] Clicked on element View All Files Button
[2025-11-17T09:52:37.024Z] [INFO] Clicking on element Close Files Sub Tab
[2025-11-17T09:52:37.393Z] [DEBUG] Clicked on element Close Files Sub Tab
[2025-11-17T09:52:37.868Z] [INFO] Clicking on element NBIL New Button
[2025-11-17T09:52:38.313Z] [DEBUG] Clicked on element NBIL New Button
[2025-11-17T09:52:40.663Z] [INFO] Clicking on element all Carriers Value 
[2025-11-17T09:52:41.029Z] [DEBUG] Clicked on element all Carriers Value 
[2025-11-17T09:52:41.286Z] [INFO] Clicking on element nbilNextButton
[2025-11-17T09:52:41.850Z] [DEBUG] Clicked on element nbilNextButton
[2025-11-17T09:52:41.853Z] [INFO] Sending text 'nuguri.charitha@us.lockton.com.cbqa' to email Id
[2025-11-17T09:52:43.600Z] [DEBUG] Sent text 'nuguri.charitha@us.lockton.com.cbqa' to email Id
[2025-11-17T09:52:48.867Z] [INFO] Clicking on element Done Button
[2025-11-17T09:52:49.245Z] [DEBUG] Clicked on element Done Button
[2025-11-17T09:52:55.287Z] [INFO] Clicking on element Done Button
[2025-11-17T09:52:55.734Z] [DEBUG] Clicked on element Done Button
[2025-11-17T09:52:56.559Z] [INFO] Clicking on element Close NDA/NBIL Flow Button
[2025-11-17T09:52:56.912Z] [DEBUG] Clicked on element Close NDA/NBIL Flow Button
[2025-11-17T09:53:00.121Z] [INFO] Element became visible during scroll.
[2025-11-17T09:53:02.247Z] [INFO] Clicking on element View All Files Button
[2025-11-17T09:53:02.676Z] [DEBUG] Clicked on element View All Files Button
[2025-11-17T09:53:32.001Z] [INFO] Sending text 'nuguri.charitha@us.lockton.com.cbqa' to username Input Value
[2025-11-17T09:53:32.393Z] [DEBUG] Sent text 'nuguri.charitha@us.lockton.com.cbqa' to username Input Value
[2025-11-17T09:53:32.399Z] [INFO] Sending text 'Charitha@89' to password Input Value
[2025-11-17T09:53:32.504Z] [DEBUG] Sent text 'Charitha@89' to password Input Value
[2025-11-17T09:53:32.509Z] [INFO] Clicking on element login Button
[2025-11-17T09:53:34.599Z] [DEBUG] Clicked on element login Button
[2025-11-17T09:53:40.332Z] [INFO] Clicking on element setUp Icon
[2025-11-17T09:53:40.873Z] [DEBUG] Clicked on element setUp Icon
[2025-11-17T09:53:49.471Z] [INFO] Clicking on element user Search Result
[2025-11-17T09:53:50.005Z] [DEBUG] Clicked on element user Search Result
[2025-11-17T09:54:09.535Z] [INFO] Clicking on element show Navigation Menu
[2025-11-17T09:54:10.648Z] [DEBUG] Clicked on element show Navigation Menu
[2025-11-17T09:54:10.711Z] [INFO] Clicking on element accounts Menu Item
[2025-11-17T09:54:11.032Z] [DEBUG] Clicked on element accounts Menu Item
[2025-11-17T09:54:13.210Z] [INFO] Clicking on element list View Element
[2025-11-17T09:54:13.597Z] [DEBUG] Clicked on element list View Element
[2025-11-17T09:54:13.710Z] [INFO] Sending text 'All Clients' to searchBox ListViewInput
[2025-11-17T09:54:14.072Z] [DEBUG] Sent text 'All Clients' to searchBox ListViewInput
[2025-11-17T09:54:14.127Z] [INFO] Clicking on element all Clients In List View
[2025-11-17T09:54:14.481Z] [DEBUG] Clicked on element all Clients In List View
[2025-11-17T09:54:14.523Z] [INFO] Clicking on element global Search Button
[2025-11-17T09:54:14.963Z] [DEBUG] Clicked on element global Search Button
[2025-11-17T09:54:15.675Z] [INFO] Sending text '1000 Miglia SRL' to global Search Input
[2025-11-17T09:54:16.047Z] [DEBUG] Sent text '1000 Miglia SRL' to global Search Input
[2025-11-17T09:54:17.044Z] [INFO] Clicking on element global Search Result
[2025-11-17T09:54:17.695Z] [DEBUG] Clicked on element global Search Result
[2025-11-17T09:54:17.701Z] [INFO] AccountPage: Validating account record type: Client
[2025-11-17T09:54:22.497Z] [INFO] AccountPage: Account record type 'Client' is visible.
[2025-11-17T09:54:22.502Z] [INFO] Clicking on element new Opportunity Button
[2025-11-17T09:54:26.949Z] [DEBUG] Clicked on element new Opportunity Button
[2025-11-17T09:54:26.951Z] [INFO] Clicking on element intial Intake Button
[2025-11-17T09:54:28.741Z] [DEBUG] Clicked on element intial Intake Button
[2025-11-17T09:54:28.743Z] [INFO] Clicking on element opportunity Next Button
[2025-11-17T09:54:29.432Z] [DEBUG] Clicked on element opportunity Next Button
[2025-11-17T09:54:31.796Z] [INFO] Sending text 'auto chmwd' to opportunity Name
[2025-11-17T09:54:32.531Z] [DEBUG] Sent text 'auto chmwd' to opportunity Name
[2025-11-17T09:54:32.620Z] [INFO] Clicking on element stage DropDown
[2025-11-17T09:54:33.201Z] [DEBUG] Clicked on element stage DropDown
[2025-11-17T09:54:33.286Z] [INFO] Clicking on element stage Value
[2025-11-17T09:54:33.780Z] [DEBUG] Clicked on element stage Value
[2025-11-17T09:54:34.113Z] [INFO] Clicking on element insurance Sub Type Drop Down
[2025-11-17T09:54:34.596Z] [DEBUG] Clicked on element insurance Sub Type Drop Down
[2025-11-17T09:54:34.603Z] [INFO] Clicking on element insurance Type field
[2025-11-17T09:54:35.037Z] [DEBUG] Clicked on element insurance Type field
[2025-11-17T09:54:37.143Z] [INFO] Clicking on element save Button
[2025-11-17T09:54:37.808Z] [DEBUG] Clicked on element save Button
[2025-11-17T09:54:41.721Z] [INFO] Clicking on element show More Actions DropDown
[2025-11-17T09:54:42.503Z] [DEBUG] Clicked on element show More Actions DropDown
[2025-11-17T09:54:42.506Z] [INFO] Clicking on element manage Opportunity Assignment Option
[2025-11-17T09:54:43.118Z] [DEBUG] Clicked on element manage Opportunity Assignment Option
[2025-11-17T09:54:45.887Z] [INFO] Sending text '100' to Primary Producer Allocation TextBox
[2025-11-17T09:54:46.327Z] [DEBUG] Sent text '100' to Primary Producer Allocation TextBox
[2025-11-17T09:54:46.330Z] [INFO] Clicking on element SaveAndClose Button
[2025-11-17T09:54:46.747Z] [DEBUG] Clicked on element SaveAndClose Button
[2025-11-17T09:54:46.751Z] [INFO] Clicking on element edit Button
[2025-11-17T09:54:50.115Z] [DEBUG] Clicked on element edit Button
[2025-11-17T09:54:53.713Z] [INFO] Sending text '11/17/2026' to quote DueDate Field
[2025-11-17T09:54:54.534Z] [DEBUG] Sent text '11/17/2026' to quote DueDate Field
[2025-11-17T09:54:54.536Z] [INFO] Sending text '2000' to enterpriseValueField
[2025-11-17T09:54:55.055Z] [DEBUG] Sent text '2000' to enterpriseValueField
[2025-11-17T09:54:55.058Z] [INFO] Sending text 'Goldman Sachs Asset Management' to target Field
[2025-11-17T09:54:55.792Z] [DEBUG] Sent text 'Goldman Sachs Asset Management' to target Field
[2025-11-17T09:54:55.794Z] [INFO] Sending text 'This target company provides healthcare laundry services in the U.S.' to target Description Field
[2025-11-17T09:54:56.449Z] [DEBUG] Sent text 'This target company provides healthcare laundry services in the U.S.' to target Description Field
[2025-11-17T09:54:56.453Z] [INFO] Clicking on element quote DueTime DropDown
[2025-11-17T09:54:57.123Z] [DEBUG] Clicked on element quote DueTime DropDown
[2025-11-17T09:54:57.245Z] [INFO] Clicking on element quote DueTime Value
[2025-11-17T09:54:57.976Z] [DEBUG] Clicked on element quote DueTime Value
[2025-11-17T09:54:57.981Z] [INFO] Clicking on element sellers Idemnity
[2025-11-17T09:54:58.612Z] [DEBUG] Clicked on element sellers Idemnity
[2025-11-17T09:54:58.615Z] [INFO] Clicking on element sellers Idemnity Value
[2025-11-17T09:54:59.234Z] [DEBUG] Clicked on element sellers Idemnity Value
[2025-11-17T09:54:59.237Z] [INFO] Clicking on element buyers Council DropDown
[2025-11-17T09:55:00.728Z] [DEBUG] Clicked on element buyers Council DropDown
[2025-11-17T09:55:00.732Z] [INFO] Clicking on element buyers Council DropDown Value
[2025-11-17T09:55:01.818Z] [DEBUG] Clicked on element buyers Council DropDown Value
[2025-11-17T09:55:01.825Z] [INFO] Sending text '103' to limit Requested
[2025-11-17T09:55:02.581Z] [DEBUG] Sent text '103' to limit Requested
[2025-11-17T09:55:02.585Z] [INFO] Clicking on element save Button
[2025-11-17T09:55:03.401Z] [DEBUG] Clicked on element save Button
[2025-11-17T09:55:03.406Z] [INFO] Clicking on element edit Button
[2025-11-17T09:55:06.369Z] [DEBUG] Clicked on element edit Button
[2025-11-17T09:55:08.207Z] [INFO] Sending text '35' to rollover Percentage
[2025-11-17T09:55:09.291Z] [DEBUG] Sent text '35' to rollover Percentage
[2025-11-17T09:55:09.293Z] [INFO] Sending text 'Test Purchase Agreement' to purchase Agreement
[2025-11-17T09:55:10.282Z] [DEBUG] Sent text 'Test Purchase Agreement' to purchase Agreement
[2025-11-17T09:55:10.284Z] [INFO] Clicking on element sellers Council DropDown
[2025-11-17T09:55:11.219Z] [DEBUG] Clicked on element sellers Council DropDown
[2025-11-17T09:55:11.221Z] [INFO] Clicking on element sellers Council Value
[2025-11-17T09:55:12.019Z] [DEBUG] Clicked on element sellers Council Value
[2025-11-17T09:55:12.021Z] [INFO] Sending text '500' to limit Requested2
[2025-11-17T09:55:12.569Z] [DEBUG] Sent text '500' to limit Requested2
[2025-11-17T09:55:12.571Z] [INFO] Clicking on element limit Comments
[2025-11-17T09:55:13.099Z] [DEBUG] Clicked on element limit Comments
[2025-11-17T09:55:13.102Z] [INFO] Sending text 'Test limit Comments' to limit Comments
[2025-11-17T09:55:13.495Z] [DEBUG] Sent text 'Test limit Comments' to limit Comments
[2025-11-17T09:55:13.497Z] [INFO] Clicking on element other Requested Terms
[2025-11-17T09:55:13.973Z] [DEBUG] Clicked on element other Requested Terms
[2025-11-17T09:55:13.975Z] [INFO] Sending text 'Test other requested terms' to other Requested Terms
[2025-11-17T09:55:14.455Z] [DEBUG] Sent text 'Test other requested terms' to other Requested Terms
[2025-11-17T09:55:14.457Z] [INFO] Clicking on element draft Purchase Agreement CheckBox
[2025-11-17T09:55:15.059Z] [DEBUG] Clicked on element draft Purchase Agreement CheckBox
[2025-11-17T09:55:15.063Z] [INFO] Clicking on element type Of Financials DropDown
[2025-11-17T09:55:15.728Z] [DEBUG] Clicked on element type Of Financials DropDown
[2025-11-17T09:55:15.733Z] [INFO] Clicking on element type Of Financials Value
[2025-11-17T09:55:16.361Z] [DEBUG] Clicked on element type Of Financials Value
[2025-11-17T09:55:16.365Z] [INFO] Clicking on element deal Book CheckBox
[2025-11-17T09:55:17.119Z] [DEBUG] Clicked on element deal Book CheckBox
[2025-11-17T09:55:17.122Z] [INFO] Clicking on element legal DropDown
[2025-11-17T09:55:18.254Z] [DEBUG] Clicked on element legal DropDown
[2025-11-17T09:55:18.257Z] [INFO] Clicking on element legal Value
[2025-11-17T09:55:19.048Z] [DEBUG] Clicked on element legal Value
[2025-11-17T09:55:19.052Z] [INFO] Clicking on element financial DropDown
[2025-11-17T09:55:19.798Z] [DEBUG] Clicked on element financial DropDown
[2025-11-17T09:55:19.961Z] [INFO] Clicking on element financial Value
[2025-11-17T09:55:20.737Z] [DEBUG] Clicked on element financial Value
[2025-11-17T09:55:20.739Z] [INFO] Clicking on element tax DropDown
[2025-11-17T09:55:21.388Z] [DEBUG] Clicked on element tax DropDown
[2025-11-17T09:55:21.390Z] [INFO] Clicking on element tax Value
[2025-11-17T09:55:22.119Z] [DEBUG] Clicked on element tax Value
[2025-11-17T09:55:22.121Z] [INFO] Clicking on element save Button
[2025-11-17T09:55:22.858Z] [DEBUG] Clicked on element save Button
[2025-11-17T09:55:23.106Z] [INFO] Clicking on element global Search Button
[2025-11-17T09:55:25.466Z] [DEBUG] Clicked on element global Search Button
[2025-11-17T09:55:25.562Z] [INFO] Sending text 'AIG Specialty Insurance Company' to global Search Input
[2025-11-17T09:55:25.853Z] [DEBUG] Sent text 'AIG Specialty Insurance Company' to global Search Input
[2025-11-17T09:55:26.854Z] [INFO] Clicking on element global Search Result
[2025-11-17T09:55:27.221Z] [DEBUG] Clicked on element global Search Result
[2025-11-17T09:55:30.799Z] [INFO] Clicking on element taxCarriers Header
[2025-11-17T09:55:31.471Z] [DEBUG] Clicked on element taxCarriers Header
[2025-11-17T09:55:31.994Z] [INFO] Clicking on element Close Last Account Tab
[2025-11-17T09:55:32.317Z] [DEBUG] Clicked on element Close Last Account Tab
[2025-11-17T09:55:32.319Z] [INFO] Clicking on element opportunity Tab
[2025-11-17T09:55:33.061Z] [DEBUG] Clicked on element opportunity Tab
[2025-11-17T09:55:33.168Z] [INFO] Clicking on element NBIL New Button
[2025-11-17T09:55:33.750Z] [DEBUG] Clicked on element NBIL New Button
[2025-11-17T09:55:36.129Z] [INFO] Clicking on element all Carriers Value 
[2025-11-17T09:55:36.543Z] [DEBUG] Clicked on element all Carriers Value 
[2025-11-17T09:55:36.832Z] [INFO] Clicking on element nbilNextButton
[2025-11-17T09:55:37.172Z] [DEBUG] Clicked on element nbilNextButton
[2025-11-17T09:55:37.174Z] [INFO] Sending text 'nuguri.charitha@us.lockton.com' to email Id
[2025-11-17T09:55:39.748Z] [DEBUG] Sent text 'nuguri.charitha@us.lockton.com' to email Id
[2025-11-17T09:55:39.925Z] [INFO] Subject field is validated successfully with opportunity name.
[2025-11-17T09:55:45.279Z] [INFO] Clicking on element Done Button
[2025-11-17T09:55:45.871Z] [DEBUG] Clicked on element Done Button
[2025-11-17T09:55:51.925Z] [INFO] Clicking on element Done Button
[2025-11-17T09:55:52.433Z] [DEBUG] Clicked on element Done Button
[2025-11-17T09:55:58.419Z] [INFO] Clicking on element Done Button
[2025-11-17T09:55:59.004Z] [DEBUG] Clicked on element Done Button
[2025-11-17T09:55:59.770Z] [INFO] Clicking on element Previous Button
[2025-11-17T09:56:00.228Z] [DEBUG] Clicked on element Previous Button
[2025-11-17T09:56:02.321Z] [INFO] Clicking on element Next Button
[2025-11-17T09:56:02.728Z] [DEBUG] Clicked on element Next Button
[2025-11-17T09:56:06.180Z] [INFO] Sending text 'nuguri.charitha@us.lockton.com' to email Id
[2025-11-17T09:56:06.626Z] [DEBUG] Sent text 'nuguri.charitha@us.lockton.com' to email Id
[2025-11-17T09:56:12.271Z] [INFO] Clicking on element Done Button
[2025-11-17T09:56:12.744Z] [DEBUG] Clicked on element Done Button
[2025-11-17T09:56:19.238Z] [INFO] Clicking on element Done Button
[2025-11-17T09:56:20.084Z] [DEBUG] Clicked on element Done Button
[2025-11-17T09:56:26.558Z] [INFO] Clicking on element Done Button
[2025-11-17T09:56:27.168Z] [DEBUG] Clicked on element Done Button
[2025-11-17T09:56:33.627Z] [INFO] Clicking on element Done Button
[2025-11-17T09:56:34.343Z] [DEBUG] Clicked on element Done Button
[2025-11-17T09:56:36.801Z] [INFO] Clicking on element Close Duplicate Error Button
[2025-11-17T09:56:37.390Z] [DEBUG] Clicked on element Close Duplicate Error Button
[2025-11-17T09:56:37.554Z] [INFO] Clicking on element Delete file button
[2025-11-17T09:56:38.038Z] [DEBUG] Clicked on element Delete file button
[2025-11-17T09:56:38.117Z] [INFO] Clicking on element preview Text
[2025-11-17T09:56:38.611Z] [DEBUG] Clicked on element preview Text
[2025-11-17T09:56:41.986Z] [INFO] Sending text 'nuguri.charitha@us.lockton.com.cbqa' to cc Field Locator
[2025-11-17T09:56:42.465Z] [DEBUG] Sent text 'nuguri.charitha@us.lockton.com.cbqa' to cc Field Locator
[2025-11-17T09:56:42.471Z] [INFO] Clicking on element send Button
[2025-11-17T09:56:42.924Z] [DEBUG] Clicked on element send Button
[2025-11-17T09:56:48.019Z] [INFO] Clicking on element successWindow Close Button
[2025-11-17T09:56:48.755Z] [DEBUG] Clicked on element successWindow Close Button
[2025-11-17T09:56:51.597Z] [INFO] Clicking on element activity Tab
[2025-11-17T09:56:56.771Z] [DEBUG] Clicked on element activity Tab
[2025-11-17T09:56:57.101Z] [INFO] Clicking on element Email Request Sent Link
[2025-11-17T09:56:58.021Z] [DEBUG] Clicked on element Email Request Sent Link
[2025-11-17T09:56:58.024Z] [INFO] Clicking on element Email Details Tab
[2025-11-17T09:57:01.091Z] [DEBUG] Clicked on element Email Details Tab
[2025-11-17T09:57:01.095Z] [INFO] Clicking on element Email Details Tab
[2025-11-17T09:57:01.346Z] [DEBUG] Clicked on element Email Details Tab
[2025-11-17T09:57:01.911Z] [INFO] Clicking on element Close NBIL Sub Tab
[2025-11-17T09:57:02.267Z] [DEBUG] Clicked on element Close NBIL Sub Tab
[2025-11-17T09:57:02.644Z] [INFO] Clicking on element activity Tab
[2025-11-17T09:57:02.960Z] [DEBUG] Clicked on element activity Tab
[2025-11-17T09:57:03.088Z] [INFO] Scrolling attempt 1
[2025-11-17T09:57:03.676Z] [INFO] Scrolling attempt 2
[2025-11-17T09:57:04.581Z] [INFO] Scrolling attempt 3
[2025-11-17T09:57:05.329Z] [INFO] Element became visible during scroll.
[2025-11-17T09:57:07.641Z] [INFO] Clicking on element View All Files Button
[2025-11-17T09:57:08.759Z] [DEBUG] Clicked on element View All Files Button
[2025-11-17T09:57:12.009Z] [INFO] Clicking on element Close Files Sub Tab
[2025-11-17T09:57:12.302Z] [DEBUG] Clicked on element Close Files Sub Tab
[2025-11-17T09:57:12.778Z] [INFO] Clicking on element NBIL New Button
[2025-11-17T09:57:13.195Z] [DEBUG] Clicked on element NBIL New Button
[2025-11-17T09:57:15.489Z] [INFO] Clicking on element all Carriers Value 
[2025-11-17T09:57:15.802Z] [DEBUG] Clicked on element all Carriers Value 
[2025-11-17T09:57:15.993Z] [INFO] Clicking on element nbilNextButton
[2025-11-17T09:57:16.327Z] [DEBUG] Clicked on element nbilNextButton
[2025-11-17T09:57:16.337Z] [INFO] Sending text 'nuguri.charitha@us.lockton.com.cbqa' to email Id
[2025-11-17T09:57:17.911Z] [DEBUG] Sent text 'nuguri.charitha@us.lockton.com.cbqa' to email Id
[2025-11-17T09:57:23.324Z] [INFO] Clicking on element Done Button
[2025-11-17T09:57:23.992Z] [DEBUG] Clicked on element Done Button
[2025-11-17T09:57:29.912Z] [INFO] Clicking on element Done Button
[2025-11-17T09:57:30.397Z] [DEBUG] Clicked on element Done Button
[2025-11-17T09:57:31.206Z] [INFO] Clicking on element Close NDA/NBIL Flow Button
[2025-11-17T09:57:31.483Z] [DEBUG] Clicked on element Close NDA/NBIL Flow Button
[2025-11-17T09:57:34.656Z] [INFO] Element became visible during scroll.
[2025-11-17T09:57:36.826Z] [INFO] Clicking on element View All Files Button
[2025-11-17T09:57:37.371Z] [DEBUG] Clicked on element View All Files Button
[2025-11-17T09:57:40.512Z] [INFO] Clicking on element Close Files Sub Tab
[2025-11-17T09:57:40.688Z] [DEBUG] Clicked on element Close Files Sub Tab
[2025-11-17T09:57:40.765Z] [INFO] Clicking on element Opportunity Tab
[2025-11-17T09:57:41.491Z] [DEBUG] Clicked on element Opportunity Tab
[2025-11-17T09:57:41.496Z] [INFO] Clicking on element NBIL New Button
[2025-11-17T09:57:42.007Z] [DEBUG] Clicked on element NBIL New Button
[2025-11-17T09:57:44.305Z] [INFO] Clicking on element all Carriers Value 
[2025-11-17T09:57:44.609Z] [DEBUG] Clicked on element all Carriers Value 
[2025-11-17T09:57:44.843Z] [INFO] Clicking on element nbilNextButton
[2025-11-17T09:57:45.080Z] [DEBUG] Clicked on element nbilNextButton
[2025-11-17T09:57:45.087Z] [INFO] Sending text 'nuguri.charitha@us.lockton.com' to email Id
[2025-11-17T09:57:46.649Z] [DEBUG] Sent text 'nuguri.charitha@us.lockton.com' to email Id
[2025-11-17T09:57:46.756Z] [INFO] Subject field is validated successfully with opportunity name.
[2025-11-17T09:57:52.144Z] [INFO] Clicking on element Done Button
[2025-11-17T09:57:52.390Z] [DEBUG] Clicked on element Done Button
[2025-11-17T09:57:58.192Z] [INFO] Clicking on element Done Button
[2025-11-17T09:57:58.513Z] [DEBUG] Clicked on element Done Button
[2025-11-17T09:58:04.275Z] [INFO] Clicking on element Done Button
[2025-11-17T09:58:04.494Z] [DEBUG] Clicked on element Done Button
[2025-11-17T09:58:05.243Z] [INFO] Clicking on element Previous Button
[2025-11-17T09:58:05.582Z] [DEBUG] Clicked on element Previous Button
[2025-11-17T09:58:07.651Z] [INFO] Clicking on element Next Button
[2025-11-17T09:58:07.873Z] [DEBUG] Clicked on element Next Button
[2025-11-17T09:58:11.105Z] [INFO] Sending text 'nuguri.charitha@us.lockton.com' to email Id
[2025-11-17T09:58:11.417Z] [DEBUG] Sent text 'nuguri.charitha@us.lockton.com' to email Id
[2025-11-17T09:58:16.608Z] [INFO] Clicking on element Done Button
[2025-11-17T09:58:16.816Z] [DEBUG] Clicked on element Done Button
[2025-11-17T09:58:22.561Z] [INFO] Clicking on element Done Button
[2025-11-17T09:58:22.816Z] [DEBUG] Clicked on element Done Button
[2025-11-17T09:58:28.502Z] [INFO] Clicking on element Done Button
[2025-11-17T09:58:28.849Z] [DEBUG] Clicked on element Done Button
[2025-11-17T09:58:34.885Z] [INFO] Clicking on element Done Button
[2025-11-17T09:58:35.268Z] [DEBUG] Clicked on element Done Button
[2025-11-17T09:58:37.608Z] [INFO] Clicking on element Close Duplicate Error Button
[2025-11-17T09:58:38.183Z] [DEBUG] Clicked on element Close Duplicate Error Button
[2025-11-17T09:58:38.336Z] [INFO] Clicking on element Delete file button
[2025-11-17T09:58:38.690Z] [DEBUG] Clicked on element Delete file button
[2025-11-17T09:58:38.743Z] [INFO] Clicking on element preview Text
[2025-11-17T09:58:39.145Z] [DEBUG] Clicked on element preview Text
[2025-11-17T09:58:40.907Z] [INFO] Sending text 'nuguri.charitha@us.lockton.com.cbqa' to cc Field Locator
[2025-11-17T09:58:41.123Z] [DEBUG] Sent text 'nuguri.charitha@us.lockton.com.cbqa' to cc Field Locator
[2025-11-17T09:58:41.132Z] [INFO] Clicking on element send Button
[2025-11-17T09:58:41.650Z] [DEBUG] Clicked on element send Button
[2025-11-17T09:58:46.238Z] [INFO] Clicking on element successWindow Close Button
[2025-11-17T09:58:46.547Z] [DEBUG] Clicked on element successWindow Close Button
[2025-11-17T09:58:49.228Z] [INFO] Clicking on element activity Tab
[2025-11-17T09:58:53.320Z] [DEBUG] Clicked on element activity Tab
[2025-11-17T09:58:53.773Z] [INFO] Clicking on element Email Request Sent Link
[2025-11-17T09:58:54.918Z] [DEBUG] Clicked on element Email Request Sent Link
[2025-11-17T09:58:54.924Z] [INFO] Clicking on element Email Details Tab
[2025-11-17T09:58:57.360Z] [DEBUG] Clicked on element Email Details Tab
[2025-11-17T09:58:57.366Z] [INFO] Clicking on element Email Details Tab
[2025-11-17T09:58:57.623Z] [DEBUG] Clicked on element Email Details Tab
[2025-11-17T09:58:58.348Z] [INFO] Clicking on element Close NBIL Sub Tab
[2025-11-17T09:58:58.670Z] [DEBUG] Clicked on element Close NBIL Sub Tab
[2025-11-17T09:58:59.195Z] [INFO] Clicking on element activity Tab
[2025-11-17T09:58:59.662Z] [DEBUG] Clicked on element activity Tab
[2025-11-17T09:58:59.862Z] [INFO] Scrolling attempt 1
[2025-11-17T09:59:00.515Z] [INFO] Scrolling attempt 2
[2025-11-17T09:59:01.220Z] [INFO] Scrolling attempt 3
[2025-11-17T09:59:01.853Z] [INFO] Element became visible during scroll.
[2025-11-17T09:59:04.088Z] [INFO] Clicking on element View All Files Button
[2025-11-17T09:59:04.810Z] [DEBUG] Clicked on element View All Files Button
[2025-11-17T09:59:08.155Z] [INFO] Clicking on element Close Files Sub Tab
[2025-11-17T09:59:08.428Z] [DEBUG] Clicked on element Close Files Sub Tab
[2025-11-17T09:59:08.913Z] [INFO] Clicking on element NBIL New Button
[2025-11-17T09:59:09.575Z] [DEBUG] Clicked on element NBIL New Button
[2025-11-17T09:59:11.831Z] [INFO] Clicking on element all Carriers Value 
[2025-11-17T09:59:12.106Z] [DEBUG] Clicked on element all Carriers Value 
[2025-11-17T09:59:12.401Z] [INFO] Clicking on element nbilNextButton
[2025-11-17T09:59:12.870Z] [DEBUG] Clicked on element nbilNextButton
[2025-11-17T09:59:12.873Z] [INFO] Sending text 'nuguri.charitha@us.lockton.com.cbqa' to email Id
[2025-11-17T09:59:14.703Z] [DEBUG] Sent text 'nuguri.charitha@us.lockton.com.cbqa' to email Id
[2025-11-17T09:59:20.012Z] [INFO] Clicking on element Done Button
[2025-11-17T09:59:20.398Z] [DEBUG] Clicked on element Done Button
[2025-11-17T09:59:26.425Z] [INFO] Clicking on element Done Button
[2025-11-17T09:59:26.985Z] [DEBUG] Clicked on element Done Button
[2025-11-17T09:59:27.731Z] [INFO] Clicking on element Close NDA/NBIL Flow Button
[2025-11-17T09:59:27.951Z] [DEBUG] Clicked on element Close NDA/NBIL Flow Button
[2025-11-17T09:59:31.215Z] [INFO] Element became visible during scroll.
[2025-11-17T09:59:33.461Z] [INFO] Clicking on element View All Files Button
[2025-11-17T09:59:34.334Z] [DEBUG] Clicked on element View All Files Button
[2025-11-17T09:59:37.543Z] [INFO] Clicking on element Close Files Sub Tab
[2025-11-17T09:59:37.776Z] [DEBUG] Clicked on element Close Files Sub Tab
[2025-11-17T09:59:38.115Z] [INFO] Clicking on element NBIL New Button
[2025-11-17T09:59:38.662Z] [DEBUG] Clicked on element NBIL New Button
[2025-11-17T09:59:40.938Z] [INFO] Clicking on element all Carriers Value 
[2025-11-17T09:59:41.134Z] [DEBUG] Clicked on element all Carriers Value 
[2025-11-17T09:59:41.320Z] [INFO] Clicking on element nbilNextButton
[2025-11-17T09:59:41.705Z] [DEBUG] Clicked on element nbilNextButton
[2025-11-17T09:59:41.712Z] [INFO] Sending text 'nuguri.charitha@us.lockton.com' to email Id
[2025-11-17T09:59:43.604Z] [DEBUG] Sent text 'nuguri.charitha@us.lockton.com' to email Id
[2025-11-17T09:59:43.703Z] [INFO] Subject field is validated successfully with opportunity name.
[2025-11-17T09:59:49.030Z] [INFO] Clicking on element Done Button
[2025-11-17T09:59:49.313Z] [DEBUG] Clicked on element Done Button
[2025-11-17T09:59:55.131Z] [INFO] Clicking on element Done Button
[2025-11-17T09:59:55.401Z] [DEBUG] Clicked on element Done Button
[2025-11-17T10:00:01.428Z] [INFO] Clicking on element Done Button
[2025-11-17T10:00:01.725Z] [DEBUG] Clicked on element Done Button
[2025-11-17T10:00:02.425Z] [INFO] Clicking on element Previous Button
[2025-11-17T10:00:02.697Z] [DEBUG] Clicked on element Previous Button
[2025-11-17T10:00:04.735Z] [INFO] Clicking on element Next Button
[2025-11-17T10:00:04.953Z] [DEBUG] Clicked on element Next Button
[2025-11-17T10:00:08.182Z] [INFO] Sending text 'nuguri.charitha@us.lockton.com' to email Id
[2025-11-17T10:00:08.474Z] [DEBUG] Sent text 'nuguri.charitha@us.lockton.com' to email Id
[2025-11-17T10:00:13.795Z] [INFO] Clicking on element Done Button
[2025-11-17T10:00:14.092Z] [DEBUG] Clicked on element Done Button
[2025-11-17T10:00:19.963Z] [INFO] Clicking on element Done Button
[2025-11-17T10:00:20.228Z] [DEBUG] Clicked on element Done Button
[2025-11-17T10:00:26.066Z] [INFO] Clicking on element Done Button
[2025-11-17T10:00:26.315Z] [DEBUG] Clicked on element Done Button
[2025-11-17T10:00:32.435Z] [INFO] Clicking on element Done Button
[2025-11-17T10:00:32.660Z] [DEBUG] Clicked on element Done Button
[2025-11-17T10:00:34.879Z] [INFO] Clicking on element Close Duplicate Error Button
[2025-11-17T10:00:35.111Z] [DEBUG] Clicked on element Close Duplicate Error Button
[2025-11-17T10:00:35.300Z] [INFO] Clicking on element Delete file button
[2025-11-17T10:00:35.628Z] [DEBUG] Clicked on element Delete file button
[2025-11-17T10:00:35.721Z] [INFO] Clicking on element preview Text
[2025-11-17T10:00:36.157Z] [DEBUG] Clicked on element preview Text
[2025-11-17T10:00:37.750Z] [INFO] Sending text 'nuguri.charitha@us.lockton.com.cbqa' to cc Field Locator
[2025-11-17T10:00:38.092Z] [DEBUG] Sent text 'nuguri.charitha@us.lockton.com.cbqa' to cc Field Locator
[2025-11-17T10:00:38.099Z] [INFO] Clicking on element send Button
[2025-11-17T10:00:38.571Z] [DEBUG] Clicked on element send Button
[2025-11-17T10:00:43.055Z] [INFO] Clicking on element successWindow Close Button
[2025-11-17T10:00:43.231Z] [DEBUG] Clicked on element successWindow Close Button
[2025-11-17T10:00:45.988Z] [INFO] Clicking on element activity Tab
[2025-11-17T10:00:50.091Z] [DEBUG] Clicked on element activity Tab
[2025-11-17T10:00:50.756Z] [INFO] Clicking on element Email Request Sent Link
[2025-11-17T10:00:51.289Z] [DEBUG] Clicked on element Email Request Sent Link
[2025-11-17T10:00:51.296Z] [INFO] Clicking on element Email Details Tab
[2025-11-17T10:00:53.590Z] [DEBUG] Clicked on element Email Details Tab
[2025-11-17T10:00:53.595Z] [INFO] Clicking on element Email Details Tab
[2025-11-17T10:00:53.926Z] [DEBUG] Clicked on element Email Details Tab
[2025-11-17T10:00:55.027Z] [INFO] Clicking on element Close NBIL Sub Tab
[2025-11-17T10:00:55.843Z] [DEBUG] Clicked on element Close NBIL Sub Tab
[2025-11-17T10:00:56.189Z] [INFO] Clicking on element activity Tab
[2025-11-17T10:00:56.664Z] [DEBUG] Clicked on element activity Tab
[2025-11-17T10:00:56.792Z] [INFO] Scrolling attempt 1
[2025-11-17T10:00:57.432Z] [INFO] Scrolling attempt 2
[2025-11-17T10:00:58.049Z] [INFO] Scrolling attempt 3
[2025-11-17T10:00:58.636Z] [INFO] Element became visible during scroll.
[2025-11-17T10:01:00.797Z] [INFO] Clicking on element View All Files Button
[2025-11-17T10:01:01.166Z] [DEBUG] Clicked on element View All Files Button
[2025-11-17T10:01:04.420Z] [INFO] Clicking on element Close Files Sub Tab
[2025-11-17T10:01:04.682Z] [DEBUG] Clicked on element Close Files Sub Tab
[2025-11-17T10:01:05.233Z] [INFO] Clicking on element NBIL New Button
[2025-11-17T10:01:05.939Z] [DEBUG] Clicked on element NBIL New Button
[2025-11-17T10:01:08.353Z] [INFO] Clicking on element all Carriers Value 
[2025-11-17T10:01:08.546Z] [DEBUG] Clicked on element all Carriers Value 
[2025-11-17T10:01:08.781Z] [INFO] Clicking on element nbilNextButton
[2025-11-17T10:01:09.044Z] [DEBUG] Clicked on element nbilNextButton
[2025-11-17T10:01:09.048Z] [INFO] Sending text 'nuguri.charitha@us.lockton.com.cbqa' to email Id
[2025-11-17T10:01:10.837Z] [DEBUG] Sent text 'nuguri.charitha@us.lockton.com.cbqa' to email Id
[2025-11-17T10:01:16.165Z] [INFO] Clicking on element Done Button
[2025-11-17T10:01:16.482Z] [DEBUG] Clicked on element Done Button
[2025-11-17T10:01:22.458Z] [INFO] Clicking on element Done Button
[2025-11-17T10:01:22.919Z] [DEBUG] Clicked on element Done Button
[2025-11-17T10:01:23.627Z] [INFO] Clicking on element Close NDA/NBIL Flow Button
[2025-11-17T10:01:23.997Z] [DEBUG] Clicked on element Close NDA/NBIL Flow Button
[2025-11-17T10:01:27.194Z] [INFO] Element became visible during scroll.
[2025-11-17T10:01:29.686Z] [INFO] Clicking on element View All Files Button
[2025-11-17T10:01:30.475Z] [DEBUG] Clicked on element View All Files Button
[2025-11-17T10:02:06.435Z] [INFO] Sending text 'nuguri.charitha@us.lockton.com.cbqa' to username Input Value
[2025-11-17T10:02:06.759Z] [DEBUG] Sent text 'nuguri.charitha@us.lockton.com.cbqa' to username Input Value
[2025-11-17T10:02:06.762Z] [INFO] Sending text 'Charitha@89' to password Input Value
[2025-11-17T10:02:06.879Z] [DEBUG] Sent text 'Charitha@89' to password Input Value
[2025-11-17T10:02:06.884Z] [INFO] Clicking on element login Button
[2025-11-17T10:02:08.968Z] [DEBUG] Clicked on element login Button
[2025-11-17T10:02:14.362Z] [INFO] Clicking on element setUp Icon
[2025-11-17T10:02:14.551Z] [DEBUG] Clicked on element setUp Icon
[2025-11-17T10:02:22.263Z] [INFO] Clicking on element user Search Result
[2025-11-17T10:02:26.980Z] [DEBUG] Clicked on element user Search Result
[2025-11-17T10:02:45.679Z] [INFO] Clicking on element show Navigation Menu
[2025-11-17T10:02:46.012Z] [DEBUG] Clicked on element show Navigation Menu
[2025-11-17T10:02:46.100Z] [INFO] Clicking on element accounts Menu Item
[2025-11-17T10:02:48.492Z] [DEBUG] Clicked on element accounts Menu Item
[2025-11-17T10:02:49.822Z] [INFO] Clicking on element list View Element
[2025-11-17T10:02:50.204Z] [DEBUG] Clicked on element list View Element
[2025-11-17T10:02:50.277Z] [INFO] Sending text 'All Clients' to searchBox ListViewInput
[2025-11-17T10:02:50.557Z] [DEBUG] Sent text 'All Clients' to searchBox ListViewInput
[2025-11-17T10:02:50.645Z] [INFO] Clicking on element all Clients In List View
[2025-11-17T10:02:51.271Z] [DEBUG] Clicked on element all Clients In List View
[2025-11-17T10:02:51.384Z] [INFO] Clicking on element global Search Button
[2025-11-17T10:02:52.354Z] [DEBUG] Clicked on element global Search Button
[2025-11-17T10:02:52.518Z] [INFO] Sending text '1000 Miglia SRL' to global Search Input
[2025-11-17T10:02:52.904Z] [DEBUG] Sent text '1000 Miglia SRL' to global Search Input
[2025-11-17T10:02:53.821Z] [INFO] Clicking on element global Search Result
[2025-11-17T10:02:54.103Z] [DEBUG] Clicked on element global Search Result
[2025-11-17T10:02:54.106Z] [INFO] AccountPage: Validating account record type: Client
[2025-11-17T10:02:57.903Z] [INFO] AccountPage: Account record type 'Client' is visible.
[2025-11-17T10:02:57.906Z] [INFO] Clicking on element new Opportunity Button
[2025-11-17T10:03:01.046Z] [DEBUG] Clicked on element new Opportunity Button
[2025-11-17T10:03:01.048Z] [INFO] Clicking on element intial Intake Button
[2025-11-17T10:03:02.903Z] [DEBUG] Clicked on element intial Intake Button
[2025-11-17T10:03:02.908Z] [INFO] Clicking on element opportunity Next Button
[2025-11-17T10:03:03.485Z] [DEBUG] Clicked on element opportunity Next Button
[2025-11-17T10:03:05.658Z] [INFO] Sending text 'auto hiqgt' to opportunity Name
[2025-11-17T10:03:06.103Z] [DEBUG] Sent text 'auto hiqgt' to opportunity Name
[2025-11-17T10:03:06.189Z] [INFO] Clicking on element stage DropDown
[2025-11-17T10:03:06.629Z] [DEBUG] Clicked on element stage DropDown
[2025-11-17T10:03:06.691Z] [INFO] Clicking on element stage Value
[2025-11-17T10:03:07.202Z] [DEBUG] Clicked on element stage Value
[2025-11-17T10:03:07.653Z] [INFO] Clicking on element insurance Sub Type Drop Down
[2025-11-17T10:03:08.141Z] [DEBUG] Clicked on element insurance Sub Type Drop Down
[2025-11-17T10:03:08.147Z] [INFO] Clicking on element insurance Type field
[2025-11-17T10:03:08.679Z] [DEBUG] Clicked on element insurance Type field
[2025-11-17T10:03:10.829Z] [INFO] Clicking on element save Button
[2025-11-17T10:03:11.549Z] [DEBUG] Clicked on element save Button
[2025-11-17T10:03:15.983Z] [INFO] Clicking on element show More Actions DropDown
[2025-11-17T10:03:16.593Z] [DEBUG] Clicked on element show More Actions DropDown
[2025-11-17T10:03:16.597Z] [INFO] Clicking on element manage Opportunity Assignment Option
[2025-11-17T10:03:17.042Z] [DEBUG] Clicked on element manage Opportunity Assignment Option
[2025-11-17T10:03:19.678Z] [INFO] Sending text '100' to Primary Producer Allocation TextBox
[2025-11-17T10:03:20.107Z] [DEBUG] Sent text '100' to Primary Producer Allocation TextBox
[2025-11-17T10:03:20.113Z] [INFO] Clicking on element SaveAndClose Button
[2025-11-17T10:03:20.613Z] [DEBUG] Clicked on element SaveAndClose Button
[2025-11-17T10:03:20.618Z] [INFO] Clicking on element edit Button
[2025-11-17T10:03:23.416Z] [DEBUG] Clicked on element edit Button
[2025-11-17T10:03:26.611Z] [INFO] Sending text '11/17/2026' to quote DueDate Field
[2025-11-17T10:03:27.519Z] [DEBUG] Sent text '11/17/2026' to quote DueDate Field
[2025-11-17T10:03:27.521Z] [INFO] Sending text '20000' to enterpriseValueField
[2025-11-17T10:03:28.372Z] [DEBUG] Sent text '20000' to enterpriseValueField
[2025-11-17T10:03:28.377Z] [INFO] Sending text 'Heritage Vet Partners' to target Field
[2025-11-17T10:03:28.967Z] [DEBUG] Sent text 'Heritage Vet Partners' to target Field
[2025-11-17T10:03:28.970Z] [INFO] Sending text 'Target provides a mixed animal vet practice with 28 locations across 12 states.' to target Description Field
[2025-11-17T10:03:29.644Z] [DEBUG] Sent text 'Target provides a mixed animal vet practice with 28 locations across 12 states.' to target Description Field
[2025-11-17T10:03:29.647Z] [INFO] Clicking on element quote DueTime DropDown
[2025-11-17T10:03:30.528Z] [DEBUG] Clicked on element quote DueTime DropDown
[2025-11-17T10:03:30.610Z] [INFO] Clicking on element quote DueTime Value
[2025-11-17T10:03:31.132Z] [DEBUG] Clicked on element quote DueTime Value
[2025-11-17T10:03:31.136Z] [INFO] Clicking on element sellers Idemnity
[2025-11-17T10:03:31.757Z] [DEBUG] Clicked on element sellers Idemnity
[2025-11-17T10:03:31.760Z] [INFO] Clicking on element sellers Idemnity Value
[2025-11-17T10:03:32.387Z] [DEBUG] Clicked on element sellers Idemnity Value
[2025-11-17T10:03:32.391Z] [INFO] Clicking on element buyers Council DropDown
[2025-11-17T10:03:33.331Z] [DEBUG] Clicked on element buyers Council DropDown
[2025-11-17T10:03:33.334Z] [INFO] Clicking on element buyers Council DropDown Value
[2025-11-17T10:03:34.187Z] [DEBUG] Clicked on element buyers Council DropDown Value
[2025-11-17T10:03:34.193Z] [INFO] Sending text '104' to limit Requested
[2025-11-17T10:03:34.802Z] [DEBUG] Sent text '104' to limit Requested
[2025-11-17T10:03:34.804Z] [INFO] Clicking on element save Button
[2025-11-17T10:03:35.833Z] [DEBUG] Clicked on element save Button
[2025-11-17T10:03:35.840Z] [INFO] Clicking on element edit Button
[2025-11-17T10:03:39.333Z] [DEBUG] Clicked on element edit Button
[2025-11-17T10:03:40.752Z] [INFO] Sending text '50' to rollover Percentage
[2025-11-17T10:03:41.634Z] [DEBUG] Sent text '50' to rollover Percentage
[2025-11-17T10:03:41.638Z] [INFO] Sending text 'Test Purchase Agreement' to purchase Agreement
[2025-11-17T10:03:42.229Z] [DEBUG] Sent text 'Test Purchase Agreement' to purchase Agreement
[2025-11-17T10:03:42.234Z] [INFO] Clicking on element sellers Council DropDown
[2025-11-17T10:03:43.224Z] [DEBUG] Clicked on element sellers Council DropDown
[2025-11-17T10:03:43.228Z] [INFO] Clicking on element sellers Council Value
[2025-11-17T10:03:43.973Z] [DEBUG] Clicked on element sellers Council Value
[2025-11-17T10:03:43.976Z] [INFO] Sending text '2000' to limit Requested2
[2025-11-17T10:03:44.700Z] [DEBUG] Sent text '2000' to limit Requested2
[2025-11-17T10:03:44.703Z] [INFO] Clicking on element limit Comments
[2025-11-17T10:03:45.838Z] [DEBUG] Clicked on element limit Comments
[2025-11-17T10:03:45.841Z] [INFO] Sending text 'Test limit Comments' to limit Comments
[2025-11-17T10:03:46.421Z] [DEBUG] Sent text 'Test limit Comments' to limit Comments
[2025-11-17T10:03:46.423Z] [INFO] Clicking on element other Requested Terms
[2025-11-17T10:03:47.272Z] [DEBUG] Clicked on element other Requested Terms
[2025-11-17T10:03:47.275Z] [INFO] Sending text 'Test other requested terms' to other Requested Terms
[2025-11-17T10:03:47.915Z] [DEBUG] Sent text 'Test other requested terms' to other Requested Terms
[2025-11-17T10:03:47.920Z] [INFO] Clicking on element draft Purchase Agreement CheckBox
[2025-11-17T10:03:48.678Z] [DEBUG] Clicked on element draft Purchase Agreement CheckBox
[2025-11-17T10:03:48.681Z] [INFO] Clicking on element type Of Financials DropDown
[2025-11-17T10:03:49.403Z] [DEBUG] Clicked on element type Of Financials DropDown
[2025-11-17T10:03:49.409Z] [INFO] Clicking on element type Of Financials Value
[2025-11-17T10:03:50.162Z] [DEBUG] Clicked on element type Of Financials Value
[2025-11-17T10:03:50.166Z] [INFO] Clicking on element deal Book CheckBox
[2025-11-17T10:03:51.482Z] [DEBUG] Clicked on element deal Book CheckBox
[2025-11-17T10:03:51.488Z] [INFO] Clicking on element legal DropDown
[2025-11-17T10:03:53.256Z] [DEBUG] Clicked on element legal DropDown
[2025-11-17T10:03:53.260Z] [INFO] Clicking on element legal Value
[2025-11-17T10:03:54.857Z] [DEBUG] Clicked on element legal Value
[2025-11-17T10:03:54.860Z] [INFO] Clicking on element financial DropDown
[2025-11-17T10:03:55.669Z] [DEBUG] Clicked on element financial DropDown
[2025-11-17T10:03:55.858Z] [INFO] Clicking on element financial Value
[2025-11-17T10:03:56.748Z] [DEBUG] Clicked on element financial Value
[2025-11-17T10:03:56.751Z] [INFO] Clicking on element tax DropDown
[2025-11-17T10:03:57.837Z] [DEBUG] Clicked on element tax DropDown
[2025-11-17T10:03:57.842Z] [INFO] Clicking on element tax Value
[2025-11-17T10:03:58.640Z] [DEBUG] Clicked on element tax Value
[2025-11-17T10:03:58.643Z] [INFO] Clicking on element save Button
[2025-11-17T10:03:59.781Z] [DEBUG] Clicked on element save Button
[2025-11-17T10:04:00.063Z] [INFO] Clicking on element global Search Button
[2025-11-17T10:04:02.648Z] [DEBUG] Clicked on element global Search Button
[2025-11-17T10:04:02.707Z] [INFO] Sending text 'ASQ Underwriting' to global Search Input
[2025-11-17T10:04:03.231Z] [DEBUG] Sent text 'ASQ Underwriting' to global Search Input
[2025-11-17T10:04:04.636Z] [INFO] Clicking on element global Search Result
[2025-11-17T10:04:05.191Z] [DEBUG] Clicked on element global Search Result
[2025-11-17T10:04:08.355Z] [INFO] Clicking on element taxCarriers Header
[2025-11-17T10:04:08.997Z] [DEBUG] Clicked on element taxCarriers Header
[2025-11-17T10:04:09.884Z] [INFO] Clicking on element Close Last Account Tab
[2025-11-17T10:04:10.227Z] [DEBUG] Clicked on element Close Last Account Tab
[2025-11-17T10:04:10.229Z] [INFO] Clicking on element opportunity Tab
[2025-11-17T10:04:10.964Z] [DEBUG] Clicked on element opportunity Tab
[2025-11-17T10:04:11.075Z] [INFO] Clicking on element NBIL New Button
[2025-11-17T10:04:11.779Z] [DEBUG] Clicked on element NBIL New Button
[2025-11-17T10:04:14.136Z] [INFO] Clicking on element all Carriers Value 
[2025-11-17T10:04:14.548Z] [DEBUG] Clicked on element all Carriers Value 
[2025-11-17T10:04:14.946Z] [INFO] Clicking on element nbilNextButton
[2025-11-17T10:04:15.292Z] [DEBUG] Clicked on element nbilNextButton
[2025-11-17T10:04:15.296Z] [INFO] Sending text 'nuguri.charitha@us.lockton.com' to email Id
[2025-11-17T10:04:17.538Z] [DEBUG] Sent text 'nuguri.charitha@us.lockton.com' to email Id
[2025-11-17T10:04:17.707Z] [INFO] Subject field is validated successfully with opportunity name.
[2025-11-17T10:04:23.098Z] [INFO] Clicking on element Done Button
[2025-11-17T10:04:23.538Z] [DEBUG] Clicked on element Done Button
[2025-11-17T10:04:29.652Z] [INFO] Clicking on element Done Button
[2025-11-17T10:04:30.310Z] [DEBUG] Clicked on element Done Button
[2025-11-17T10:04:36.361Z] [INFO] Clicking on element Done Button
[2025-11-17T10:04:36.922Z] [DEBUG] Clicked on element Done Button
[2025-11-17T10:04:37.650Z] [INFO] Clicking on element Previous Button
[2025-11-17T10:04:38.078Z] [DEBUG] Clicked on element Previous Button
[2025-11-17T10:04:40.146Z] [INFO] Clicking on element Next Button
[2025-11-17T10:04:40.583Z] [DEBUG] Clicked on element Next Button
[2025-11-17T10:04:43.868Z] [INFO] Sending text 'nuguri.charitha@us.lockton.com' to email Id
[2025-11-17T10:04:44.238Z] [DEBUG] Sent text 'nuguri.charitha@us.lockton.com' to email Id
[2025-11-17T10:04:49.673Z] [INFO] Clicking on element Done Button
[2025-11-17T10:04:50.325Z] [DEBUG] Clicked on element Done Button
[2025-11-17T10:04:56.353Z] [INFO] Clicking on element Done Button
[2025-11-17T10:04:56.905Z] [DEBUG] Clicked on element Done Button
[2025-11-17T10:05:03.037Z] [INFO] Clicking on element Done Button
[2025-11-17T10:05:03.650Z] [DEBUG] Clicked on element Done Button
[2025-11-17T10:05:10.469Z] [INFO] Clicking on element Done Button
[2025-11-17T10:05:11.776Z] [DEBUG] Clicked on element Done Button
[2025-11-17T10:05:14.321Z] [INFO] Clicking on element Close Duplicate Error Button
[2025-11-17T10:05:15.286Z] [DEBUG] Clicked on element Close Duplicate Error Button
[2025-11-17T10:05:15.470Z] [INFO] Clicking on element Delete file button
[2025-11-17T10:05:16.303Z] [DEBUG] Clicked on element Delete file button
[2025-11-17T10:05:16.417Z] [INFO] Clicking on element preview Text
[2025-11-17T10:05:17.075Z] [DEBUG] Clicked on element preview Text
[2025-11-17T10:05:20.607Z] [INFO] Sending text 'nuguri.charitha@us.lockton.com.cbqa' to cc Field Locator
[2025-11-17T10:05:20.974Z] [DEBUG] Sent text 'nuguri.charitha@us.lockton.com.cbqa' to cc Field Locator
[2025-11-17T10:05:20.980Z] [INFO] Clicking on element send Button
[2025-11-17T10:05:21.359Z] [DEBUG] Clicked on element send Button
[2025-11-17T10:05:26.123Z] [INFO] Clicking on element successWindow Close Button
[2025-11-17T10:05:26.632Z] [DEBUG] Clicked on element successWindow Close Button
[2025-11-17T10:05:29.780Z] [INFO] Clicking on element activity Tab
[2025-11-17T10:05:32.838Z] [DEBUG] Clicked on element activity Tab
[2025-11-17T10:05:33.135Z] [INFO] Clicking on element Email Request Sent Link
[2025-11-17T10:05:34.508Z] [DEBUG] Clicked on element Email Request Sent Link
[2025-11-17T10:05:34.510Z] [INFO] Clicking on element Email Details Tab
[2025-11-17T10:05:36.863Z] [DEBUG] Clicked on element Email Details Tab
[2025-11-17T10:05:36.868Z] [INFO] Clicking on element Email Details Tab
[2025-11-17T10:05:37.438Z] [DEBUG] Clicked on element Email Details Tab
[2025-11-17T10:05:38.181Z] [INFO] Clicking on element Close NBIL Sub Tab
[2025-11-17T10:05:38.388Z] [DEBUG] Clicked on element Close NBIL Sub Tab
[2025-11-17T10:05:38.677Z] [INFO] Clicking on element activity Tab
[2025-11-17T10:05:39.126Z] [DEBUG] Clicked on element activity Tab
[2025-11-17T10:05:39.194Z] [INFO] Scrolling attempt 1
[2025-11-17T10:05:39.773Z] [INFO] Scrolling attempt 2
[2025-11-17T10:05:40.485Z] [INFO] Element became visible during scroll.
[2025-11-17T10:05:42.695Z] [INFO] Clicking on element View All Files Button
[2025-11-17T10:05:43.208Z] [DEBUG] Clicked on element View All Files Button
[2025-11-17T10:05:46.470Z] [INFO] Clicking on element Close Files Sub Tab
[2025-11-17T10:05:46.812Z] [DEBUG] Clicked on element Close Files Sub Tab
[2025-11-17T10:05:47.236Z] [INFO] Clicking on element NBIL New Button
[2025-11-17T10:05:47.839Z] [DEBUG] Clicked on element NBIL New Button
[2025-11-17T10:05:50.103Z] [INFO] Clicking on element all Carriers Value 
[2025-11-17T10:05:50.349Z] [DEBUG] Clicked on element all Carriers Value 
[2025-11-17T10:05:50.552Z] [INFO] Clicking on element nbilNextButton
[2025-11-17T10:05:50.862Z] [DEBUG] Clicked on element nbilNextButton
[2025-11-17T10:05:50.865Z] [INFO] Sending text 'nuguri.charitha@us.lockton.com.cbqa' to email Id
[2025-11-17T10:05:52.864Z] [DEBUG] Sent text 'nuguri.charitha@us.lockton.com.cbqa' to email Id
[2025-11-17T10:05:58.078Z] [INFO] Clicking on element Done Button
[2025-11-17T10:05:58.359Z] [DEBUG] Clicked on element Done Button
[2025-11-17T10:06:04.212Z] [INFO] Clicking on element Done Button
[2025-11-17T10:06:04.333Z] [ERROR] Failed to click on element Done Button: Error: Element is not enabled and cannot be clicked
[2025-11-17T10:06:22.708Z] [INFO] Sending text 'nuguri.charitha@us.lockton.com.cbqa' to username Input Value
[2025-11-17T10:06:23.212Z] [DEBUG] Sent text 'nuguri.charitha@us.lockton.com.cbqa' to username Input Value
[2025-11-17T10:06:23.218Z] [INFO] Sending text 'Charitha@89' to password Input Value
[2025-11-17T10:06:23.420Z] [DEBUG] Sent text 'Charitha@89' to password Input Value
[2025-11-17T10:06:23.425Z] [INFO] Clicking on element login Button
[2025-11-17T10:06:25.458Z] [DEBUG] Clicked on element login Button
[2025-11-17T10:06:32.033Z] [INFO] Clicking on element setUp Icon
[2025-11-17T10:06:32.358Z] [DEBUG] Clicked on element setUp Icon
[2025-11-17T10:06:41.504Z] [INFO] Clicking on element user Search Result
[2025-11-17T10:06:41.915Z] [DEBUG] Clicked on element user Search Result
[2025-11-17T10:07:02.558Z] [INFO] Clicking on element show Navigation Menu
[2025-11-17T10:07:02.803Z] [DEBUG] Clicked on element show Navigation Menu
[2025-11-17T10:07:03.088Z] [INFO] Clicking on element accounts Menu Item
[2025-11-17T10:07:13.177Z] [ERROR] Failed to click on element accounts Menu Item: TimeoutError: locator.waitFor: Timeout 10000ms exceeded.
Call log:
[2m  - waiting for locator('//a[@role=\'menuitem\' and @data-label=\'Accounts\']')[22m

[2025-11-17T10:07:23.340Z] [INFO] Sending text 'nuguri.charitha@us.lockton.com.cbqa' to username Input Value
[2025-11-17T10:07:23.756Z] [DEBUG] Sent text 'nuguri.charitha@us.lockton.com.cbqa' to username Input Value
[2025-11-17T10:07:23.767Z] [INFO] Sending text 'Charitha@89' to password Input Value
[2025-11-17T10:07:23.992Z] [DEBUG] Sent text 'Charitha@89' to password Input Value
[2025-11-17T10:07:23.997Z] [INFO] Clicking on element login Button
[2025-11-17T10:07:26.105Z] [DEBUG] Clicked on element login Button
[2025-11-17T10:07:31.528Z] [INFO] Clicking on element setUp Icon
[2025-11-17T10:07:32.146Z] [DEBUG] Clicked on element setUp Icon
[2025-11-17T10:07:42.014Z] [INFO] Clicking on element user Search Result
[2025-11-17T10:07:42.527Z] [DEBUG] Clicked on element user Search Result
[2025-11-17T10:08:03.342Z] [INFO] Clicking on element show Navigation Menu
[2025-11-17T10:08:04.204Z] [DEBUG] Clicked on element show Navigation Menu
[2025-11-17T10:08:04.464Z] [INFO] Clicking on element accounts Menu Item
[2025-11-17T10:08:05.319Z] [DEBUG] Clicked on element accounts Menu Item
[2025-11-17T10:08:09.321Z] [INFO] Clicking on element list View Element
[2025-11-17T10:08:10.362Z] [DEBUG] Clicked on element list View Element
[2025-11-17T10:08:10.427Z] [INFO] Sending text 'All Clients' to searchBox ListViewInput
[2025-11-17T10:08:10.648Z] [DEBUG] Sent text 'All Clients' to searchBox ListViewInput
[2025-11-17T10:08:10.714Z] [INFO] Clicking on element all Clients In List View
[2025-11-17T10:08:11.206Z] [DEBUG] Clicked on element all Clients In List View
[2025-11-17T10:08:11.254Z] [INFO] Clicking on element global Search Button
[2025-11-17T10:08:12.477Z] [DEBUG] Clicked on element global Search Button
[2025-11-17T10:08:12.738Z] [INFO] Sending text '1000 Miglia SRL' to global Search Input
[2025-11-17T10:08:13.609Z] [DEBUG] Sent text '1000 Miglia SRL' to global Search Input
[2025-11-17T10:08:15.239Z] [INFO] Clicking on element global Search Result
[2025-11-17T10:08:15.747Z] [DEBUG] Clicked on element global Search Result
[2025-11-17T10:08:15.751Z] [INFO] AccountPage: Validating account record type: Client
[2025-11-17T10:08:19.749Z] [INFO] AccountPage: Account record type 'Client' is visible.
[2025-11-17T10:08:19.752Z] [INFO] Clicking on element new Opportunity Button
[2025-11-17T10:08:23.785Z] [DEBUG] Clicked on element new Opportunity Button
[2025-11-17T10:08:23.786Z] [INFO] Clicking on element intial Intake Button
[2025-11-17T10:08:25.281Z] [DEBUG] Clicked on element intial Intake Button
[2025-11-17T10:08:25.283Z] [INFO] Clicking on element opportunity Next Button
[2025-11-17T10:08:26.020Z] [DEBUG] Clicked on element opportunity Next Button
[2025-11-17T10:08:28.639Z] [INFO] Sending text 'auto vdtbk' to opportunity Name
[2025-11-17T10:08:29.254Z] [DEBUG] Sent text 'auto vdtbk' to opportunity Name
[2025-11-17T10:08:29.337Z] [INFO] Clicking on element stage DropDown
[2025-11-17T10:08:29.956Z] [DEBUG] Clicked on element stage DropDown
[2025-11-17T10:08:40.467Z] [INFO] Sending text 'nuguri.charitha@us.lockton.com.cbqa' to username Input Value
[2025-11-17T10:08:40.860Z] [DEBUG] Sent text 'nuguri.charitha@us.lockton.com.cbqa' to username Input Value
[2025-11-17T10:08:40.863Z] [INFO] Sending text 'Charitha@89' to password Input Value
[2025-11-17T10:08:41.048Z] [DEBUG] Sent text 'Charitha@89' to password Input Value
[2025-11-17T10:08:41.054Z] [INFO] Clicking on element login Button
[2025-11-17T10:08:43.429Z] [DEBUG] Clicked on element login Button
[2025-11-17T10:08:49.420Z] [INFO] Clicking on element setUp Icon
[2025-11-17T10:08:49.678Z] [DEBUG] Clicked on element setUp Icon
[2025-11-17T10:08:58.988Z] [INFO] Clicking on element user Search Result
[2025-11-17T10:08:59.623Z] [DEBUG] Clicked on element user Search Result
[2025-11-17T10:09:20.274Z] [INFO] Clicking on element show Navigation Menu
[2025-11-17T10:09:21.257Z] [DEBUG] Clicked on element show Navigation Menu
[2025-11-17T10:09:21.355Z] [INFO] Clicking on element accounts Menu Item
[2025-11-17T10:09:21.709Z] [DEBUG] Clicked on element accounts Menu Item
[2025-11-17T10:09:23.225Z] [INFO] Clicking on element list View Element
[2025-11-17T10:09:23.591Z] [DEBUG] Clicked on element list View Element
[2025-11-17T10:09:23.650Z] [INFO] Sending text 'All Clients' to searchBox ListViewInput
[2025-11-17T10:09:23.830Z] [DEBUG] Sent text 'All Clients' to searchBox ListViewInput
[2025-11-17T10:09:23.907Z] [INFO] Clicking on element all Clients In List View
[2025-11-17T10:09:24.452Z] [DEBUG] Clicked on element all Clients In List View
[2025-11-17T10:09:24.552Z] [INFO] Clicking on element global Search Button
[2025-11-17T10:09:26.282Z] [DEBUG] Clicked on element global Search Button
[2025-11-17T10:09:26.364Z] [INFO] Sending text '1000 Miglia SRL' to global Search Input
[2025-11-17T10:09:26.744Z] [DEBUG] Sent text '1000 Miglia SRL' to global Search Input
[2025-11-17T10:09:27.751Z] [INFO] Clicking on element global Search Result
[2025-11-17T10:09:28.237Z] [DEBUG] Clicked on element global Search Result
[2025-11-17T10:09:28.242Z] [INFO] AccountPage: Validating account record type: Client
[2025-11-17T10:09:33.138Z] [INFO] AccountPage: Account record type 'Client' is visible.
[2025-11-17T10:09:33.141Z] [INFO] Clicking on element new Opportunity Button
[2025-11-17T10:09:37.616Z] [DEBUG] Clicked on element new Opportunity Button
[2025-11-17T10:09:37.618Z] [INFO] Clicking on element intial Intake Button
[2025-11-17T10:09:39.118Z] [DEBUG] Clicked on element intial Intake Button
[2025-11-17T10:09:39.121Z] [INFO] Clicking on element opportunity Next Button
[2025-11-17T10:09:39.833Z] [DEBUG] Clicked on element opportunity Next Button
[2025-11-17T10:09:41.499Z] [INFO] Sending text 'auto lblgf' to opportunity Name
[2025-11-17T10:09:41.795Z] [DEBUG] Sent text 'auto lblgf' to opportunity Name
[2025-11-17T10:09:41.887Z] [INFO] Clicking on element stage DropDown
[2025-11-17T10:09:42.243Z] [DEBUG] Clicked on element stage DropDown
[2025-11-17T10:09:42.306Z] [INFO] Clicking on element stage Value
[2025-11-17T10:09:42.639Z] [DEBUG] Clicked on element stage Value
[2025-11-17T10:09:43.204Z] [INFO] Clicking on element insurance DropDown
[2025-11-17T10:09:43.486Z] [DEBUG] Clicked on element insurance DropDown
[2025-11-17T10:09:43.583Z] [INFO] Clicking on element Insurance Type Option
[2025-11-17T10:09:43.844Z] [DEBUG] Clicked on element Insurance Type Option
[2025-11-17T10:09:43.846Z] [INFO] Clicking on element insurance Sub Type Drop Down
[2025-11-17T10:09:44.124Z] [DEBUG] Clicked on element insurance Sub Type Drop Down
[2025-11-17T10:09:44.126Z] [INFO] Clicking on element insurance Type field
[2025-11-17T10:09:44.404Z] [DEBUG] Clicked on element insurance Type field
[2025-11-17T10:09:46.448Z] [INFO] Clicking on element save Button
[2025-11-17T10:09:46.712Z] [DEBUG] Clicked on element save Button
[2025-11-17T10:09:50.297Z] [INFO] Clicking on element show More Actions DropDown
[2025-11-17T10:09:50.912Z] [DEBUG] Clicked on element show More Actions DropDown
[2025-11-17T10:09:50.914Z] [INFO] Clicking on element manage Opportunity Assignment Option
[2025-11-17T10:09:51.348Z] [DEBUG] Clicked on element manage Opportunity Assignment Option
[2025-11-17T10:09:53.308Z] [INFO] Sending text '100' to Primary Producer Allocation TextBox
[2025-11-17T10:09:53.620Z] [DEBUG] Sent text '100' to Primary Producer Allocation TextBox
[2025-11-17T10:09:53.622Z] [INFO] Clicking on element SaveAndClose Button
[2025-11-17T10:09:54.078Z] [DEBUG] Clicked on element SaveAndClose Button
[2025-11-17T10:09:54.081Z] [INFO] Clicking on element edit Button
[2025-11-17T10:09:56.100Z] [DEBUG] Clicked on element edit Button
[2025-11-17T10:09:59.444Z] [INFO] Sending text '11/17/2026' to quote DueDate Field
[2025-11-17T10:10:00.512Z] [DEBUG] Sent text '11/17/2026' to quote DueDate Field
[2025-11-17T10:10:00.514Z] [INFO] Sending text '800' to enterpriseValueField
[2025-11-17T10:10:01.059Z] [DEBUG] Sent text '800' to enterpriseValueField
[2025-11-17T10:10:01.061Z] [INFO] Sending text 'Progeny Health LLC' to target Field
[2025-11-17T10:10:01.466Z] [DEBUG] Sent text 'Progeny Health LLC' to target Field
[2025-11-17T10:10:01.468Z] [INFO] Sending text 'The company provides Utilization and healthcare services in the U.S.' to target Description Field
[2025-11-17T10:10:01.938Z] [DEBUG] Sent text 'The company provides Utilization and healthcare services in the U.S.' to target Description Field
[2025-11-17T10:10:01.941Z] [INFO] Clicking on element quote DueTime DropDown
[2025-11-17T10:10:02.505Z] [DEBUG] Clicked on element quote DueTime DropDown
[2025-11-17T10:10:02.580Z] [INFO] Clicking on element quote DueTime Value
[2025-11-17T10:10:02.973Z] [DEBUG] Clicked on element quote DueTime Value
[2025-11-17T10:10:02.976Z] [INFO] Clicking on element buyers Council DropDown
[2025-11-17T10:10:03.466Z] [DEBUG] Clicked on element buyers Council DropDown
[2025-11-17T10:10:03.467Z] [INFO] Clicking on element buyers Council DropDown Value
[2025-11-17T10:10:03.956Z] [DEBUG] Clicked on element buyers Council DropDown Value
[2025-11-17T10:10:03.959Z] [INFO] Sending text '108' to limit Requested
[2025-11-17T10:10:04.357Z] [DEBUG] Sent text '108' to limit Requested
[2025-11-17T10:10:04.359Z] [INFO] Clicking on element save Button
[2025-11-17T10:10:04.836Z] [DEBUG] Clicked on element save Button
[2025-11-17T10:10:04.840Z] [INFO] Clicking on element edit Button
[2025-11-17T10:10:07.926Z] [DEBUG] Clicked on element edit Button
[2025-11-17T10:10:09.318Z] [INFO] Sending text '35' to rollover Percentage
[2025-11-17T10:10:10.047Z] [DEBUG] Sent text '35' to rollover Percentage
[2025-11-17T10:10:10.049Z] [INFO] Sending text 'Test Purchase Agreement' to purchase Agreement
[2025-11-17T10:10:10.448Z] [DEBUG] Sent text 'Test Purchase Agreement' to purchase Agreement
[2025-11-17T10:10:10.450Z] [INFO] Clicking on element sellers Council DropDown
[2025-11-17T10:10:11.231Z] [DEBUG] Clicked on element sellers Council DropDown
[2025-11-17T10:10:11.232Z] [INFO] Clicking on element sellers Council Value
[2025-11-17T10:10:11.923Z] [DEBUG] Clicked on element sellers Council Value
[2025-11-17T10:10:11.925Z] [INFO] Sending text '300' to limit Requested2
[2025-11-17T10:10:12.358Z] [DEBUG] Sent text '300' to limit Requested2
[2025-11-17T10:10:12.359Z] [INFO] Clicking on element limit Comments
[2025-11-17T10:10:12.813Z] [DEBUG] Clicked on element limit Comments
[2025-11-17T10:10:12.814Z] [INFO] Sending text 'Test limit Comments' to limit Comments
[2025-11-17T10:10:13.227Z] [DEBUG] Sent text 'Test limit Comments' to limit Comments
[2025-11-17T10:10:13.229Z] [INFO] Clicking on element other Requested Terms
[2025-11-17T10:10:13.835Z] [DEBUG] Clicked on element other Requested Terms
[2025-11-17T10:10:13.836Z] [INFO] Sending text 'Test other requested terms' to other Requested Terms
[2025-11-17T10:10:14.197Z] [DEBUG] Sent text 'Test other requested terms' to other Requested Terms
[2025-11-17T10:10:14.199Z] [INFO] Clicking on element draft Purchase Agreement CheckBox
[2025-11-17T10:10:14.642Z] [DEBUG] Clicked on element draft Purchase Agreement CheckBox
[2025-11-17T10:10:14.644Z] [INFO] Clicking on element type Of Financials DropDown
[2025-11-17T10:10:15.074Z] [DEBUG] Clicked on element type Of Financials DropDown
[2025-11-17T10:10:15.077Z] [INFO] Clicking on element type Of Financials Value
[2025-11-17T10:10:15.507Z] [DEBUG] Clicked on element type Of Financials Value
[2025-11-17T10:10:15.509Z] [INFO] Clicking on element deal Book CheckBox
[2025-11-17T10:10:15.946Z] [DEBUG] Clicked on element deal Book CheckBox
[2025-11-17T10:10:15.948Z] [INFO] Clicking on element legal DropDown
[2025-11-17T10:10:16.697Z] [DEBUG] Clicked on element legal DropDown
[2025-11-17T10:10:16.699Z] [INFO] Clicking on element legal Value
[2025-11-17T10:10:17.281Z] [DEBUG] Clicked on element legal Value
[2025-11-17T10:10:17.283Z] [INFO] Clicking on element financial DropDown
[2025-11-17T10:10:17.853Z] [DEBUG] Clicked on element financial DropDown
[2025-11-17T10:10:17.961Z] [INFO] Clicking on element financial Value
[2025-11-17T10:10:18.493Z] [DEBUG] Clicked on element financial Value
[2025-11-17T10:10:18.496Z] [INFO] Clicking on element tax DropDown
[2025-11-17T10:10:19.063Z] [DEBUG] Clicked on element tax DropDown
[2025-11-17T10:10:19.064Z] [INFO] Clicking on element tax Value
[2025-11-17T10:10:19.608Z] [DEBUG] Clicked on element tax Value
[2025-11-17T10:10:19.612Z] [INFO] Clicking on element save Button
[2025-11-17T10:10:20.163Z] [DEBUG] Clicked on element save Button
[2025-11-17T10:10:20.300Z] [INFO] Clicking on element global Search Button
[2025-11-17T10:10:23.708Z] [DEBUG] Clicked on element global Search Button
[2025-11-17T10:10:23.757Z] [INFO] Sending text 'ANV Underwriters' to global Search Input
[2025-11-17T10:10:23.997Z] [DEBUG] Sent text 'ANV Underwriters' to global Search Input
[2025-11-17T10:10:24.949Z] [INFO] Clicking on element global Search Result
[2025-11-17T10:10:25.237Z] [DEBUG] Clicked on element global Search Result
[2025-11-17T10:10:27.541Z] [INFO] Clicking on element taxCarriers Header
[2025-11-17T10:10:27.879Z] [DEBUG] Clicked on element taxCarriers Header
[2025-11-17T10:10:28.682Z] [INFO] Clicking on element Close Last Account Tab
[2025-11-17T10:10:28.918Z] [DEBUG] Clicked on element Close Last Account Tab
[2025-11-17T10:10:28.921Z] [INFO] Clicking on element opportunity Tab
[2025-11-17T10:10:29.520Z] [DEBUG] Clicked on element opportunity Tab
[2025-11-17T10:10:29.616Z] [INFO] Clicking on element NBIL New Button
[2025-11-17T10:10:30.075Z] [DEBUG] Clicked on element NBIL New Button
[2025-11-17T10:10:32.320Z] [INFO] Clicking on element all Carriers Value 
[2025-11-17T10:10:32.607Z] [DEBUG] Clicked on element all Carriers Value 
[2025-11-17T10:10:32.823Z] [INFO] Clicking on element nbilNextButton
[2025-11-17T10:10:33.083Z] [DEBUG] Clicked on element nbilNextButton
[2025-11-17T10:10:33.086Z] [INFO] Sending text 'nuguri.charitha@us.lockton.com' to email Id
[2025-11-17T10:10:35.141Z] [DEBUG] Sent text 'nuguri.charitha@us.lockton.com' to email Id
[2025-11-17T10:10:35.234Z] [INFO] Subject field is validated successfully with opportunity name.
[2025-11-17T10:10:40.531Z] [INFO] Clicking on element Done Button
[2025-11-17T10:10:40.926Z] [DEBUG] Clicked on element Done Button
[2025-11-17T10:10:46.837Z] [INFO] Clicking on element Done Button
[2025-11-17T10:10:47.370Z] [DEBUG] Clicked on element Done Button
[2025-11-17T10:10:53.402Z] [INFO] Clicking on element Done Button
[2025-11-17T10:10:53.734Z] [DEBUG] Clicked on element Done Button
[2025-11-17T10:10:54.505Z] [INFO] Clicking on element Previous Button
[2025-11-17T10:10:54.803Z] [DEBUG] Clicked on element Previous Button
[2025-11-17T10:10:56.939Z] [INFO] Clicking on element Next Button
[2025-11-17T10:10:59.799Z] [DEBUG] Clicked on element Next Button
[2025-11-17T10:11:03.133Z] [INFO] Sending text 'nuguri.charitha@us.lockton.com' to email Id
[2025-11-17T10:11:03.452Z] [DEBUG] Sent text 'nuguri.charitha@us.lockton.com' to email Id
[2025-11-17T10:11:08.828Z] [INFO] Clicking on element Done Button
[2025-11-17T10:11:09.277Z] [DEBUG] Clicked on element Done Button
[2025-11-17T10:11:15.207Z] [INFO] Clicking on element Done Button
[2025-11-17T10:11:15.541Z] [DEBUG] Clicked on element Done Button
[2025-11-17T10:11:21.368Z] [INFO] Clicking on element Done Button
[2025-11-17T10:11:21.734Z] [DEBUG] Clicked on element Done Button
[2025-11-17T10:11:27.812Z] [INFO] Clicking on element Done Button
[2025-11-17T10:11:28.165Z] [DEBUG] Clicked on element Done Button
[2025-11-17T10:11:47.132Z] [INFO] Sending text 'nuguri.charitha@us.lockton.com.cbqa' to username Input Value
[2025-11-17T10:11:47.671Z] [DEBUG] Sent text 'nuguri.charitha@us.lockton.com.cbqa' to username Input Value
[2025-11-17T10:11:47.679Z] [INFO] Sending text 'Charitha@89' to password Input Value
[2025-11-17T10:11:47.826Z] [DEBUG] Sent text 'Charitha@89' to password Input Value
[2025-11-17T10:11:47.833Z] [INFO] Clicking on element login Button
[2025-11-17T10:11:50.084Z] [DEBUG] Clicked on element login Button
[2025-11-17T10:11:56.100Z] [INFO] Clicking on element setUp Icon
[2025-11-17T10:11:56.385Z] [DEBUG] Clicked on element setUp Icon
[2025-11-17T10:12:04.283Z] [INFO] Clicking on element user Search Result
[2025-11-17T10:12:04.973Z] [DEBUG] Clicked on element user Search Result
[2025-11-17T10:12:23.499Z] [INFO] Clicking on element show Navigation Menu
[2025-11-17T10:12:23.757Z] [DEBUG] Clicked on element show Navigation Menu
[2025-11-17T10:12:23.780Z] [INFO] Clicking on element accounts Menu Item
[2025-11-17T10:12:25.685Z] [DEBUG] Clicked on element accounts Menu Item
[2025-11-17T10:12:27.160Z] [INFO] Clicking on element list View Element
[2025-11-17T10:12:27.576Z] [DEBUG] Clicked on element list View Element
[2025-11-17T10:12:27.648Z] [INFO] Sending text 'All Clients' to searchBox ListViewInput
[2025-11-17T10:12:27.987Z] [DEBUG] Sent text 'All Clients' to searchBox ListViewInput
[2025-11-17T10:12:28.105Z] [INFO] Clicking on element all Clients In List View
[2025-11-17T10:12:28.714Z] [DEBUG] Clicked on element all Clients In List View
[2025-11-17T10:12:28.825Z] [INFO] Clicking on element global Search Button
[2025-11-17T10:12:30.245Z] [DEBUG] Clicked on element global Search Button
[2025-11-17T10:12:30.485Z] [INFO] Sending text '1000 Miglia SRL' to global Search Input
[2025-11-17T10:12:31.022Z] [DEBUG] Sent text '1000 Miglia SRL' to global Search Input
[2025-11-17T10:12:32.022Z] [INFO] Clicking on element global Search Result
[2025-11-17T10:12:32.538Z] [DEBUG] Clicked on element global Search Result
[2025-11-17T10:12:32.541Z] [INFO] AccountPage: Validating account record type: Client
[2025-11-17T10:12:37.042Z] [INFO] AccountPage: Account record type 'Client' is visible.
[2025-11-17T10:12:37.045Z] [INFO] Clicking on element new Opportunity Button
[2025-11-17T10:12:41.841Z] [DEBUG] Clicked on element new Opportunity Button
[2025-11-17T10:12:41.843Z] [INFO] Clicking on element intial Intake Button
[2025-11-17T10:12:44.246Z] [DEBUG] Clicked on element intial Intake Button
[2025-11-17T10:12:44.247Z] [INFO] Clicking on element opportunity Next Button
[2025-11-17T10:12:44.886Z] [DEBUG] Clicked on element opportunity Next Button
[2025-11-17T10:12:46.787Z] [INFO] Sending text 'auto dclfb' to opportunity Name
[2025-11-17T10:12:47.484Z] [DEBUG] Sent text 'auto dclfb' to opportunity Name
[2025-11-17T10:12:47.627Z] [INFO] Clicking on element stage DropDown
[2025-11-17T10:12:48.632Z] [DEBUG] Clicked on element stage DropDown
[2025-11-17T10:12:48.815Z] [INFO] Clicking on element stage Value
[2025-11-17T10:12:49.476Z] [DEBUG] Clicked on element stage Value
[2025-11-17T10:12:50.518Z] [INFO] Clicking on element insurance DropDown
[2025-11-17T10:12:51.205Z] [DEBUG] Clicked on element insurance DropDown
[2025-11-17T10:12:51.466Z] [INFO] Clicking on element Insurance Type Option
[2025-11-17T10:12:52.155Z] [DEBUG] Clicked on element Insurance Type Option
[2025-11-17T10:12:52.159Z] [INFO] Clicking on element insurance Sub Type Drop Down
[2025-11-17T10:12:52.836Z] [DEBUG] Clicked on element insurance Sub Type Drop Down
[2025-11-17T10:12:52.839Z] [INFO] Clicking on element insurance Type field
[2025-11-17T10:12:53.509Z] [DEBUG] Clicked on element insurance Type field
[2025-11-17T10:12:55.631Z] [INFO] Clicking on element save Button
[2025-11-17T10:12:56.137Z] [DEBUG] Clicked on element save Button
[2025-11-17T10:12:59.989Z] [INFO] Clicking on element show More Actions DropDown
[2025-11-17T10:13:01.004Z] [DEBUG] Clicked on element show More Actions DropDown
[2025-11-17T10:13:01.007Z] [INFO] Clicking on element manage Opportunity Assignment Option
[2025-11-17T10:13:02.061Z] [DEBUG] Clicked on element manage Opportunity Assignment Option
[2025-11-17T10:13:04.644Z] [INFO] Sending text '100' to Primary Producer Allocation TextBox
[2025-11-17T10:13:05.299Z] [DEBUG] Sent text '100' to Primary Producer Allocation TextBox
[2025-11-17T10:13:05.305Z] [INFO] Clicking on element SaveAndClose Button
[2025-11-17T10:13:06.130Z] [DEBUG] Clicked on element SaveAndClose Button
[2025-11-17T10:13:06.136Z] [INFO] Clicking on element edit Button
[2025-11-17T10:13:09.184Z] [DEBUG] Clicked on element edit Button
[2025-11-17T10:13:13.189Z] [INFO] Sending text '11/17/2026' to quote DueDate Field
[2025-11-17T10:13:14.479Z] [DEBUG] Sent text '11/17/2026' to quote DueDate Field
[2025-11-17T10:13:14.482Z] [INFO] Sending text '900' to enterpriseValueField
[2025-11-17T10:13:15.484Z] [DEBUG] Sent text '900' to enterpriseValueField
[2025-11-17T10:13:15.488Z] [INFO] Sending text 'A&M Home Services' to target Field
[2025-11-17T10:13:16.444Z] [DEBUG] Sent text 'A&M Home Services' to target Field
[2025-11-17T10:13:16.448Z] [INFO] Sending text 'It is for New Single-Family Housing Construction (except For-Sale Builders)' to target Description Field
[2025-11-17T10:13:17.565Z] [DEBUG] Sent text 'It is for New Single-Family Housing Construction (except For-Sale Builders)' to target Description Field
[2025-11-17T10:13:17.568Z] [INFO] Clicking on element quote DueTime DropDown
[2025-11-17T10:13:18.816Z] [DEBUG] Clicked on element quote DueTime DropDown
[2025-11-17T10:13:19.064Z] [INFO] Clicking on element quote DueTime Value
[2025-11-17T10:13:20.115Z] [DEBUG] Clicked on element quote DueTime Value
[2025-11-17T10:13:20.119Z] [INFO] Clicking on element buyers Council DropDown
[2025-11-17T10:13:21.706Z] [DEBUG] Clicked on element buyers Council DropDown
[2025-11-17T10:13:21.710Z] [INFO] Clicking on element buyers Council DropDown Value
[2025-11-17T10:13:23.197Z] [DEBUG] Clicked on element buyers Council DropDown Value
[2025-11-17T10:13:23.199Z] [INFO] Sending text '109' to limit Requested
[2025-11-17T10:13:24.413Z] [DEBUG] Sent text '109' to limit Requested
[2025-11-17T10:13:24.422Z] [INFO] Clicking on element save Button
[2025-11-17T10:13:25.909Z] [DEBUG] Clicked on element save Button
[2025-11-17T10:13:25.914Z] [INFO] Clicking on element edit Button
[2025-11-17T10:13:28.820Z] [DEBUG] Clicked on element edit Button
[2025-11-17T10:13:29.991Z] [INFO] Sending text '40' to rollover Percentage
[2025-11-17T10:13:32.037Z] [DEBUG] Sent text '40' to rollover Percentage
[2025-11-17T10:13:32.039Z] [INFO] Sending text 'Test Purchase Agreement' to purchase Agreement
[2025-11-17T10:13:33.372Z] [DEBUG] Sent text 'Test Purchase Agreement' to purchase Agreement
[2025-11-17T10:13:33.375Z] [INFO] Clicking on element sellers Council DropDown
[2025-11-17T10:13:34.784Z] [DEBUG] Clicked on element sellers Council DropDown
[2025-11-17T10:13:34.786Z] [INFO] Clicking on element sellers Council Value
[2025-11-17T10:13:36.241Z] [DEBUG] Clicked on element sellers Council Value
[2025-11-17T10:13:36.244Z] [INFO] Sending text '100' to limit Requested2
[2025-11-17T10:13:37.207Z] [DEBUG] Sent text '100' to limit Requested2
[2025-11-17T10:13:37.212Z] [INFO] Clicking on element limit Comments
[2025-11-17T10:13:38.804Z] [DEBUG] Clicked on element limit Comments
[2025-11-17T10:13:38.806Z] [INFO] Sending text 'Test limit Comments' to limit Comments
[2025-11-17T10:13:39.937Z] [DEBUG] Sent text 'Test limit Comments' to limit Comments
[2025-11-17T10:13:39.944Z] [INFO] Clicking on element other Requested Terms
[2025-11-17T10:13:41.221Z] [DEBUG] Clicked on element other Requested Terms
[2025-11-17T10:13:41.224Z] [INFO] Sending text 'Test other requested terms' to other Requested Terms
[2025-11-17T10:13:42.042Z] [DEBUG] Sent text 'Test other requested terms' to other Requested Terms
[2025-11-17T10:13:42.049Z] [INFO] Clicking on element draft Purchase Agreement CheckBox
[2025-11-17T10:13:43.031Z] [DEBUG] Clicked on element draft Purchase Agreement CheckBox
[2025-11-17T10:13:43.034Z] [INFO] Clicking on element type Of Financials DropDown
[2025-11-17T10:13:44.149Z] [DEBUG] Clicked on element type Of Financials DropDown
[2025-11-17T10:13:44.151Z] [INFO] Clicking on element type Of Financials Value
[2025-11-17T10:13:45.135Z] [DEBUG] Clicked on element type Of Financials Value
[2025-11-17T10:13:45.144Z] [INFO] Clicking on element deal Book CheckBox
[2025-11-17T10:13:46.185Z] [DEBUG] Clicked on element deal Book CheckBox
[2025-11-17T10:13:46.189Z] [INFO] Clicking on element legal DropDown
[2025-11-17T10:13:47.911Z] [DEBUG] Clicked on element legal DropDown
[2025-11-17T10:13:47.914Z] [INFO] Clicking on element legal Value
[2025-11-17T10:13:49.221Z] [DEBUG] Clicked on element legal Value
[2025-11-17T10:13:49.225Z] [INFO] Clicking on element financial DropDown
[2025-11-17T10:13:50.631Z] [DEBUG] Clicked on element financial DropDown
[2025-11-17T10:13:50.904Z] [INFO] Clicking on element financial Value
[2025-11-17T10:13:52.215Z] [DEBUG] Clicked on element financial Value
[2025-11-17T10:13:52.222Z] [INFO] Clicking on element tax DropDown
[2025-11-17T10:13:53.698Z] [DEBUG] Clicked on element tax DropDown
[2025-11-17T10:13:53.702Z] [INFO] Clicking on element tax Value
[2025-11-17T10:13:55.041Z] [DEBUG] Clicked on element tax Value
[2025-11-17T10:13:55.049Z] [INFO] Clicking on element save Button
[2025-11-17T10:13:56.326Z] [DEBUG] Clicked on element save Button
[2025-11-17T10:13:56.768Z] [INFO] Clicking on element global Search Button
[2025-11-17T10:14:00.308Z] [DEBUG] Clicked on element global Search Button
[2025-11-17T10:14:00.428Z] [INFO] Sending text 'CFC Underwriting Limited' to global Search Input
[2025-11-17T10:14:01.037Z] [DEBUG] Sent text 'CFC Underwriting Limited' to global Search Input
[2025-11-17T10:14:01.661Z] [INFO] Clicking on element global Search Result
[2025-11-17T10:14:02.261Z] [DEBUG] Clicked on element global Search Result
[2025-11-17T10:14:06.036Z] [INFO] Clicking on element taxCarriers Header
[2025-11-17T10:14:06.639Z] [DEBUG] Clicked on element taxCarriers Header
[2025-11-17T10:14:06.841Z] [INFO] Clicking on element market Email Edit Icon
[2025-11-17T10:14:07.563Z] [DEBUG] Clicked on element market Email Edit Icon
[2025-11-17T10:14:07.567Z] [INFO] Sending text 'taxCarrieremail@test.com' to market Email Input Field
[2025-11-17T10:14:08.731Z] [DEBUG] Sent text 'taxCarrieremail@test.com' to market Email Input Field
[2025-11-17T10:14:08.735Z] [INFO] Clicking on element Save Market Email
[2025-11-17T10:14:09.298Z] [DEBUG] Clicked on element Save Market Email
[2025-11-17T10:14:12.140Z] [INFO] Clicking on element Close Last Account Tab
[2025-11-17T10:14:12.641Z] [DEBUG] Clicked on element Close Last Account Tab
[2025-11-17T10:14:12.645Z] [INFO] Clicking on element opportunity Tab
[2025-11-17T10:14:13.670Z] [DEBUG] Clicked on element opportunity Tab
[2025-11-17T10:14:13.892Z] [INFO] Clicking on element NBIL New Button
[2025-11-17T10:14:14.474Z] [DEBUG] Clicked on element NBIL New Button
[2025-11-17T10:14:17.087Z] [INFO] Clicking on element all Carriers Value 
[2025-11-17T10:14:17.613Z] [DEBUG] Clicked on element all Carriers Value 
[2025-11-17T10:14:17.948Z] [INFO] Clicking on element nbilNextButton
[2025-11-17T10:14:18.522Z] [DEBUG] Clicked on element nbilNextButton
[2025-11-17T10:14:18.525Z] [INFO] Sending text 'nuguri.charitha@us.lockton.com' to email Id
[2025-11-17T10:14:21.013Z] [DEBUG] Sent text 'nuguri.charitha@us.lockton.com' to email Id
[2025-11-17T10:14:21.305Z] [INFO] Subject field is validated successfully with opportunity name.
[2025-11-17T10:14:27.028Z] [INFO] Clicking on element Done Button
[2025-11-17T10:14:27.598Z] [DEBUG] Clicked on element Done Button
[2025-11-17T10:14:33.635Z] [INFO] Clicking on element Done Button
[2025-11-17T10:14:34.549Z] [DEBUG] Clicked on element Done Button
[2025-11-17T10:14:40.811Z] [INFO] Clicking on element Done Button
[2025-11-17T10:14:41.552Z] [DEBUG] Clicked on element Done Button
[2025-11-17T10:14:42.346Z] [INFO] Clicking on element Previous Button
[2025-11-17T10:14:42.963Z] [DEBUG] Clicked on element Previous Button
[2025-11-17T10:14:45.069Z] [INFO] Clicking on element Next Button
[2025-11-17T10:14:45.631Z] [DEBUG] Clicked on element Next Button
[2025-11-17T10:14:49.124Z] [INFO] Sending text 'nuguri.charitha@us.lockton.com' to email Id
[2025-11-17T10:14:49.656Z] [DEBUG] Sent text 'nuguri.charitha@us.lockton.com' to email Id
[2025-11-17T10:14:55.415Z] [INFO] Clicking on element Done Button
[2025-11-17T10:14:56.145Z] [DEBUG] Clicked on element Done Button
[2025-11-17T10:15:02.260Z] [INFO] Clicking on element Done Button
[2025-11-17T10:15:02.981Z] [DEBUG] Clicked on element Done Button
[2025-11-17T10:15:09.073Z] [INFO] Clicking on element Done Button
[2025-11-17T10:15:09.838Z] [DEBUG] Clicked on element Done Button
[2025-11-17T10:15:16.357Z] [INFO] Clicking on element Done Button
[2025-11-17T10:15:17.100Z] [DEBUG] Clicked on element Done Button
[2025-11-17T10:15:19.639Z] [INFO] Clicking on element Close Duplicate Error Button
[2025-11-17T10:15:20.343Z] [DEBUG] Clicked on element Close Duplicate Error Button
[2025-11-17T10:15:20.538Z] [INFO] Clicking on element Delete file button
[2025-11-17T10:15:21.205Z] [DEBUG] Clicked on element Delete file button
[2025-11-17T10:15:21.345Z] [INFO] Clicking on element preview Text
[2025-11-17T10:15:21.942Z] [DEBUG] Clicked on element preview Text
[2025-11-17T10:15:24.358Z] [INFO] Sending text 'nuguri.charitha@us.lockton.com.cbqa' to cc Field Locator
[2025-11-17T10:15:24.825Z] [DEBUG] Sent text 'nuguri.charitha@us.lockton.com.cbqa' to cc Field Locator
[2025-11-17T10:15:24.828Z] [INFO] Clicking on element send Button
[2025-11-17T10:15:25.416Z] [DEBUG] Clicked on element send Button
[2025-11-17T10:15:29.495Z] [INFO] Clicking on element successWindow Close Button
[2025-11-17T10:15:30.088Z] [DEBUG] Clicked on element successWindow Close Button
[2025-11-17T10:15:33.348Z] [INFO] Clicking on element activity Tab
[2025-11-17T10:15:38.949Z] [DEBUG] Clicked on element activity Tab
[2025-11-17T10:15:39.520Z] [INFO] Clicking on element Email Request Sent Link
[2025-11-17T10:15:40.338Z] [DEBUG] Clicked on element Email Request Sent Link
[2025-11-17T10:15:40.345Z] [INFO] Clicking on element Email Details Tab
[2025-11-17T10:15:42.355Z] [DEBUG] Clicked on element Email Details Tab
[2025-11-17T10:15:42.359Z] [INFO] Clicking on element Email Details Tab
[2025-11-17T10:15:42.632Z] [DEBUG] Clicked on element Email Details Tab
[2025-11-17T10:15:43.245Z] [INFO] Clicking on element Close NBIL Sub Tab
[2025-11-17T10:15:43.543Z] [DEBUG] Clicked on element Close NBIL Sub Tab
[2025-11-17T10:15:43.916Z] [INFO] Clicking on element activity Tab
[2025-11-17T10:15:44.184Z] [DEBUG] Clicked on element activity Tab
[2025-11-17T10:15:44.314Z] [INFO] Scrolling attempt 1
[2025-11-17T10:15:44.990Z] [INFO] Scrolling attempt 2
[2025-11-17T10:15:45.728Z] [INFO] Scrolling attempt 3
[2025-11-17T10:15:46.385Z] [INFO] Element became visible during scroll.
[2025-11-17T10:15:48.527Z] [INFO] Clicking on element View All Files Button
[2025-11-17T10:15:48.956Z] [DEBUG] Clicked on element View All Files Button
[2025-11-17T10:15:52.138Z] [INFO] Clicking on element Close Files Sub Tab
[2025-11-17T10:15:52.391Z] [DEBUG] Clicked on element Close Files Sub Tab
[2025-11-17T10:15:52.695Z] [INFO] Clicking on element NBIL New Button
[2025-11-17T10:15:53.129Z] [DEBUG] Clicked on element NBIL New Button
[2025-11-17T10:15:55.335Z] [INFO] Clicking on element all Carriers Value 
[2025-11-17T10:15:55.619Z] [DEBUG] Clicked on element all Carriers Value 
[2025-11-17T10:15:55.847Z] [INFO] Clicking on element nbilNextButton
[2025-11-17T10:15:56.144Z] [DEBUG] Clicked on element nbilNextButton
[2025-11-17T10:15:56.153Z] [INFO] Sending text 'nuguri.charitha@us.lockton.com.cbqa' to email Id
[2025-11-17T10:15:57.722Z] [DEBUG] Sent text 'nuguri.charitha@us.lockton.com.cbqa' to email Id
[2025-11-17T10:16:02.941Z] [INFO] Clicking on element Done Button
[2025-11-17T10:16:03.190Z] [DEBUG] Clicked on element Done Button
[2025-11-17T10:16:09.133Z] [INFO] Clicking on element Done Button
[2025-11-17T10:16:09.443Z] [DEBUG] Clicked on element Done Button
[2025-11-17T10:16:10.110Z] [INFO] Clicking on element Close NDA/NBIL Flow Button
[2025-11-17T10:16:10.442Z] [DEBUG] Clicked on element Close NDA/NBIL Flow Button
[2025-11-17T10:16:13.624Z] [INFO] Element became visible during scroll.
[2025-11-17T10:16:15.804Z] [INFO] Clicking on element View All Files Button
[2025-11-17T10:16:16.225Z] [DEBUG] Clicked on element View All Files Button
[2025-11-17T10:16:19.451Z] [INFO] Clicking on element Close Files Sub Tab
[2025-11-17T10:16:19.926Z] [DEBUG] Clicked on element Close Files Sub Tab
[2025-11-17T10:16:20.261Z] [INFO] Clicking on element NBIL New Button
[2025-11-17T10:16:20.587Z] [DEBUG] Clicked on element NBIL New Button
[2025-11-17T10:16:22.745Z] [INFO] Clicking on element all Carriers Value 
[2025-11-17T10:16:23.108Z] [DEBUG] Clicked on element all Carriers Value 
[2025-11-17T10:16:23.275Z] [INFO] Clicking on element nbilNextButton
[2025-11-17T10:16:23.521Z] [DEBUG] Clicked on element nbilNextButton
[2025-11-17T10:16:23.524Z] [INFO] Sending text 'nuguri.charitha@us.lockton.com' to email Id
[2025-11-17T10:16:25.218Z] [DEBUG] Sent text 'nuguri.charitha@us.lockton.com' to email Id
[2025-11-17T10:16:25.381Z] [INFO] Subject field is validated successfully with opportunity name.
[2025-11-17T10:16:30.751Z] [INFO] Clicking on element Done Button
[2025-11-17T10:16:31.096Z] [DEBUG] Clicked on element Done Button
[2025-11-17T10:16:36.913Z] [INFO] Clicking on element Done Button
[2025-11-17T10:16:37.270Z] [DEBUG] Clicked on element Done Button
[2025-11-17T10:16:43.162Z] [INFO] Clicking on element Done Button
[2025-11-17T10:16:43.571Z] [DEBUG] Clicked on element Done Button
[2025-11-17T10:16:44.144Z] [INFO] Clicking on element Previous Button
[2025-11-17T10:16:44.509Z] [DEBUG] Clicked on element Previous Button
[2025-11-17T10:16:46.573Z] [INFO] Clicking on element Next Button
[2025-11-17T10:16:46.936Z] [DEBUG] Clicked on element Next Button
[2025-11-17T10:16:50.183Z] [INFO] Sending text 'nuguri.charitha@us.lockton.com' to email Id
[2025-11-17T10:16:50.514Z] [DEBUG] Sent text 'nuguri.charitha@us.lockton.com' to email Id
[2025-11-17T10:16:55.905Z] [INFO] Clicking on element Done Button
[2025-11-17T10:16:56.399Z] [DEBUG] Clicked on element Done Button
[2025-11-17T10:17:02.096Z] [INFO] Clicking on element Done Button
[2025-11-17T10:17:02.494Z] [DEBUG] Clicked on element Done Button
[2025-11-17T10:17:08.285Z] [INFO] Clicking on element Done Button
[2025-11-17T10:17:08.680Z] [DEBUG] Clicked on element Done Button
[2025-11-17T10:17:14.614Z] [INFO] Clicking on element Done Button
[2025-11-17T10:17:15.174Z] [DEBUG] Clicked on element Done Button
[2025-11-17T10:17:17.595Z] [INFO] Clicking on element Close Duplicate Error Button
[2025-11-17T10:17:17.867Z] [DEBUG] Clicked on element Close Duplicate Error Button
[2025-11-17T10:17:18.020Z] [INFO] Clicking on element Delete file button
[2025-11-17T10:17:18.384Z] [DEBUG] Clicked on element Delete file button
[2025-11-17T10:17:18.431Z] [INFO] Clicking on element preview Text
[2025-11-17T10:17:18.794Z] [DEBUG] Clicked on element preview Text
[2025-11-17T10:17:20.080Z] [INFO] Sending text 'nuguri.charitha@us.lockton.com.cbqa' to cc Field Locator
[2025-11-17T10:17:20.355Z] [DEBUG] Sent text 'nuguri.charitha@us.lockton.com.cbqa' to cc Field Locator
[2025-11-17T10:17:20.365Z] [INFO] Clicking on element send Button
[2025-11-17T10:17:20.839Z] [DEBUG] Clicked on element send Button
[2025-11-17T10:17:24.822Z] [INFO] Clicking on element successWindow Close Button
[2025-11-17T10:17:25.061Z] [DEBUG] Clicked on element successWindow Close Button
[2025-11-17T10:17:26.899Z] [INFO] Clicking on element activity Tab
[2025-11-17T10:17:34.335Z] [DEBUG] Clicked on element activity Tab
[2025-11-17T10:17:34.717Z] [INFO] Clicking on element Email Request Sent Link
[2025-11-17T10:17:35.183Z] [DEBUG] Clicked on element Email Request Sent Link
[2025-11-17T10:17:35.188Z] [INFO] Clicking on element Email Details Tab
[2025-11-17T10:17:37.881Z] [DEBUG] Clicked on element Email Details Tab
[2025-11-17T10:17:37.884Z] [INFO] Clicking on element Email Details Tab
[2025-11-17T10:17:38.344Z] [DEBUG] Clicked on element Email Details Tab
[2025-11-17T10:17:38.858Z] [INFO] Clicking on element Close NBIL Sub Tab
[2025-11-17T10:17:39.105Z] [DEBUG] Clicked on element Close NBIL Sub Tab
[2025-11-17T10:17:40.010Z] [INFO] Clicking on element activity Tab
[2025-11-17T10:17:41.069Z] [DEBUG] Clicked on element activity Tab
[2025-11-17T10:17:41.185Z] [INFO] Scrolling attempt 1
[2025-11-17T10:17:41.788Z] [INFO] Scrolling attempt 2
[2025-11-17T10:17:42.490Z] [INFO] Element became visible during scroll.
[2025-11-17T10:17:44.639Z] [INFO] Clicking on element View All Files Button
[2025-11-17T10:17:45.138Z] [DEBUG] Clicked on element View All Files Button
[2025-11-17T10:17:48.374Z] [INFO] Clicking on element Close Files Sub Tab
[2025-11-17T10:17:48.648Z] [DEBUG] Clicked on element Close Files Sub Tab
[2025-11-17T10:17:48.917Z] [INFO] Clicking on element NBIL New Button
[2025-11-17T10:17:49.383Z] [DEBUG] Clicked on element NBIL New Button
[2025-11-17T10:17:51.645Z] [INFO] Clicking on element all Carriers Value 
[2025-11-17T10:17:51.937Z] [DEBUG] Clicked on element all Carriers Value 
[2025-11-17T10:17:52.131Z] [INFO] Clicking on element nbilNextButton
[2025-11-17T10:17:52.449Z] [DEBUG] Clicked on element nbilNextButton
[2025-11-17T10:17:52.452Z] [INFO] Sending text 'nuguri.charitha@us.lockton.com.cbqa' to email Id
[2025-11-17T10:17:54.336Z] [DEBUG] Sent text 'nuguri.charitha@us.lockton.com.cbqa' to email Id
[2025-11-17T10:17:59.653Z] [INFO] Clicking on element Done Button
[2025-11-17T10:18:00.022Z] [DEBUG] Clicked on element Done Button
[2025-11-17T10:18:05.783Z] [INFO] Clicking on element Done Button
[2025-11-17T10:18:06.091Z] [DEBUG] Clicked on element Done Button
[2025-11-17T10:18:06.788Z] [INFO] Clicking on element Close NDA/NBIL Flow Button
[2025-11-17T10:18:07.104Z] [DEBUG] Clicked on element Close NDA/NBIL Flow Button
[2025-11-17T10:18:10.282Z] [INFO] Element became visible during scroll.
[2025-11-17T10:18:12.435Z] [INFO] Clicking on element View All Files Button
[2025-11-17T10:18:12.992Z] [DEBUG] Clicked on element View All Files Button
[2025-11-17T10:18:16.188Z] [INFO] Clicking on element Close Files Sub Tab
[2025-11-17T10:18:16.460Z] [DEBUG] Clicked on element Close Files Sub Tab
[2025-11-17T10:18:16.743Z] [INFO] Clicking on element NBIL New Button
[2025-11-17T10:18:17.136Z] [DEBUG] Clicked on element NBIL New Button
[2025-11-17T10:18:19.352Z] [INFO] Clicking on element all Carriers Value 
[2025-11-17T10:18:19.791Z] [DEBUG] Clicked on element all Carriers Value 
[2025-11-17T10:18:20.008Z] [INFO] Clicking on element nbilNextButton
[2025-11-17T10:18:20.347Z] [DEBUG] Clicked on element nbilNextButton
[2025-11-17T10:18:20.351Z] [INFO] Sending text 'nuguri.charitha@us.lockton.com' to email Id
[2025-11-17T10:18:22.046Z] [DEBUG] Sent text 'nuguri.charitha@us.lockton.com' to email Id
[2025-11-17T10:18:22.179Z] [INFO] Subject field is validated successfully with opportunity name.
[2025-11-17T10:18:27.642Z] [INFO] Clicking on element Done Button
[2025-11-17T10:18:28.046Z] [DEBUG] Clicked on element Done Button
[2025-11-17T10:18:33.835Z] [INFO] Clicking on element Done Button
[2025-11-17T10:18:34.226Z] [DEBUG] Clicked on element Done Button
[2025-11-17T10:18:39.975Z] [INFO] Clicking on element Done Button
[2025-11-17T10:18:40.330Z] [DEBUG] Clicked on element Done Button
[2025-11-17T10:18:40.923Z] [INFO] Clicking on element Previous Button
[2025-11-17T10:18:41.312Z] [DEBUG] Clicked on element Previous Button
[2025-11-17T10:18:43.362Z] [INFO] Clicking on element Next Button
[2025-11-17T10:18:43.653Z] [DEBUG] Clicked on element Next Button
[2025-11-17T10:18:46.900Z] [INFO] Sending text 'nuguri.charitha@us.lockton.com' to email Id
[2025-11-17T10:18:47.262Z] [DEBUG] Sent text 'nuguri.charitha@us.lockton.com' to email Id
[2025-11-17T10:18:52.594Z] [INFO] Clicking on element Done Button
[2025-11-17T10:18:52.969Z] [DEBUG] Clicked on element Done Button
[2025-11-17T10:18:58.711Z] [INFO] Clicking on element Done Button
[2025-11-17T10:18:58.935Z] [ERROR] Failed to click on element Done Button: Error: Element is not enabled and cannot be clicked
[2025-11-17T10:19:36.554Z] [INFO] Sending text 'nuguri.charitha@us.lockton.com.cbqa' to username Input Value
[2025-11-17T10:19:37.099Z] [DEBUG] Sent text 'nuguri.charitha@us.lockton.com.cbqa' to username Input Value
[2025-11-17T10:19:37.106Z] [INFO] Sending text 'Charitha@89' to password Input Value
[2025-11-17T10:19:37.242Z] [DEBUG] Sent text 'Charitha@89' to password Input Value
[2025-11-17T10:19:37.245Z] [INFO] Clicking on element login Button
[2025-11-17T10:19:39.266Z] [DEBUG] Clicked on element login Button
[2025-11-17T10:19:44.848Z] [INFO] Clicking on element setUp Icon
[2025-11-17T10:19:45.042Z] [DEBUG] Clicked on element setUp Icon
[2025-11-17T10:19:52.785Z] [INFO] Clicking on element user Search Result
[2025-11-17T10:19:53.149Z] [DEBUG] Clicked on element user Search Result
[2025-11-17T10:20:16.736Z] [INFO] Clicking on element show Navigation Menu
[2025-11-17T10:20:19.109Z] [DEBUG] Clicked on element show Navigation Menu
[2025-11-17T10:20:19.245Z] [INFO] Clicking on element accounts Menu Item
[2025-11-17T10:20:19.883Z] [DEBUG] Clicked on element accounts Menu Item
[2025-11-17T10:20:21.575Z] [INFO] Clicking on element list View Element
[2025-11-17T10:20:22.145Z] [DEBUG] Clicked on element list View Element
[2025-11-17T10:20:22.244Z] [INFO] Sending text 'All Clients' to searchBox ListViewInput
[2025-11-17T10:20:22.590Z] [DEBUG] Sent text 'All Clients' to searchBox ListViewInput
[2025-11-17T10:20:22.711Z] [INFO] Clicking on element all Clients In List View
[2025-11-17T10:20:23.303Z] [DEBUG] Clicked on element all Clients In List View
[2025-11-17T10:20:23.387Z] [INFO] Clicking on element global Search Button
[2025-11-17T10:20:25.269Z] [DEBUG] Clicked on element global Search Button
[2025-11-17T10:20:25.497Z] [INFO] Sending text '1000 Miglia SRL' to global Search Input
[2025-11-17T10:20:26.036Z] [DEBUG] Sent text '1000 Miglia SRL' to global Search Input
[2025-11-17T10:20:27.168Z] [INFO] Clicking on element global Search Result
[2025-11-17T10:20:27.605Z] [DEBUG] Clicked on element global Search Result
[2025-11-17T10:20:27.607Z] [INFO] AccountPage: Validating account record type: Client
[2025-11-17T10:20:31.177Z] [INFO] AccountPage: Account record type 'Client' is visible.
[2025-11-17T10:20:31.180Z] [INFO] Clicking on element new Opportunity Button
[2025-11-17T10:20:35.296Z] [DEBUG] Clicked on element new Opportunity Button
[2025-11-17T10:20:35.299Z] [INFO] Clicking on element intial Intake Button
[2025-11-17T10:20:37.058Z] [DEBUG] Clicked on element intial Intake Button
[2025-11-17T10:20:37.062Z] [INFO] Clicking on element opportunity Next Button
[2025-11-17T10:20:37.967Z] [DEBUG] Clicked on element opportunity Next Button
[2025-11-17T10:20:40.708Z] [INFO] Sending text 'auto twoez' to opportunity Name
[2025-11-17T10:20:41.585Z] [DEBUG] Sent text 'auto twoez' to opportunity Name
[2025-11-17T10:20:41.732Z] [INFO] Clicking on element stage DropDown
[2025-11-17T10:20:42.487Z] [DEBUG] Clicked on element stage DropDown
[2025-11-17T10:20:42.607Z] [INFO] Clicking on element stage Value
[2025-11-17T10:20:43.288Z] [DEBUG] Clicked on element stage Value
[2025-11-17T10:20:44.270Z] [INFO] Clicking on element insurance DropDown
[2025-11-17T10:20:45.009Z] [DEBUG] Clicked on element insurance DropDown
[2025-11-17T10:20:45.312Z] [INFO] Clicking on element Insurance Type Option
[2025-11-17T10:20:46.003Z] [DEBUG] Clicked on element Insurance Type Option
[2025-11-17T10:20:46.011Z] [INFO] Clicking on element insurance Sub Type Drop Down
[2025-11-17T10:20:46.799Z] [DEBUG] Clicked on element insurance Sub Type Drop Down
[2025-11-17T10:20:46.802Z] [INFO] Clicking on element insurance Type field
[2025-11-17T10:20:47.681Z] [DEBUG] Clicked on element insurance Type field
[2025-11-17T10:20:49.811Z] [INFO] Clicking on element save Button
[2025-11-17T10:20:50.765Z] [DEBUG] Clicked on element save Button
[2025-11-17T10:20:55.343Z] [INFO] Clicking on element show More Actions DropDown
[2025-11-17T10:20:56.333Z] [DEBUG] Clicked on element show More Actions DropDown
[2025-11-17T10:20:56.335Z] [INFO] Clicking on element manage Opportunity Assignment Option
[2025-11-17T10:20:57.269Z] [DEBUG] Clicked on element manage Opportunity Assignment Option
[2025-11-17T10:21:00.626Z] [INFO] Sending text '100' to Primary Producer Allocation TextBox
[2025-11-17T10:21:01.430Z] [DEBUG] Sent text '100' to Primary Producer Allocation TextBox
[2025-11-17T10:21:01.434Z] [INFO] Clicking on element SaveAndClose Button
[2025-11-17T10:21:02.312Z] [DEBUG] Clicked on element SaveAndClose Button
[2025-11-17T10:21:02.317Z] [INFO] Clicking on element edit Button
[2025-11-17T10:21:05.682Z] [DEBUG] Clicked on element edit Button
[2025-11-17T10:21:09.272Z] [INFO] Sending text '11/17/2026' to quote DueDate Field
[2025-11-17T10:21:10.317Z] [DEBUG] Sent text '11/17/2026' to quote DueDate Field
[2025-11-17T10:21:10.319Z] [INFO] Sending text '900' to enterpriseValueField
[2025-11-17T10:21:11.300Z] [DEBUG] Sent text '900' to enterpriseValueField
[2025-11-17T10:21:11.303Z] [INFO] Sending text 'A&M Home Services' to target Field
[2025-11-17T10:21:12.415Z] [DEBUG] Sent text 'A&M Home Services' to target Field
[2025-11-17T10:21:12.418Z] [INFO] Sending text 'It is for New Single-Family Housing Construction (except For-Sale Builders)' to target Description Field
[2025-11-17T10:21:13.399Z] [DEBUG] Sent text 'It is for New Single-Family Housing Construction (except For-Sale Builders)' to target Description Field
[2025-11-17T10:21:13.402Z] [INFO] Clicking on element quote DueTime DropDown
[2025-11-17T10:21:14.277Z] [DEBUG] Clicked on element quote DueTime DropDown
[2025-11-17T10:21:14.446Z] [INFO] Clicking on element quote DueTime Value
[2025-11-17T10:21:15.352Z] [DEBUG] Clicked on element quote DueTime Value
[2025-11-17T10:21:15.355Z] [INFO] Clicking on element buyers Council DropDown
[2025-11-17T10:21:16.551Z] [DEBUG] Clicked on element buyers Council DropDown
[2025-11-17T10:21:16.555Z] [INFO] Clicking on element buyers Council DropDown Value
[2025-11-17T10:21:17.743Z] [DEBUG] Clicked on element buyers Council DropDown Value
[2025-11-17T10:21:17.745Z] [INFO] Sending text '109' to limit Requested
[2025-11-17T10:21:18.811Z] [DEBUG] Sent text '109' to limit Requested
[2025-11-17T10:21:18.817Z] [INFO] Clicking on element save Button
[2025-11-17T10:21:20.068Z] [DEBUG] Clicked on element save Button
[2025-11-17T10:21:20.072Z] [INFO] Clicking on element edit Button
[2025-11-17T10:21:23.256Z] [DEBUG] Clicked on element edit Button
[2025-11-17T10:21:25.383Z] [INFO] Sending text '40' to rollover Percentage
[2025-11-17T10:21:26.399Z] [DEBUG] Sent text '40' to rollover Percentage
[2025-11-17T10:21:26.402Z] [INFO] Sending text 'Test Purchase Agreement' to purchase Agreement
[2025-11-17T10:21:27.449Z] [DEBUG] Sent text 'Test Purchase Agreement' to purchase Agreement
[2025-11-17T10:21:27.451Z] [INFO] Clicking on element sellers Council DropDown
[2025-11-17T10:21:28.714Z] [DEBUG] Clicked on element sellers Council DropDown
[2025-11-17T10:21:28.717Z] [INFO] Clicking on element sellers Council Value
[2025-11-17T10:21:29.905Z] [DEBUG] Clicked on element sellers Council Value
[2025-11-17T10:21:29.907Z] [INFO] Sending text '100' to limit Requested2
[2025-11-17T10:21:31.112Z] [DEBUG] Sent text '100' to limit Requested2
[2025-11-17T10:21:31.116Z] [INFO] Clicking on element limit Comments
[2025-11-17T10:21:32.685Z] [DEBUG] Clicked on element limit Comments
[2025-11-17T10:21:32.687Z] [INFO] Sending text 'Test limit Comments' to limit Comments
[2025-11-17T10:21:33.758Z] [DEBUG] Sent text 'Test limit Comments' to limit Comments
[2025-11-17T10:21:33.764Z] [INFO] Clicking on element other Requested Terms
[2025-11-17T10:21:34.997Z] [DEBUG] Clicked on element other Requested Terms
[2025-11-17T10:21:35.000Z] [INFO] Sending text 'Test other requested terms' to other Requested Terms
[2025-11-17T10:21:35.930Z] [DEBUG] Sent text 'Test other requested terms' to other Requested Terms
[2025-11-17T10:21:35.935Z] [INFO] Clicking on element draft Purchase Agreement CheckBox
[2025-11-17T10:21:37.129Z] [DEBUG] Clicked on element draft Purchase Agreement CheckBox
[2025-11-17T10:21:37.133Z] [INFO] Clicking on element type Of Financials DropDown
[2025-11-17T10:21:38.328Z] [DEBUG] Clicked on element type Of Financials DropDown
[2025-11-17T10:21:38.337Z] [INFO] Clicking on element type Of Financials Value
[2025-11-17T10:21:39.587Z] [DEBUG] Clicked on element type Of Financials Value
[2025-11-17T10:21:39.590Z] [INFO] Clicking on element deal Book CheckBox
[2025-11-17T10:21:40.650Z] [DEBUG] Clicked on element deal Book CheckBox
[2025-11-17T10:21:40.658Z] [INFO] Clicking on element legal DropDown
[2025-11-17T10:21:42.548Z] [DEBUG] Clicked on element legal DropDown
[2025-11-17T10:21:42.551Z] [INFO] Clicking on element legal Value
[2025-11-17T10:21:44.006Z] [DEBUG] Clicked on element legal Value
[2025-11-17T10:21:44.011Z] [INFO] Clicking on element financial DropDown
[2025-11-17T10:21:45.395Z] [DEBUG] Clicked on element financial DropDown
[2025-11-17T10:21:45.733Z] [INFO] Clicking on element financial Value
[2025-11-17T10:21:47.313Z] [DEBUG] Clicked on element financial Value
[2025-11-17T10:21:47.318Z] [INFO] Clicking on element tax DropDown
[2025-11-17T10:21:48.851Z] [DEBUG] Clicked on element tax DropDown
[2025-11-17T10:21:48.861Z] [INFO] Clicking on element tax Value
[2025-11-17T10:21:50.160Z] [DEBUG] Clicked on element tax Value
[2025-11-17T10:21:50.162Z] [INFO] Clicking on element save Button
[2025-11-17T10:21:51.294Z] [DEBUG] Clicked on element save Button
[2025-11-17T10:21:51.617Z] [INFO] Clicking on element global Search Button
[2025-11-17T10:21:56.410Z] [DEBUG] Clicked on element global Search Button
[2025-11-17T10:21:56.590Z] [INFO] Sending text 'CFC Underwriting Limited' to global Search Input
[2025-11-17T10:21:57.850Z] [DEBUG] Sent text 'CFC Underwriting Limited' to global Search Input
[2025-11-17T10:21:58.838Z] [INFO] Clicking on element global Search Result
[2025-11-17T10:21:59.273Z] [DEBUG] Clicked on element global Search Result
[2025-11-17T10:22:02.012Z] [INFO] Clicking on element taxCarriers Header
[2025-11-17T10:22:02.656Z] [DEBUG] Clicked on element taxCarriers Header
[2025-11-17T10:22:02.888Z] [INFO] Clicking on element market Email Edit Icon
[2025-11-17T10:22:03.598Z] [DEBUG] Clicked on element market Email Edit Icon
[2025-11-17T10:22:03.601Z] [INFO] Sending text 'taxCarrieremail@test.com' to market Email Input Field
[2025-11-17T10:22:04.438Z] [DEBUG] Sent text 'taxCarrieremail@test.com' to market Email Input Field
[2025-11-17T10:22:04.442Z] [INFO] Clicking on element Save Market Email
[2025-11-17T10:22:04.944Z] [DEBUG] Clicked on element Save Market Email
[2025-11-17T10:22:07.219Z] [INFO] Clicking on element Close Last Account Tab
[2025-11-17T10:22:08.346Z] [DEBUG] Clicked on element Close Last Account Tab
[2025-11-17T10:22:08.349Z] [INFO] Clicking on element opportunity Tab
[2025-11-17T10:22:09.127Z] [DEBUG] Clicked on element opportunity Tab
[2025-11-17T10:22:09.289Z] [INFO] Clicking on element NBIL New Button
[2025-11-17T10:22:10.425Z] [DEBUG] Clicked on element NBIL New Button
[2025-11-17T10:22:12.808Z] [INFO] Clicking on element all Carriers Value 
[2025-11-17T10:22:13.219Z] [DEBUG] Clicked on element all Carriers Value 
[2025-11-17T10:22:13.574Z] [INFO] Clicking on element nbilNextButton
[2025-11-17T10:22:14.064Z] [DEBUG] Clicked on element nbilNextButton
[2025-11-17T10:22:14.066Z] [INFO] Sending text 'nuguri.charitha@us.lockton.com' to email Id
[2025-11-17T10:22:20.545Z] [DEBUG] Sent text 'nuguri.charitha@us.lockton.com' to email Id
[2025-11-17T10:22:20.730Z] [INFO] Subject field is validated successfully with opportunity name.
[2025-11-17T10:22:26.401Z] [INFO] Clicking on element Done Button
[2025-11-17T10:22:27.208Z] [DEBUG] Clicked on element Done Button
[2025-11-17T10:22:33.282Z] [INFO] Clicking on element Done Button
[2025-11-17T10:22:34.248Z] [DEBUG] Clicked on element Done Button
[2025-11-17T10:22:40.669Z] [INFO] Clicking on element Done Button
[2025-11-17T10:22:41.631Z] [DEBUG] Clicked on element Done Button
[2025-11-17T10:22:42.529Z] [INFO] Clicking on element Previous Button
[2025-11-17T10:22:43.482Z] [DEBUG] Clicked on element Previous Button
[2025-11-17T10:22:45.596Z] [INFO] Clicking on element Next Button
[2025-11-17T10:22:46.354Z] [DEBUG] Clicked on element Next Button
[2025-11-17T10:22:49.894Z] [INFO] Sending text 'nuguri.charitha@us.lockton.com' to email Id
[2025-11-17T10:22:50.699Z] [DEBUG] Sent text 'nuguri.charitha@us.lockton.com' to email Id
[2025-11-17T10:22:56.712Z] [INFO] Clicking on element Done Button
[2025-11-17T10:22:57.492Z] [DEBUG] Clicked on element Done Button
[2025-11-17T10:23:03.787Z] [INFO] Clicking on element Done Button
[2025-11-17T10:23:04.638Z] [DEBUG] Clicked on element Done Button
[2025-11-17T10:23:10.937Z] [INFO] Clicking on element Done Button
[2025-11-17T10:23:11.687Z] [DEBUG] Clicked on element Done Button
[2025-11-17T10:23:18.678Z] [INFO] Clicking on element Done Button
[2025-11-17T10:23:19.414Z] [DEBUG] Clicked on element Done Button
[2025-11-17T10:23:21.923Z] [INFO] Clicking on element Close Duplicate Error Button
[2025-11-17T10:23:22.659Z] [DEBUG] Clicked on element Close Duplicate Error Button
[2025-11-17T10:23:22.824Z] [INFO] Clicking on element Delete file button
[2025-11-17T10:23:23.560Z] [DEBUG] Clicked on element Delete file button
[2025-11-17T10:23:23.681Z] [INFO] Clicking on element preview Text
[2025-11-17T10:23:24.432Z] [DEBUG] Clicked on element preview Text
[2025-11-17T10:23:27.522Z] [INFO] Sending text 'nuguri.charitha@us.lockton.com.cbqa' to cc Field Locator
[2025-11-17T10:23:28.103Z] [DEBUG] Sent text 'nuguri.charitha@us.lockton.com.cbqa' to cc Field Locator
[2025-11-17T10:23:28.111Z] [INFO] Clicking on element send Button
[2025-11-17T10:23:28.727Z] [DEBUG] Clicked on element send Button
[2025-11-17T10:23:33.356Z] [INFO] Clicking on element successWindow Close Button
[2025-11-17T10:23:34.069Z] [DEBUG] Clicked on element successWindow Close Button
[2025-11-17T10:23:37.428Z] [INFO] Clicking on element activity Tab
[2025-11-17T10:23:42.678Z] [DEBUG] Clicked on element activity Tab
[2025-11-17T10:23:42.839Z] [INFO] Clicking on element Email Request Sent Link
[2025-11-17T10:23:44.035Z] [DEBUG] Clicked on element Email Request Sent Link
[2025-11-17T10:23:44.038Z] [INFO] Clicking on element Email Details Tab
[2025-11-17T10:23:46.274Z] [DEBUG] Clicked on element Email Details Tab
[2025-11-17T10:23:46.279Z] [INFO] Clicking on element Email Details Tab
[2025-11-17T10:23:46.725Z] [DEBUG] Clicked on element Email Details Tab
[2025-11-17T10:23:47.592Z] [INFO] Clicking on element Close NBIL Sub Tab
[2025-11-17T10:23:47.939Z] [DEBUG] Clicked on element Close NBIL Sub Tab
[2025-11-17T10:23:48.336Z] [INFO] Clicking on element activity Tab
[2025-11-17T10:23:48.604Z] [DEBUG] Clicked on element activity Tab
[2025-11-17T10:23:48.787Z] [INFO] Scrolling attempt 1
[2025-11-17T10:23:49.518Z] [INFO] Scrolling attempt 2
[2025-11-17T10:23:50.271Z] [INFO] Element became visible during scroll.
[2025-11-17T10:23:52.444Z] [INFO] Clicking on element View All Files Button
[2025-11-17T10:23:53.117Z] [DEBUG] Clicked on element View All Files Button
[2025-11-17T10:23:56.360Z] [INFO] Clicking on element Close Files Sub Tab
[2025-11-17T10:23:56.609Z] [DEBUG] Clicked on element Close Files Sub Tab
[2025-11-17T10:23:56.999Z] [INFO] Clicking on element NBIL New Button
[2025-11-17T10:23:57.522Z] [DEBUG] Clicked on element NBIL New Button
[2025-11-17T10:24:01.286Z] [INFO] Clicking on element all Carriers Value 
[2025-11-17T10:24:01.686Z] [DEBUG] Clicked on element all Carriers Value 
[2025-11-17T10:24:01.875Z] [INFO] Clicking on element nbilNextButton
[2025-11-17T10:24:02.229Z] [DEBUG] Clicked on element nbilNextButton
[2025-11-17T10:24:02.233Z] [INFO] Sending text 'nuguri.charitha@us.lockton.com.cbqa' to email Id
[2025-11-17T10:24:04.045Z] [DEBUG] Sent text 'nuguri.charitha@us.lockton.com.cbqa' to email Id
[2025-11-17T10:24:09.478Z] [INFO] Clicking on element Done Button
[2025-11-17T10:24:09.942Z] [DEBUG] Clicked on element Done Button
[2025-11-17T10:24:15.807Z] [INFO] Clicking on element Done Button
[2025-11-17T10:24:16.249Z] [DEBUG] Clicked on element Done Button
[2025-11-17T10:24:17.043Z] [INFO] Clicking on element Close NDA/NBIL Flow Button
[2025-11-17T10:24:17.524Z] [DEBUG] Clicked on element Close NDA/NBIL Flow Button
[2025-11-17T10:24:20.705Z] [INFO] Element became visible during scroll.
[2025-11-17T10:24:23.070Z] [INFO] Clicking on element View All Files Button
[2025-11-17T10:24:23.834Z] [DEBUG] Clicked on element View All Files Button
[2025-11-17T10:24:27.050Z] [INFO] Clicking on element Close Files Sub Tab
[2025-11-17T10:24:27.493Z] [DEBUG] Clicked on element Close Files Sub Tab
[2025-11-17T10:24:27.868Z] [INFO] Clicking on element NBIL New Button
[2025-11-17T10:24:28.328Z] [DEBUG] Clicked on element NBIL New Button
[2025-11-17T10:24:30.612Z] [INFO] Clicking on element all Carriers Value 
[2025-11-17T10:24:31.071Z] [DEBUG] Clicked on element all Carriers Value 
[2025-11-17T10:24:31.270Z] [INFO] Clicking on element nbilNextButton
[2025-11-17T10:24:31.691Z] [DEBUG] Clicked on element nbilNextButton
[2025-11-17T10:24:31.696Z] [INFO] Sending text 'nuguri.charitha@us.lockton.com' to email Id
[2025-11-17T10:24:33.505Z] [DEBUG] Sent text 'nuguri.charitha@us.lockton.com' to email Id
[2025-11-17T10:24:33.641Z] [INFO] Subject field is validated successfully with opportunity name.
[2025-11-17T10:24:39.218Z] [INFO] Clicking on element Done Button
[2025-11-17T10:24:39.727Z] [DEBUG] Clicked on element Done Button
[2025-11-17T10:24:45.660Z] [INFO] Clicking on element Done Button
[2025-11-17T10:24:46.179Z] [DEBUG] Clicked on element Done Button
[2025-11-17T10:24:52.002Z] [INFO] Clicking on element Done Button
[2025-11-17T10:24:52.485Z] [DEBUG] Clicked on element Done Button
[2025-11-17T10:24:53.075Z] [INFO] Clicking on element Previous Button
[2025-11-17T10:24:53.461Z] [DEBUG] Clicked on element Previous Button
[2025-11-17T10:24:55.527Z] [INFO] Clicking on element Next Button
[2025-11-17T10:24:55.961Z] [DEBUG] Clicked on element Next Button
[2025-11-17T10:24:59.211Z] [INFO] Sending text 'nuguri.charitha@us.lockton.com' to email Id
[2025-11-17T10:24:59.454Z] [DEBUG] Sent text 'nuguri.charitha@us.lockton.com' to email Id
[2025-11-17T10:25:04.804Z] [INFO] Clicking on element Done Button
[2025-11-17T10:25:05.086Z] [DEBUG] Clicked on element Done Button
[2025-11-17T10:25:10.923Z] [INFO] Clicking on element Done Button
[2025-11-17T10:25:11.246Z] [DEBUG] Clicked on element Done Button
[2025-11-17T10:25:17.036Z] [INFO] Clicking on element Done Button
[2025-11-17T10:25:17.391Z] [DEBUG] Clicked on element Done Button
[2025-11-17T10:25:23.367Z] [INFO] Clicking on element Done Button
[2025-11-17T10:25:23.735Z] [DEBUG] Clicked on element Done Button
[2025-11-17T10:25:26.021Z] [INFO] Clicking on element Close Duplicate Error Button
[2025-11-17T10:25:26.338Z] [DEBUG] Clicked on element Close Duplicate Error Button
[2025-11-17T10:25:26.458Z] [INFO] Clicking on element Delete file button
[2025-11-17T10:25:26.886Z] [DEBUG] Clicked on element Delete file button
[2025-11-17T10:25:26.953Z] [INFO] Clicking on element preview Text
[2025-11-17T10:25:27.411Z] [DEBUG] Clicked on element preview Text
[2025-11-17T10:25:28.721Z] [INFO] Sending text 'nuguri.charitha@us.lockton.com.cbqa' to cc Field Locator
[2025-11-17T10:25:28.947Z] [DEBUG] Sent text 'nuguri.charitha@us.lockton.com.cbqa' to cc Field Locator
[2025-11-17T10:25:28.953Z] [INFO] Clicking on element send Button
[2025-11-17T10:25:29.272Z] [DEBUG] Clicked on element send Button
[2025-11-17T10:25:33.755Z] [INFO] Clicking on element successWindow Close Button
[2025-11-17T10:25:34.040Z] [DEBUG] Clicked on element successWindow Close Button
[2025-11-17T10:25:36.372Z] [INFO] Clicking on element activity Tab
[2025-11-17T10:25:40.488Z] [DEBUG] Clicked on element activity Tab
[2025-11-17T10:25:40.907Z] [INFO] Clicking on element Email Request Sent Link
[2025-11-17T10:25:42.490Z] [DEBUG] Clicked on element Email Request Sent Link
[2025-11-17T10:25:42.494Z] [INFO] Clicking on element Email Details Tab
[2025-11-17T10:25:44.645Z] [DEBUG] Clicked on element Email Details Tab
[2025-11-17T10:25:44.649Z] [INFO] Clicking on element Email Details Tab
[2025-11-17T10:25:44.915Z] [DEBUG] Clicked on element Email Details Tab
[2025-11-17T10:25:45.541Z] [INFO] Clicking on element Close NBIL Sub Tab
[2025-11-17T10:25:45.826Z] [DEBUG] Clicked on element Close NBIL Sub Tab
[2025-11-17T10:25:46.185Z] [INFO] Clicking on element activity Tab
[2025-11-17T10:25:46.439Z] [DEBUG] Clicked on element activity Tab
[2025-11-17T10:25:46.532Z] [INFO] Scrolling attempt 1
[2025-11-17T10:25:47.213Z] [INFO] Scrolling attempt 2
[2025-11-17T10:25:47.934Z] [INFO] Element became visible during scroll.
[2025-11-17T10:25:50.078Z] [INFO] Clicking on element View All Files Button
[2025-11-17T10:25:50.544Z] [DEBUG] Clicked on element View All Files Button
[2025-11-17T10:25:53.831Z] [INFO] Clicking on element Close Files Sub Tab
[2025-11-17T10:25:54.152Z] [DEBUG] Clicked on element Close Files Sub Tab
[2025-11-17T10:25:54.471Z] [INFO] Clicking on element NBIL New Button
[2025-11-17T10:25:54.914Z] [DEBUG] Clicked on element NBIL New Button
[2025-11-17T10:25:57.105Z] [INFO] Clicking on element all Carriers Value 
[2025-11-17T10:25:57.386Z] [DEBUG] Clicked on element all Carriers Value 
[2025-11-17T10:25:57.594Z] [INFO] Clicking on element nbilNextButton
[2025-11-17T10:25:57.875Z] [DEBUG] Clicked on element nbilNextButton
[2025-11-17T10:25:57.878Z] [INFO] Sending text 'nuguri.charitha@us.lockton.com.cbqa' to email Id
[2025-11-17T10:25:59.557Z] [DEBUG] Sent text 'nuguri.charitha@us.lockton.com.cbqa' to email Id
[2025-11-17T10:26:04.804Z] [INFO] Clicking on element Done Button
[2025-11-17T10:26:05.162Z] [DEBUG] Clicked on element Done Button
[2025-11-17T10:26:10.950Z] [INFO] Clicking on element Done Button
[2025-11-17T10:26:11.364Z] [DEBUG] Clicked on element Done Button
[2025-11-17T10:26:12.046Z] [INFO] Clicking on element Close NDA/NBIL Flow Button
[2025-11-17T10:26:12.355Z] [DEBUG] Clicked on element Close NDA/NBIL Flow Button
[2025-11-17T10:26:15.595Z] [INFO] Element became visible during scroll.
[2025-11-17T10:26:17.814Z] [INFO] Clicking on element View All Files Button
[2025-11-17T10:26:18.373Z] [DEBUG] Clicked on element View All Files Button
[2025-11-17T10:26:21.625Z] [INFO] Clicking on element Close Files Sub Tab
[2025-11-17T10:26:22.020Z] [DEBUG] Clicked on element Close Files Sub Tab
[2025-11-17T10:26:22.375Z] [INFO] Clicking on element NBIL New Button
[2025-11-17T10:26:22.755Z] [DEBUG] Clicked on element NBIL New Button
[2025-11-17T10:26:25.008Z] [INFO] Clicking on element all Carriers Value 
[2025-11-17T10:26:25.587Z] [DEBUG] Clicked on element all Carriers Value 
[2025-11-17T10:26:25.751Z] [INFO] Clicking on element nbilNextButton
[2025-11-17T10:26:26.129Z] [DEBUG] Clicked on element nbilNextButton
[2025-11-17T10:26:26.135Z] [INFO] Sending text 'nuguri.charitha@us.lockton.com' to email Id
[2025-11-17T10:26:27.792Z] [DEBUG] Sent text 'nuguri.charitha@us.lockton.com' to email Id
[2025-11-17T10:26:27.912Z] [INFO] Subject field is validated successfully with opportunity name.
[2025-11-17T10:26:33.230Z] [INFO] Clicking on element Done Button
[2025-11-17T10:26:33.654Z] [DEBUG] Clicked on element Done Button
[2025-11-17T10:26:39.457Z] [INFO] Clicking on element Done Button
[2025-11-17T10:26:39.905Z] [DEBUG] Clicked on element Done Button
[2025-11-17T10:26:45.655Z] [INFO] Clicking on element Done Button
[2025-11-17T10:26:46.042Z] [DEBUG] Clicked on element Done Button
[2025-11-17T10:26:46.611Z] [INFO] Clicking on element Previous Button
[2025-11-17T10:26:46.960Z] [DEBUG] Clicked on element Previous Button
[2025-11-17T10:26:49.020Z] [INFO] Clicking on element Next Button
[2025-11-17T10:26:49.323Z] [DEBUG] Clicked on element Next Button
[2025-11-17T10:26:52.595Z] [INFO] Sending text 'nuguri.charitha@us.lockton.com' to email Id
[2025-11-17T10:26:52.964Z] [DEBUG] Sent text 'nuguri.charitha@us.lockton.com' to email Id
[2025-11-17T10:26:58.341Z] [INFO] Clicking on element Done Button
[2025-11-17T10:26:58.761Z] [DEBUG] Clicked on element Done Button
[2025-11-17T10:27:04.530Z] [INFO] Clicking on element Done Button
[2025-11-17T10:27:04.920Z] [DEBUG] Clicked on element Done Button
[2025-11-17T10:27:10.678Z] [INFO] Clicking on element Done Button
[2025-11-17T10:27:11.007Z] [DEBUG] Clicked on element Done Button
[2025-11-17T10:27:16.926Z] [INFO] Clicking on element Done Button
[2025-11-17T10:27:17.250Z] [DEBUG] Clicked on element Done Button
[2025-11-17T10:27:19.518Z] [INFO] Clicking on element Close Duplicate Error Button
[2025-11-17T10:27:19.843Z] [DEBUG] Clicked on element Close Duplicate Error Button
[2025-11-17T10:27:19.962Z] [INFO] Clicking on element Delete file button
[2025-11-17T10:27:20.342Z] [DEBUG] Clicked on element Delete file button
[2025-11-17T10:27:20.397Z] [INFO] Clicking on element preview Text
[2025-11-17T10:27:20.830Z] [DEBUG] Clicked on element preview Text
[2025-11-17T10:27:22.081Z] [INFO] Sending text 'nuguri.charitha@us.lockton.com.cbqa' to cc Field Locator
[2025-11-17T10:27:22.320Z] [DEBUG] Sent text 'nuguri.charitha@us.lockton.com.cbqa' to cc Field Locator
[2025-11-17T10:27:22.328Z] [INFO] Clicking on element send Button
[2025-11-17T10:27:22.726Z] [DEBUG] Clicked on element send Button
[2025-11-17T10:27:28.232Z] [INFO] Clicking on element successWindow Close Button
[2025-11-17T10:27:28.571Z] [DEBUG] Clicked on element successWindow Close Button
[2025-11-17T10:27:31.134Z] [INFO] Clicking on element activity Tab
[2025-11-17T10:27:35.594Z] [DEBUG] Clicked on element activity Tab
[2025-11-17T10:27:36.111Z] [INFO] Clicking on element Email Request Sent Link
[2025-11-17T10:27:37.666Z] [DEBUG] Clicked on element Email Request Sent Link
[2025-11-17T10:27:37.670Z] [INFO] Clicking on element Email Details Tab
[2025-11-17T10:27:39.937Z] [DEBUG] Clicked on element Email Details Tab
[2025-11-17T10:27:39.942Z] [INFO] Clicking on element Email Details Tab
[2025-11-17T10:27:40.351Z] [DEBUG] Clicked on element Email Details Tab
[2025-11-17T10:27:40.889Z] [INFO] Clicking on element Close NBIL Sub Tab
[2025-11-17T10:27:41.276Z] [DEBUG] Clicked on element Close NBIL Sub Tab
[2025-11-17T10:27:41.702Z] [INFO] Clicking on element activity Tab
[2025-11-17T10:27:41.953Z] [DEBUG] Clicked on element activity Tab
[2025-11-17T10:27:42.130Z] [INFO] Scrolling attempt 1
[2025-11-17T10:27:42.813Z] [INFO] Scrolling attempt 2
[2025-11-17T10:27:43.486Z] [INFO] Element became visible during scroll.
[2025-11-17T10:27:45.663Z] [INFO] Clicking on element View All Files Button
[2025-11-17T10:27:46.151Z] [DEBUG] Clicked on element View All Files Button
[2025-11-17T10:27:49.415Z] [INFO] Clicking on element Close Files Sub Tab
[2025-11-17T10:27:49.745Z] [DEBUG] Clicked on element Close Files Sub Tab
[2025-11-17T10:27:50.064Z] [INFO] Clicking on element NBIL New Button
[2025-11-17T10:27:50.527Z] [DEBUG] Clicked on element NBIL New Button
[2025-11-17T10:27:52.719Z] [INFO] Clicking on element all Carriers Value 
[2025-11-17T10:27:53.064Z] [DEBUG] Clicked on element all Carriers Value 
[2025-11-17T10:27:53.293Z] [INFO] Clicking on element nbilNextButton
[2025-11-17T10:27:53.619Z] [DEBUG] Clicked on element nbilNextButton
[2025-11-17T10:27:53.623Z] [INFO] Sending text 'nuguri.charitha@us.lockton.com.cbqa' to email Id
[2025-11-17T10:27:55.302Z] [DEBUG] Sent text 'nuguri.charitha@us.lockton.com.cbqa' to email Id
[2025-11-17T10:28:00.490Z] [INFO] Clicking on element Done Button
[2025-11-17T10:28:00.783Z] [DEBUG] Clicked on element Done Button
[2025-11-17T10:28:06.622Z] [INFO] Clicking on element Done Button
[2025-11-17T10:28:07.164Z] [DEBUG] Clicked on element Done Button
[2025-11-17T10:28:07.847Z] [INFO] Clicking on element Close NDA/NBIL Flow Button
[2025-11-17T10:28:08.083Z] [DEBUG] Clicked on element Close NDA/NBIL Flow Button
[2025-11-17T10:28:11.258Z] [INFO] Element became visible during scroll.
[2025-11-17T10:28:13.411Z] [INFO] Clicking on element View All Files Button
[2025-11-17T10:28:13.983Z] [DEBUG] Clicked on element View All Files Button
[2025-11-17T10:28:52.788Z] [INFO] Sending text 'nuguri.charitha@us.lockton.com.cbqa' to username Input Value
[2025-11-17T10:28:53.740Z] [DEBUG] Sent text 'nuguri.charitha@us.lockton.com.cbqa' to username Input Value
[2025-11-17T10:28:53.743Z] [INFO] Sending text 'Charitha@89' to password Input Value
[2025-11-17T10:28:53.882Z] [DEBUG] Sent text 'Charitha@89' to password Input Value
[2025-11-17T10:28:53.889Z] [INFO] Clicking on element login Button
[2025-11-17T10:28:55.964Z] [DEBUG] Clicked on element login Button
[2025-11-17T10:29:01.690Z] [INFO] Clicking on element setUp Icon
[2025-11-17T10:29:01.923Z] [DEBUG] Clicked on element setUp Icon
[2025-11-17T10:29:09.129Z] [INFO] Clicking on element user Search Result
[2025-11-17T10:29:09.594Z] [DEBUG] Clicked on element user Search Result
[2025-11-17T10:29:25.309Z] [INFO] Clicking on element show Navigation Menu
[2025-11-17T10:29:25.527Z] [DEBUG] Clicked on element show Navigation Menu
[2025-11-17T10:29:25.546Z] [INFO] Clicking on element accounts Menu Item
[2025-11-17T10:29:25.669Z] [DEBUG] Clicked on element accounts Menu Item
[2025-11-17T10:29:30.179Z] [INFO] Clicking on element list View Element
[2025-11-17T10:29:31.296Z] [DEBUG] Clicked on element list View Element
[2025-11-17T10:29:31.368Z] [INFO] Sending text 'All Clients' to searchBox ListViewInput
[2025-11-17T10:29:31.634Z] [DEBUG] Sent text 'All Clients' to searchBox ListViewInput
[2025-11-17T10:29:31.716Z] [INFO] Clicking on element all Clients In List View
[2025-11-17T10:29:32.228Z] [DEBUG] Clicked on element all Clients In List View
[2025-11-17T10:29:32.303Z] [INFO] Clicking on element global Search Button
[2025-11-17T10:29:33.359Z] [DEBUG] Clicked on element global Search Button
[2025-11-17T10:29:33.492Z] [INFO] Sending text '1000 Miglia SRL' to global Search Input
[2025-11-17T10:29:33.978Z] [DEBUG] Sent text '1000 Miglia SRL' to global Search Input
[2025-11-17T10:29:34.525Z] [INFO] Clicking on element global Search Result
[2025-11-17T10:29:35.398Z] [DEBUG] Clicked on element global Search Result
[2025-11-17T10:29:35.401Z] [INFO] AccountPage: Validating account record type: Client
[2025-11-17T10:30:05.498Z] [ERROR] AccountPage: Error validating account record type 'Client': TimeoutError: locator.waitFor: Timeout 30000ms exceeded.
Call log:
[2m  - waiting for locator('//p[@title=\'Account Record Type\']/parent::div//span[text()=\'Client\']').first() to be visible[22m
[2m    61 × locator resolved to hidden <span lwc-2gh2idk3t2m="">Client</span>[22m

[2025-11-17T10:30:16.817Z] [INFO] Sending text 'nuguri.charitha@us.lockton.com.cbqa' to username Input Value
[2025-11-17T10:30:17.249Z] [DEBUG] Sent text 'nuguri.charitha@us.lockton.com.cbqa' to username Input Value
[2025-11-17T10:30:17.254Z] [INFO] Sending text 'Charitha@89' to password Input Value
[2025-11-17T10:30:17.372Z] [DEBUG] Sent text 'Charitha@89' to password Input Value
[2025-11-17T10:30:17.374Z] [INFO] Clicking on element login Button
[2025-11-17T10:30:19.275Z] [DEBUG] Clicked on element login Button
[2025-11-17T10:30:24.296Z] [INFO] Clicking on element setUp Icon
[2025-11-17T10:30:24.543Z] [DEBUG] Clicked on element setUp Icon
[2025-11-17T10:30:31.533Z] [INFO] Clicking on element user Search Result
[2025-11-17T10:30:32.196Z] [DEBUG] Clicked on element user Search Result
[2025-11-17T10:30:49.843Z] [INFO] Clicking on element show Navigation Menu
[2025-11-17T10:30:50.207Z] [DEBUG] Clicked on element show Navigation Menu
[2025-11-17T10:30:50.288Z] [INFO] Clicking on element accounts Menu Item
[2025-11-17T10:30:50.634Z] [DEBUG] Clicked on element accounts Menu Item
[2025-11-17T10:30:52.023Z] [INFO] Clicking on element list View Element
[2025-11-17T10:30:52.331Z] [DEBUG] Clicked on element list View Element
[2025-11-17T10:30:52.384Z] [INFO] Sending text 'All Clients' to searchBox ListViewInput
[2025-11-17T10:30:52.600Z] [DEBUG] Sent text 'All Clients' to searchBox ListViewInput
[2025-11-17T10:30:52.666Z] [INFO] Clicking on element all Clients In List View
[2025-11-17T10:30:53.057Z] [DEBUG] Clicked on element all Clients In List View
[2025-11-17T10:30:53.111Z] [INFO] Clicking on element global Search Button
[2025-11-17T10:30:53.491Z] [DEBUG] Clicked on element global Search Button
[2025-11-17T10:30:54.159Z] [INFO] Sending text '1000 Miglia SRL' to global Search Input
[2025-11-17T10:30:54.428Z] [DEBUG] Sent text '1000 Miglia SRL' to global Search Input
[2025-11-17T10:30:55.387Z] [INFO] Clicking on element global Search Result
[2025-11-17T10:30:55.740Z] [DEBUG] Clicked on element global Search Result
[2025-11-17T10:30:55.743Z] [INFO] AccountPage: Validating account record type: Client
[2025-11-17T10:30:59.297Z] [INFO] AccountPage: Account record type 'Client' is visible.
[2025-11-17T10:30:59.299Z] [INFO] Clicking on element new Opportunity Button
[2025-11-17T10:31:04.192Z] [DEBUG] Clicked on element new Opportunity Button
[2025-11-17T10:31:04.199Z] [INFO] Clicking on element intial Intake Button
[2025-11-17T10:31:05.867Z] [DEBUG] Clicked on element intial Intake Button
[2025-11-17T10:31:05.872Z] [INFO] Clicking on element opportunity Next Button
[2025-11-17T10:31:06.443Z] [DEBUG] Clicked on element opportunity Next Button
[2025-11-17T10:31:08.190Z] [INFO] Sending text 'auto bhbtf' to opportunity Name
[2025-11-17T10:31:08.572Z] [DEBUG] Sent text 'auto bhbtf' to opportunity Name
[2025-11-17T10:31:08.674Z] [INFO] Clicking on element stage DropDown
[2025-11-17T10:31:09.177Z] [DEBUG] Clicked on element stage DropDown
[2025-11-17T10:31:09.261Z] [INFO] Clicking on element stage Value
[2025-11-17T10:31:09.715Z] [DEBUG] Clicked on element stage Value
[2025-11-17T10:31:10.360Z] [INFO] Clicking on element insurance DropDown
[2025-11-17T10:31:10.765Z] [DEBUG] Clicked on element insurance DropDown
[2025-11-17T10:31:10.962Z] [INFO] Clicking on element Insurance Type Option
[2025-11-17T10:31:11.409Z] [DEBUG] Clicked on element Insurance Type Option
[2025-11-17T10:31:11.411Z] [INFO] Clicking on element insurance Sub Type Drop Down
[2025-11-17T10:31:11.857Z] [DEBUG] Clicked on element insurance Sub Type Drop Down
[2025-11-17T10:31:11.865Z] [INFO] Clicking on element insurance Type field
[2025-11-17T10:31:12.205Z] [DEBUG] Clicked on element insurance Type field
[2025-11-17T10:31:14.289Z] [INFO] Clicking on element save Button
[2025-11-17T10:31:14.714Z] [DEBUG] Clicked on element save Button
[2025-11-17T10:31:17.840Z] [INFO] Clicking on element show More Actions DropDown
[2025-11-17T10:31:18.511Z] [DEBUG] Clicked on element show More Actions DropDown
[2025-11-17T10:31:18.513Z] [INFO] Clicking on element manage Opportunity Assignment Option
[2025-11-17T10:31:19.049Z] [DEBUG] Clicked on element manage Opportunity Assignment Option
[2025-11-17T10:31:21.240Z] [INFO] Sending text '100' to Primary Producer Allocation TextBox
[2025-11-17T10:31:21.830Z] [DEBUG] Sent text '100' to Primary Producer Allocation TextBox
[2025-11-17T10:31:21.833Z] [INFO] Clicking on element SaveAndClose Button
[2025-11-17T10:31:22.338Z] [DEBUG] Clicked on element SaveAndClose Button
[2025-11-17T10:31:22.341Z] [INFO] Clicking on element edit Button
[2025-11-17T10:31:24.555Z] [DEBUG] Clicked on element edit Button
[2025-11-17T10:31:27.394Z] [INFO] Sending text '11/17/2026' to quote DueDate Field
[2025-11-17T10:31:29.036Z] [DEBUG] Sent text '11/17/2026' to quote DueDate Field
[2025-11-17T10:31:29.038Z] [INFO] Sending text '700' to enterpriseValueField
[2025-11-17T10:31:29.930Z] [DEBUG] Sent text '700' to enterpriseValueField
[2025-11-17T10:31:29.932Z] [INFO] Sending text 'AAK Foodservice' to target Field
[2025-11-17T10:31:30.588Z] [DEBUG] Sent text 'AAK Foodservice' to target Field
[2025-11-17T10:31:30.590Z] [INFO] Sending text 'Target provides Fats and Oils Refining and Blending' to target Description Field
[2025-11-17T10:31:31.251Z] [DEBUG] Sent text 'Target provides Fats and Oils Refining and Blending' to target Description Field
[2025-11-17T10:31:31.254Z] [INFO] Clicking on element quote DueTime DropDown
[2025-11-17T10:31:31.996Z] [DEBUG] Clicked on element quote DueTime DropDown
[2025-11-17T10:31:32.125Z] [INFO] Clicking on element quote DueTime Value
[2025-11-17T10:31:32.763Z] [DEBUG] Clicked on element quote DueTime Value
[2025-11-17T10:31:32.765Z] [INFO] Clicking on element buyers Council DropDown
[2025-11-17T10:31:33.714Z] [DEBUG] Clicked on element buyers Council DropDown
[2025-11-17T10:31:33.719Z] [INFO] Clicking on element buyers Council DropDown Value
[2025-11-17T10:31:34.778Z] [DEBUG] Clicked on element buyers Council DropDown Value
[2025-11-17T10:31:34.781Z] [INFO] Sending text '110' to limit Requested
[2025-11-17T10:31:35.692Z] [DEBUG] Sent text '110' to limit Requested
[2025-11-17T10:31:35.701Z] [INFO] Clicking on element save Button
[2025-11-17T10:31:36.626Z] [DEBUG] Clicked on element save Button
[2025-11-17T10:31:36.630Z] [INFO] Clicking on element edit Button
[2025-11-17T10:31:39.765Z] [DEBUG] Clicked on element edit Button
[2025-11-17T10:31:40.846Z] [INFO] Sending text '15' to rollover Percentage
[2025-11-17T10:31:42.693Z] [DEBUG] Sent text '15' to rollover Percentage
[2025-11-17T10:31:42.695Z] [INFO] Sending text 'Test Purchase Agreement' to purchase Agreement
[2025-11-17T10:31:43.436Z] [DEBUG] Sent text 'Test Purchase Agreement' to purchase Agreement
[2025-11-17T10:31:43.440Z] [INFO] Clicking on element sellers Council DropDown
[2025-11-17T10:31:44.441Z] [DEBUG] Clicked on element sellers Council DropDown
[2025-11-17T10:31:44.444Z] [INFO] Clicking on element sellers Council Value
[2025-11-17T10:31:45.287Z] [DEBUG] Clicked on element sellers Council Value
[2025-11-17T10:31:45.290Z] [INFO] Sending text '500' to limit Requested2
[2025-11-17T10:31:46.093Z] [DEBUG] Sent text '500' to limit Requested2
[2025-11-17T10:31:46.102Z] [INFO] Clicking on element limit Comments
[2025-11-17T10:31:46.841Z] [DEBUG] Clicked on element limit Comments
[2025-11-17T10:31:46.847Z] [INFO] Sending text 'Test limit Comments' to limit Comments
[2025-11-17T10:31:47.419Z] [DEBUG] Sent text 'Test limit Comments' to limit Comments
[2025-11-17T10:31:47.422Z] [INFO] Clicking on element other Requested Terms
[2025-11-17T10:31:48.130Z] [DEBUG] Clicked on element other Requested Terms
[2025-11-17T10:31:48.136Z] [INFO] Sending text 'Test other requested terms' to other Requested Terms
[2025-11-17T10:31:48.794Z] [DEBUG] Sent text 'Test other requested terms' to other Requested Terms
[2025-11-17T10:31:48.797Z] [INFO] Clicking on element draft Purchase Agreement CheckBox
[2025-11-17T10:31:49.526Z] [DEBUG] Clicked on element draft Purchase Agreement CheckBox
[2025-11-17T10:31:49.535Z] [INFO] Clicking on element type Of Financials DropDown
[2025-11-17T10:31:50.477Z] [DEBUG] Clicked on element type Of Financials DropDown
[2025-11-17T10:31:50.482Z] [INFO] Clicking on element type Of Financials Value
[2025-11-17T10:31:51.143Z] [DEBUG] Clicked on element type Of Financials Value
[2025-11-17T10:31:51.146Z] [INFO] Clicking on element deal Book CheckBox
[2025-11-17T10:31:51.920Z] [DEBUG] Clicked on element deal Book CheckBox
[2025-11-17T10:31:51.930Z] [INFO] Clicking on element legal DropDown
[2025-11-17T10:31:52.977Z] [DEBUG] Clicked on element legal DropDown
[2025-11-17T10:31:52.981Z] [INFO] Clicking on element legal Value
[2025-11-17T10:31:53.830Z] [DEBUG] Clicked on element legal Value
[2025-11-17T10:31:53.833Z] [INFO] Clicking on element financial DropDown
[2025-11-17T10:31:54.695Z] [DEBUG] Clicked on element financial DropDown
[2025-11-17T10:31:54.844Z] [INFO] Clicking on element financial Value
[2025-11-17T10:31:55.602Z] [DEBUG] Clicked on element financial Value
[2025-11-17T10:31:55.606Z] [INFO] Clicking on element tax DropDown
[2025-11-17T10:31:56.450Z] [DEBUG] Clicked on element tax DropDown
[2025-11-17T10:31:56.459Z] [INFO] Clicking on element tax Value
[2025-11-17T10:31:57.286Z] [DEBUG] Clicked on element tax Value
[2025-11-17T10:31:57.290Z] [INFO] Clicking on element save Button
[2025-11-17T10:31:58.216Z] [DEBUG] Clicked on element save Button
[2025-11-17T10:31:58.657Z] [INFO] Clicking on element global Search Button
[2025-11-17T10:32:01.129Z] [DEBUG] Clicked on element global Search Button
[2025-11-17T10:32:01.222Z] [INFO] Sending text 'Ambridge Partners LLC' to global Search Input
[2025-11-17T10:32:01.532Z] [DEBUG] Sent text 'Ambridge Partners LLC' to global Search Input
[2025-11-17T10:32:02.121Z] [INFO] Clicking on element global Search Result
[2025-11-17T10:32:02.495Z] [DEBUG] Clicked on element global Search Result
[2025-11-17T10:32:05.647Z] [INFO] Clicking on element taxCarriers Header
[2025-11-17T10:32:06.150Z] [DEBUG] Clicked on element taxCarriers Header
[2025-11-17T10:32:06.765Z] [INFO] Clicking on element Close Last Account Tab
[2025-11-17T10:32:07.167Z] [DEBUG] Clicked on element Close Last Account Tab
[2025-11-17T10:32:07.174Z] [INFO] Clicking on element opportunity Tab
[2025-11-17T10:32:07.963Z] [DEBUG] Clicked on element opportunity Tab
[2025-11-17T10:32:08.106Z] [INFO] Clicking on element NBIL New Button
[2025-11-17T10:32:08.683Z] [DEBUG] Clicked on element NBIL New Button
[2025-11-17T10:32:11.111Z] [INFO] Clicking on element all Carriers Value 
[2025-11-17T10:32:11.618Z] [DEBUG] Clicked on element all Carriers Value 
[2025-11-17T10:32:11.967Z] [INFO] Clicking on element nbilNextButton
[2025-11-17T10:32:12.424Z] [DEBUG] Clicked on element nbilNextButton
[2025-11-17T10:32:12.428Z] [INFO] Sending text 'nuguri.charitha@us.lockton.com' to email Id
[2025-11-17T10:32:14.692Z] [DEBUG] Sent text 'nuguri.charitha@us.lockton.com' to email Id
[2025-11-17T10:32:14.886Z] [INFO] Subject field is validated successfully with opportunity name.
[2025-11-17T10:32:20.290Z] [INFO] Clicking on element Done Button
[2025-11-17T10:32:20.780Z] [DEBUG] Clicked on element Done Button
[2025-11-17T10:32:26.793Z] [INFO] Clicking on element Done Button
[2025-11-17T10:32:27.425Z] [DEBUG] Clicked on element Done Button
[2025-11-17T10:32:33.377Z] [INFO] Clicking on element Done Button
[2025-11-17T10:32:33.897Z] [DEBUG] Clicked on element Done Button
[2025-11-17T10:32:34.561Z] [INFO] Clicking on element Previous Button
[2025-11-17T10:32:34.885Z] [DEBUG] Clicked on element Previous Button
[2025-11-17T10:32:36.941Z] [INFO] Clicking on element Next Button
[2025-11-17T10:32:37.413Z] [DEBUG] Clicked on element Next Button
[2025-11-17T10:32:41.160Z] [INFO] Sending text 'nuguri.charitha@us.lockton.com' to email Id
[2025-11-17T10:32:41.770Z] [DEBUG] Sent text 'nuguri.charitha@us.lockton.com' to email Id
[2025-11-17T10:32:47.494Z] [INFO] Clicking on element Done Button
[2025-11-17T10:32:47.984Z] [DEBUG] Clicked on element Done Button
[2025-11-17T10:32:53.691Z] [INFO] Clicking on element Done Button
[2025-11-17T10:32:54.092Z] [DEBUG] Clicked on element Done Button
[2025-11-17T10:32:59.853Z] [INFO] Clicking on element Done Button
[2025-11-17T10:33:00.269Z] [DEBUG] Clicked on element Done Button
[2025-11-17T10:33:06.193Z] [INFO] Clicking on element Done Button
[2025-11-17T10:33:06.621Z] [DEBUG] Clicked on element Done Button
[2025-11-17T10:33:09.003Z] [INFO] Clicking on element Close Duplicate Error Button
[2025-11-17T10:33:09.414Z] [DEBUG] Clicked on element Close Duplicate Error Button
[2025-11-17T10:33:09.581Z] [INFO] Clicking on element Delete file button
[2025-11-17T10:33:09.912Z] [DEBUG] Clicked on element Delete file button
[2025-11-17T10:33:09.978Z] [INFO] Clicking on element preview Text
[2025-11-17T10:33:10.328Z] [DEBUG] Clicked on element preview Text
[2025-11-17T10:33:11.647Z] [INFO] Sending text 'nuguri.charitha@us.lockton.com.cbqa' to cc Field Locator
[2025-11-17T10:33:11.942Z] [DEBUG] Sent text 'nuguri.charitha@us.lockton.com.cbqa' to cc Field Locator
[2025-11-17T10:33:11.947Z] [INFO] Clicking on element send Button
[2025-11-17T10:33:12.274Z] [DEBUG] Clicked on element send Button
[2025-11-17T10:33:17.799Z] [INFO] Clicking on element successWindow Close Button
[2025-11-17T10:33:18.215Z] [DEBUG] Clicked on element successWindow Close Button
[2025-11-17T10:33:19.395Z] [INFO] Clicking on element activity Tab
[2025-11-17T10:33:23.803Z] [DEBUG] Clicked on element activity Tab
[2025-11-17T10:33:24.348Z] [INFO] Clicking on element Email Request Sent Link
[2025-11-17T10:33:25.393Z] [DEBUG] Clicked on element Email Request Sent Link
[2025-11-17T10:33:25.397Z] [INFO] Clicking on element Email Details Tab
[2025-11-17T10:33:27.240Z] [DEBUG] Clicked on element Email Details Tab
[2025-11-17T10:33:27.244Z] [INFO] Clicking on element Email Details Tab
[2025-11-17T10:33:27.458Z] [DEBUG] Clicked on element Email Details Tab
[2025-11-17T10:33:27.845Z] [INFO] Clicking on element Close NBIL Sub Tab
[2025-11-17T10:33:28.054Z] [DEBUG] Clicked on element Close NBIL Sub Tab
[2025-11-17T10:33:28.116Z] [INFO] Clicking on element Opportunity Tab
[2025-11-17T10:33:28.459Z] [DEBUG] Clicked on element Opportunity Tab
[2025-11-17T10:33:28.461Z] [INFO] Clicking on element activity Tab
[2025-11-17T10:33:28.647Z] [DEBUG] Clicked on element activity Tab
[2025-11-17T10:33:28.712Z] [INFO] Scrolling attempt 1
[2025-11-17T10:33:29.294Z] [INFO] Scrolling attempt 2
[2025-11-17T10:33:29.986Z] [INFO] Element became visible during scroll.
[2025-11-17T10:33:32.136Z] [INFO] Clicking on element View All Files Button
[2025-11-17T10:33:32.508Z] [DEBUG] Clicked on element View All Files Button
[2025-11-17T10:33:35.651Z] [INFO] Clicking on element Close Files Sub Tab
[2025-11-17T10:33:35.793Z] [DEBUG] Clicked on element Close Files Sub Tab
[2025-11-17T10:33:35.871Z] [INFO] Clicking on element Opportunity Tab
[2025-11-17T10:33:36.238Z] [DEBUG] Clicked on element Opportunity Tab
[2025-11-17T10:33:36.240Z] [INFO] Clicking on element NBIL New Button
[2025-11-17T10:33:36.489Z] [DEBUG] Clicked on element NBIL New Button
[2025-11-17T10:33:38.705Z] [INFO] Clicking on element all Carriers Value 
[2025-11-17T10:33:38.910Z] [DEBUG] Clicked on element all Carriers Value 
[2025-11-17T10:33:39.027Z] [INFO] Clicking on element nbilNextButton
[2025-11-17T10:33:39.216Z] [DEBUG] Clicked on element nbilNextButton
[2025-11-17T10:33:39.219Z] [INFO] Sending text 'nuguri.charitha@us.lockton.com.cbqa' to email Id
[2025-11-17T10:33:40.718Z] [DEBUG] Sent text 'nuguri.charitha@us.lockton.com.cbqa' to email Id
[2025-11-17T10:33:45.914Z] [INFO] Clicking on element Done Button
[2025-11-17T10:33:46.105Z] [DEBUG] Clicked on element Done Button
[2025-11-17T10:33:51.933Z] [INFO] Clicking on element Done Button
[2025-11-17T10:33:52.150Z] [DEBUG] Clicked on element Done Button
[2025-11-17T10:33:52.757Z] [INFO] Clicking on element Close NDA/NBIL Flow Button
[2025-11-17T10:33:53.020Z] [DEBUG] Clicked on element Close NDA/NBIL Flow Button
[2025-11-17T10:33:56.331Z] [INFO] Element became visible during scroll.
[2025-11-17T10:33:58.434Z] [INFO] Clicking on element View All Files Button
[2025-11-17T10:33:58.767Z] [DEBUG] Clicked on element View All Files Button
[2025-11-17T10:34:02.019Z] [INFO] Clicking on element Close Files Sub Tab
[2025-11-17T10:34:02.219Z] [DEBUG] Clicked on element Close Files Sub Tab
[2025-11-17T10:34:02.295Z] [INFO] Clicking on element Opportunity Tab
[2025-11-17T10:34:02.643Z] [DEBUG] Clicked on element Opportunity Tab
[2025-11-17T10:34:02.646Z] [INFO] Clicking on element NBIL New Button
[2025-11-17T10:34:02.899Z] [DEBUG] Clicked on element NBIL New Button
[2025-11-17T10:34:05.047Z] [INFO] Clicking on element all Carriers Value 
[2025-11-17T10:34:05.261Z] [DEBUG] Clicked on element all Carriers Value 
[2025-11-17T10:34:05.392Z] [INFO] Clicking on element nbilNextButton
[2025-11-17T10:34:05.664Z] [DEBUG] Clicked on element nbilNextButton
[2025-11-17T10:34:05.669Z] [INFO] Sending text 'nuguri.charitha@us.lockton.com' to email Id
[2025-11-17T10:34:07.172Z] [DEBUG] Sent text 'nuguri.charitha@us.lockton.com' to email Id
[2025-11-17T10:34:07.246Z] [INFO] Subject field is validated successfully with opportunity name.
[2025-11-17T10:34:12.633Z] [INFO] Clicking on element Done Button
[2025-11-17T10:34:13.017Z] [DEBUG] Clicked on element Done Button
[2025-11-17T10:34:18.759Z] [INFO] Clicking on element Done Button
[2025-11-17T10:34:19.159Z] [DEBUG] Clicked on element Done Button
[2025-11-17T10:34:24.972Z] [INFO] Clicking on element Done Button
[2025-11-17T10:34:25.275Z] [DEBUG] Clicked on element Done Button
[2025-11-17T10:34:25.845Z] [INFO] Clicking on element Previous Button
[2025-11-17T10:34:26.167Z] [DEBUG] Clicked on element Previous Button
[2025-11-17T10:34:28.214Z] [INFO] Clicking on element Next Button
[2025-11-17T10:34:28.462Z] [DEBUG] Clicked on element Next Button
[2025-11-17T10:34:31.677Z] [INFO] Sending text 'nuguri.charitha@us.lockton.com' to email Id
[2025-11-17T10:34:31.972Z] [DEBUG] Sent text 'nuguri.charitha@us.lockton.com' to email Id
[2025-11-17T10:34:37.267Z] [INFO] Clicking on element Done Button
[2025-11-17T10:34:37.478Z] [DEBUG] Clicked on element Done Button
[2025-11-17T10:34:43.490Z] [INFO] Clicking on element Done Button
[2025-11-17T10:34:43.826Z] [DEBUG] Clicked on element Done Button
[2025-11-17T10:34:49.631Z] [INFO] Clicking on element Done Button
[2025-11-17T10:34:49.878Z] [DEBUG] Clicked on element Done Button
[2025-11-17T10:34:55.702Z] [INFO] Clicking on element Done Button
[2025-11-17T10:34:55.911Z] [DEBUG] Clicked on element Done Button
[2025-11-17T10:34:58.072Z] [INFO] Clicking on element Close Duplicate Error Button
[2025-11-17T10:34:58.277Z] [DEBUG] Clicked on element Close Duplicate Error Button
[2025-11-17T10:34:58.503Z] [INFO] Clicking on element Delete file button
[2025-11-17T10:34:58.848Z] [DEBUG] Clicked on element Delete file button
[2025-11-17T10:34:58.895Z] [INFO] Clicking on element preview Text
[2025-11-17T10:34:59.224Z] [DEBUG] Clicked on element preview Text
[2025-11-17T10:35:00.218Z] [INFO] Sending text 'nuguri.charitha@us.lockton.com.cbqa' to cc Field Locator
[2025-11-17T10:35:00.370Z] [DEBUG] Sent text 'nuguri.charitha@us.lockton.com.cbqa' to cc Field Locator
[2025-11-17T10:35:00.374Z] [INFO] Clicking on element send Button
[2025-11-17T10:35:00.621Z] [DEBUG] Clicked on element send Button
[2025-11-17T10:35:05.122Z] [INFO] Clicking on element successWindow Close Button
[2025-11-17T10:35:05.377Z] [DEBUG] Clicked on element successWindow Close Button
[2025-11-17T10:35:06.597Z] [INFO] Clicking on element activity Tab
[2025-11-17T10:35:11.137Z] [DEBUG] Clicked on element activity Tab
[2025-11-17T10:35:11.553Z] [INFO] Clicking on element Email Request Sent Link
[2025-11-17T10:35:12.598Z] [DEBUG] Clicked on element Email Request Sent Link
[2025-11-17T10:35:12.601Z] [INFO] Clicking on element Email Details Tab
[2025-11-17T10:35:14.506Z] [DEBUG] Clicked on element Email Details Tab
[2025-11-17T10:35:14.508Z] [INFO] Clicking on element Email Details Tab
[2025-11-17T10:35:14.694Z] [DEBUG] Clicked on element Email Details Tab
[2025-11-17T10:35:15.736Z] [INFO] Clicking on element Close NBIL Sub Tab
[2025-11-17T10:35:15.898Z] [DEBUG] Clicked on element Close NBIL Sub Tab
[2025-11-17T10:35:15.977Z] [INFO] Clicking on element Opportunity Tab
[2025-11-17T10:35:16.398Z] [DEBUG] Clicked on element Opportunity Tab
[2025-11-17T10:35:16.401Z] [INFO] Clicking on element activity Tab
[2025-11-17T10:35:16.802Z] [DEBUG] Clicked on element activity Tab
[2025-11-17T10:35:16.934Z] [INFO] Scrolling attempt 1
[2025-11-17T10:35:17.641Z] [INFO] Scrolling attempt 2
[2025-11-17T10:35:18.258Z] [INFO] Element became visible during scroll.
[2025-11-17T10:35:20.346Z] [INFO] Clicking on element View All Files Button
[2025-11-17T10:35:20.716Z] [DEBUG] Clicked on element View All Files Button
[2025-11-17T10:35:23.887Z] [INFO] Clicking on element Close Files Sub Tab
[2025-11-17T10:35:24.056Z] [DEBUG] Clicked on element Close Files Sub Tab
[2025-11-17T10:35:24.338Z] [INFO] Clicking on element NBIL New Button
[2025-11-17T10:35:24.765Z] [DEBUG] Clicked on element NBIL New Button
[2025-11-17T10:35:26.970Z] [INFO] Clicking on element all Carriers Value 
[2025-11-17T10:35:27.202Z] [DEBUG] Clicked on element all Carriers Value 
[2025-11-17T10:35:27.342Z] [INFO] Clicking on element nbilNextButton
[2025-11-17T10:35:27.549Z] [DEBUG] Clicked on element nbilNextButton
[2025-11-17T10:35:27.552Z] [INFO] Sending text 'nuguri.charitha@us.lockton.com.cbqa' to email Id
[2025-11-17T10:35:29.163Z] [DEBUG] Sent text 'nuguri.charitha@us.lockton.com.cbqa' to email Id
[2025-11-17T10:35:34.344Z] [INFO] Clicking on element Done Button
[2025-11-17T10:35:34.691Z] [DEBUG] Clicked on element Done Button
[2025-11-17T10:35:40.356Z] [INFO] Clicking on element Done Button
[2025-11-17T10:35:40.527Z] [DEBUG] Clicked on element Done Button
[2025-11-17T10:35:41.216Z] [INFO] Clicking on element Close NDA/NBIL Flow Button
[2025-11-17T10:35:41.467Z] [DEBUG] Clicked on element Close NDA/NBIL Flow Button
[2025-11-17T10:35:44.595Z] [INFO] Element became visible during scroll.
[2025-11-17T10:35:46.701Z] [INFO] Clicking on element View All Files Button
[2025-11-17T10:35:47.162Z] [DEBUG] Clicked on element View All Files Button
[2025-11-17T10:35:50.291Z] [INFO] Clicking on element Close Files Sub Tab
[2025-11-17T10:35:50.653Z] [DEBUG] Clicked on element Close Files Sub Tab
[2025-11-17T10:35:50.961Z] [INFO] Clicking on element NBIL New Button
[2025-11-17T10:35:51.359Z] [DEBUG] Clicked on element NBIL New Button
[2025-11-17T10:35:53.547Z] [INFO] Clicking on element all Carriers Value 
[2025-11-17T10:35:53.758Z] [DEBUG] Clicked on element all Carriers Value 
[2025-11-17T10:35:53.900Z] [INFO] Clicking on element nbilNextButton
[2025-11-17T10:35:54.154Z] [DEBUG] Clicked on element nbilNextButton
[2025-11-17T10:35:54.156Z] [INFO] Sending text 'nuguri.charitha@us.lockton.com' to email Id
[2025-11-17T10:35:55.706Z] [DEBUG] Sent text 'nuguri.charitha@us.lockton.com' to email Id
[2025-11-17T10:35:55.788Z] [INFO] Subject field is validated successfully with opportunity name.
[2025-11-17T10:36:01.032Z] [INFO] Clicking on element Done Button
[2025-11-17T10:36:01.361Z] [DEBUG] Clicked on element Done Button
[2025-11-17T10:36:06.978Z] [INFO] Clicking on element Done Button
[2025-11-17T10:36:07.254Z] [DEBUG] Clicked on element Done Button
[2025-11-17T10:36:12.958Z] [INFO] Clicking on element Done Button
[2025-11-17T10:36:13.242Z] [DEBUG] Clicked on element Done Button
[2025-11-17T10:36:13.691Z] [INFO] Clicking on element Previous Button
[2025-11-17T10:36:13.928Z] [DEBUG] Clicked on element Previous Button
[2025-11-17T10:36:15.960Z] [INFO] Clicking on element Next Button
[2025-11-17T10:36:16.177Z] [DEBUG] Clicked on element Next Button
[2025-11-17T10:36:19.304Z] [INFO] Sending text 'nuguri.charitha@us.lockton.com' to email Id
[2025-11-17T10:36:19.496Z] [DEBUG] Sent text 'nuguri.charitha@us.lockton.com' to email Id
[2025-11-17T10:36:24.709Z] [INFO] Clicking on element Done Button
[2025-11-17T10:36:25.078Z] [DEBUG] Clicked on element Done Button
[2025-11-17T10:36:30.626Z] [INFO] Clicking on element Done Button
[2025-11-17T10:36:30.963Z] [DEBUG] Clicked on element Done Button
[2025-11-17T10:36:36.613Z] [INFO] Clicking on element Done Button
[2025-11-17T10:36:36.816Z] [DEBUG] Clicked on element Done Button
[2025-11-17T10:36:42.676Z] [INFO] Clicking on element Done Button
[2025-11-17T10:36:42.937Z] [DEBUG] Clicked on element Done Button
[2025-11-17T10:36:45.105Z] [INFO] Clicking on element Close Duplicate Error Button
[2025-11-17T10:36:45.328Z] [DEBUG] Clicked on element Close Duplicate Error Button
[2025-11-17T10:36:45.419Z] [INFO] Clicking on element Delete file button
[2025-11-17T10:36:45.710Z] [DEBUG] Clicked on element Delete file button
[2025-11-17T10:36:45.745Z] [INFO] Clicking on element preview Text
[2025-11-17T10:36:46.047Z] [DEBUG] Clicked on element preview Text
[2025-11-17T10:36:47.109Z] [INFO] Sending text 'nuguri.charitha@us.lockton.com.cbqa' to cc Field Locator
[2025-11-17T10:36:47.371Z] [DEBUG] Sent text 'nuguri.charitha@us.lockton.com.cbqa' to cc Field Locator
[2025-11-17T10:36:47.375Z] [INFO] Clicking on element send Button
[2025-11-17T10:36:47.678Z] [DEBUG] Clicked on element send Button
[2025-11-17T10:36:51.125Z] [INFO] Clicking on element successWindow Close Button
[2025-11-17T10:36:51.337Z] [DEBUG] Clicked on element successWindow Close Button
[2025-11-17T10:36:52.886Z] [INFO] Clicking on element activity Tab
[2025-11-17T10:36:56.844Z] [DEBUG] Clicked on element activity Tab
[2025-11-17T10:36:57.901Z] [INFO] Clicking on element Email Request Sent Link
[2025-11-17T10:36:58.465Z] [DEBUG] Clicked on element Email Request Sent Link
[2025-11-17T10:36:58.468Z] [INFO] Clicking on element Email Details Tab
[2025-11-17T10:37:00.871Z] [DEBUG] Clicked on element Email Details Tab
[2025-11-17T10:37:00.873Z] [INFO] Clicking on element Email Details Tab
[2025-11-17T10:37:01.110Z] [DEBUG] Clicked on element Email Details Tab
[2025-11-17T10:37:01.645Z] [INFO] Clicking on element Close NBIL Sub Tab
[2025-11-17T10:37:01.871Z] [DEBUG] Clicked on element Close NBIL Sub Tab
[2025-11-17T10:37:01.943Z] [INFO] Clicking on element Opportunity Tab
[2025-11-17T10:37:02.351Z] [DEBUG] Clicked on element Opportunity Tab
[2025-11-17T10:37:02.352Z] [INFO] Clicking on element activity Tab
[2025-11-17T10:37:02.526Z] [DEBUG] Clicked on element activity Tab
[2025-11-17T10:37:02.644Z] [INFO] Scrolling attempt 1
[2025-11-17T10:37:03.260Z] [INFO] Scrolling attempt 2
[2025-11-17T10:37:03.942Z] [INFO] Element became visible during scroll.
[2025-11-17T10:37:06.069Z] [INFO] Clicking on element View All Files Button
[2025-11-17T10:37:06.484Z] [DEBUG] Clicked on element View All Files Button
[2025-11-17T10:37:09.637Z] [INFO] Clicking on element Close Files Sub Tab
[2025-11-17T10:37:09.839Z] [DEBUG] Clicked on element Close Files Sub Tab
[2025-11-17T10:37:10.105Z] [INFO] Clicking on element NBIL New Button
[2025-11-17T10:37:10.489Z] [DEBUG] Clicked on element NBIL New Button
[2025-11-17T10:37:12.644Z] [INFO] Clicking on element all Carriers Value 
[2025-11-17T10:37:12.876Z] [DEBUG] Clicked on element all Carriers Value 
[2025-11-17T10:37:13.017Z] [INFO] Clicking on element nbilNextButton
[2025-11-17T10:37:13.262Z] [DEBUG] Clicked on element nbilNextButton
[2025-11-17T10:37:13.266Z] [INFO] Sending text 'nuguri.charitha@us.lockton.com.cbqa' to email Id
[2025-11-17T10:37:14.774Z] [DEBUG] Sent text 'nuguri.charitha@us.lockton.com.cbqa' to email Id
[2025-11-17T10:37:19.931Z] [INFO] Clicking on element Done Button
[2025-11-17T10:37:20.165Z] [DEBUG] Clicked on element Done Button
[2025-11-17T10:37:25.786Z] [INFO] Clicking on element Done Button
[2025-11-17T10:37:26.074Z] [DEBUG] Clicked on element Done Button
[2025-11-17T10:37:26.748Z] [INFO] Clicking on element Close NDA/NBIL Flow Button
[2025-11-17T10:37:26.976Z] [DEBUG] Clicked on element Close NDA/NBIL Flow Button
[2025-11-17T10:37:30.243Z] [INFO] Element became visible during scroll.
[2025-11-17T10:37:32.361Z] [INFO] Clicking on element View All Files Button
[2025-11-17T10:37:32.756Z] [DEBUG] Clicked on element View All Files Button
[2025-11-17T10:37:57.024Z] [INFO] Sending text 'nuguri.charitha@us.lockton.com.cbqa' to username Input Value
[2025-11-17T10:37:57.456Z] [DEBUG] Sent text 'nuguri.charitha@us.lockton.com.cbqa' to username Input Value
[2025-11-17T10:37:57.458Z] [INFO] Sending text 'Charitha@89' to password Input Value
[2025-11-17T10:37:57.542Z] [DEBUG] Sent text 'Charitha@89' to password Input Value
[2025-11-17T10:37:57.543Z] [INFO] Clicking on element login Button
[2025-11-17T10:37:59.426Z] [DEBUG] Clicked on element login Button
[2025-11-17T10:38:04.472Z] [INFO] Clicking on element setUp Icon
[2025-11-17T10:38:04.653Z] [DEBUG] Clicked on element setUp Icon
[2025-11-17T10:38:10.757Z] [INFO] Clicking on element user Search Result
[2025-11-17T10:38:11.872Z] [DEBUG] Clicked on element user Search Result
[2025-11-17T10:38:31.388Z] [INFO] Clicking on element show Navigation Menu
[2025-11-17T10:38:32.553Z] [DEBUG] Clicked on element show Navigation Menu
[2025-11-17T10:38:32.618Z] [INFO] Clicking on element accounts Menu Item
[2025-11-17T10:38:32.920Z] [DEBUG] Clicked on element accounts Menu Item
[2025-11-17T10:38:34.307Z] [INFO] Clicking on element list View Element
[2025-11-17T10:38:34.543Z] [DEBUG] Clicked on element list View Element
[2025-11-17T10:38:34.608Z] [INFO] Sending text 'All Clients' to searchBox ListViewInput
[2025-11-17T10:38:34.784Z] [DEBUG] Sent text 'All Clients' to searchBox ListViewInput
[2025-11-17T10:38:34.827Z] [INFO] Clicking on element all Clients In List View
[2025-11-17T10:38:35.077Z] [DEBUG] Clicked on element all Clients In List View
[2025-11-17T10:38:35.123Z] [INFO] Clicking on element global Search Button
[2025-11-17T10:38:35.461Z] [DEBUG] Clicked on element global Search Button
[2025-11-17T10:38:35.541Z] [INFO] Sending text '1000 Miglia SRL' to global Search Input
[2025-11-17T10:38:36.298Z] [DEBUG] Sent text '1000 Miglia SRL' to global Search Input
[2025-11-17T10:38:37.235Z] [INFO] Clicking on element global Search Result
[2025-11-17T10:38:37.554Z] [DEBUG] Clicked on element global Search Result
[2025-11-17T10:38:37.557Z] [INFO] AccountPage: Validating account record type: Client
[2025-11-17T10:38:40.589Z] [INFO] AccountPage: Account record type 'Client' is visible.
[2025-11-17T10:38:40.602Z] [INFO] Clicking on element new Opportunity Button
[2025-11-17T10:38:42.614Z] [DEBUG] Clicked on element new Opportunity Button
[2025-11-17T10:38:42.618Z] [INFO] Clicking on element intial Intake Button
[2025-11-17T10:38:43.911Z] [DEBUG] Clicked on element intial Intake Button
[2025-11-17T10:38:43.913Z] [INFO] Clicking on element opportunity Next Button
[2025-11-17T10:38:44.379Z] [DEBUG] Clicked on element opportunity Next Button
[2025-11-17T10:38:46.041Z] [INFO] Sending text 'auto ycfuk' to opportunity Name
[2025-11-17T10:38:46.290Z] [DEBUG] Sent text 'auto ycfuk' to opportunity Name
[2025-11-17T10:38:46.341Z] [INFO] Clicking on element stage DropDown
[2025-11-17T10:38:46.678Z] [DEBUG] Clicked on element stage DropDown
[2025-11-17T10:38:46.740Z] [INFO] Clicking on element stage Value
[2025-11-17T10:38:47.061Z] [DEBUG] Clicked on element stage Value
[2025-11-17T10:38:47.402Z] [INFO] Clicking on element insurance Sub Type Drop Down
[2025-11-17T10:38:47.754Z] [DEBUG] Clicked on element insurance Sub Type Drop Down
[2025-11-17T10:38:47.757Z] [INFO] Clicking on element insurance Type field
[2025-11-17T10:38:48.165Z] [DEBUG] Clicked on element insurance Type field
[2025-11-17T10:38:50.222Z] [INFO] Clicking on element save Button
[2025-11-17T10:38:50.555Z] [DEBUG] Clicked on element save Button
[2025-11-17T10:38:54.148Z] [INFO] Clicking on element show More Actions DropDown
[2025-11-17T10:38:54.545Z] [DEBUG] Clicked on element show More Actions DropDown
[2025-11-17T10:38:54.547Z] [INFO] Clicking on element manage Opportunity Assignment Option
[2025-11-17T10:38:54.997Z] [DEBUG] Clicked on element manage Opportunity Assignment Option
[2025-11-17T10:38:57.077Z] [INFO] Sending text '100' to Primary Producer Allocation TextBox
[2025-11-17T10:38:58.089Z] [DEBUG] Sent text '100' to Primary Producer Allocation TextBox
[2025-11-17T10:38:58.092Z] [INFO] Clicking on element SaveAndClose Button
[2025-11-17T10:38:59.108Z] [DEBUG] Clicked on element SaveAndClose Button
[2025-11-17T10:38:59.114Z] [INFO] Clicking on element edit Button
[2025-11-17T10:39:01.418Z] [DEBUG] Clicked on element edit Button
[2025-11-17T10:39:05.392Z] [INFO] Sending text '11/17/2026' to quote DueDate Field
[2025-11-17T10:39:06.906Z] [DEBUG] Sent text '11/17/2026' to quote DueDate Field
[2025-11-17T10:39:06.908Z] [INFO] Sending text '100000' to enterpriseValueField
[2025-11-17T10:39:07.974Z] [DEBUG] Sent text '100000' to enterpriseValueField
[2025-11-17T10:39:07.976Z] [INFO] Sending text 'ImageFIRST Healthcare Laundry Specialists, LLC' to target Field
[2025-11-17T10:39:09.009Z] [DEBUG] Sent text 'ImageFIRST Healthcare Laundry Specialists, LLC' to target Field
[2025-11-17T10:39:09.011Z] [INFO] Sending text 'The traget provides outpatient and specialty healthcare laundry services in the U.S.' to target Description Field
[2025-11-17T10:39:10.213Z] [DEBUG] Sent text 'The traget provides outpatient and specialty healthcare laundry services in the U.S.' to target Description Field
[2025-11-17T10:39:10.215Z] [INFO] Clicking on element quote DueTime DropDown
[2025-11-17T10:39:11.585Z] [DEBUG] Clicked on element quote DueTime DropDown
[2025-11-17T10:39:12.126Z] [INFO] Clicking on element quote DueTime Value
[2025-11-17T10:39:13.337Z] [DEBUG] Clicked on element quote DueTime Value
[2025-11-17T10:39:13.341Z] [INFO] Clicking on element sellers Idemnity
[2025-11-17T10:39:14.568Z] [DEBUG] Clicked on element sellers Idemnity
[2025-11-17T10:39:14.571Z] [INFO] Clicking on element sellers Idemnity Value
[2025-11-17T10:39:15.728Z] [DEBUG] Clicked on element sellers Idemnity Value
[2025-11-17T10:39:15.730Z] [INFO] Clicking on element buyers Council DropDown
[2025-11-17T10:39:17.569Z] [DEBUG] Clicked on element buyers Council DropDown
[2025-11-17T10:39:17.571Z] [INFO] Clicking on element buyers Council DropDown Value
[2025-11-17T10:39:19.154Z] [DEBUG] Clicked on element buyers Council DropDown Value
[2025-11-17T10:39:19.161Z] [INFO] Sending text '102' to limit Requested
[2025-11-17T10:39:20.523Z] [DEBUG] Sent text '102' to limit Requested
[2025-11-17T10:39:20.526Z] [INFO] Clicking on element save Button
[2025-11-17T10:39:22.229Z] [DEBUG] Clicked on element save Button
[2025-11-17T10:39:22.234Z] [INFO] Clicking on element edit Button
[2025-11-17T10:39:25.371Z] [DEBUG] Clicked on element edit Button
[2025-11-17T10:39:26.634Z] [INFO] Sending text '50' to rollover Percentage
[2025-11-17T10:39:27.823Z] [DEBUG] Sent text '50' to rollover Percentage
[2025-11-17T10:39:27.825Z] [INFO] Sending text 'Test Purchase Agreement' to purchase Agreement
[2025-11-17T10:39:30.057Z] [DEBUG] Sent text 'Test Purchase Agreement' to purchase Agreement
[2025-11-17T10:39:30.064Z] [INFO] Clicking on element sellers Council DropDown
[2025-11-17T10:39:31.789Z] [DEBUG] Clicked on element sellers Council DropDown
[2025-11-17T10:39:31.791Z] [INFO] Clicking on element sellers Council Value
[2025-11-17T10:39:33.365Z] [DEBUG] Clicked on element sellers Council Value
[2025-11-17T10:39:33.373Z] [INFO] Sending text '1000' to limit Requested2
[2025-11-17T10:39:34.778Z] [DEBUG] Sent text '1000' to limit Requested2
[2025-11-17T10:39:34.781Z] [INFO] Clicking on element limit Comments
[2025-11-17T10:39:36.217Z] [DEBUG] Clicked on element limit Comments
[2025-11-17T10:39:36.219Z] [INFO] Sending text 'Test limit Comments' to limit Comments
[2025-11-17T10:39:37.148Z] [DEBUG] Sent text 'Test limit Comments' to limit Comments
[2025-11-17T10:39:37.150Z] [INFO] Clicking on element other Requested Terms
[2025-11-17T10:39:38.214Z] [DEBUG] Clicked on element other Requested Terms
[2025-11-17T10:39:38.216Z] [INFO] Sending text 'Test other requested terms' to other Requested Terms
[2025-11-17T10:39:39.023Z] [DEBUG] Sent text 'Test other requested terms' to other Requested Terms
[2025-11-17T10:39:39.029Z] [INFO] Clicking on element draft Purchase Agreement CheckBox
[2025-11-17T10:39:39.677Z] [DEBUG] Clicked on element draft Purchase Agreement CheckBox
[2025-11-17T10:39:39.679Z] [INFO] Clicking on element type Of Financials DropDown
[2025-11-17T10:39:40.620Z] [DEBUG] Clicked on element type Of Financials DropDown
[2025-11-17T10:39:40.624Z] [INFO] Clicking on element type Of Financials Value
[2025-11-17T10:39:41.457Z] [DEBUG] Clicked on element type Of Financials Value
[2025-11-17T10:39:41.459Z] [INFO] Clicking on element deal Book CheckBox
[2025-11-17T10:39:42.051Z] [DEBUG] Clicked on element deal Book CheckBox
[2025-11-17T10:39:42.053Z] [INFO] Clicking on element legal DropDown
[2025-11-17T10:39:43.118Z] [DEBUG] Clicked on element legal DropDown
[2025-11-17T10:39:43.121Z] [INFO] Clicking on element legal Value
[2025-11-17T10:39:44.102Z] [DEBUG] Clicked on element legal Value
[2025-11-17T10:39:44.106Z] [INFO] Clicking on element financial DropDown
[2025-11-17T10:39:45.086Z] [DEBUG] Clicked on element financial DropDown
[2025-11-17T10:39:45.338Z] [INFO] Clicking on element financial Value
[2025-11-17T10:39:46.437Z] [DEBUG] Clicked on element financial Value
[2025-11-17T10:39:46.443Z] [INFO] Clicking on element tax DropDown
[2025-11-17T10:39:47.404Z] [DEBUG] Clicked on element tax DropDown
[2025-11-17T10:39:47.407Z] [INFO] Clicking on element tax Value
[2025-11-17T10:39:48.437Z] [DEBUG] Clicked on element tax Value
[2025-11-17T10:39:48.439Z] [INFO] Clicking on element save Button
[2025-11-17T10:39:49.417Z] [DEBUG] Clicked on element save Button
[2025-11-17T10:39:49.607Z] [INFO] Clicking on element global Search Button
[2025-11-17T10:39:53.156Z] [DEBUG] Clicked on element global Search Button
[2025-11-17T10:39:53.218Z] [INFO] Sending text 'Chubb' to global Search Input
[2025-11-17T10:39:53.438Z] [DEBUG] Sent text 'Chubb' to global Search Input
[2025-11-17T10:39:54.405Z] [INFO] Clicking on element global Search Result
[2025-11-17T10:39:54.789Z] [DEBUG] Clicked on element global Search Result
[2025-11-17T10:39:59.891Z] [INFO] Clicking on element taxCarriers Header
[2025-11-17T10:40:00.465Z] [DEBUG] Clicked on element taxCarriers Header
[2025-11-17T10:40:01.161Z] [INFO] Clicking on element Close Last Account Tab
[2025-11-17T10:40:01.615Z] [DEBUG] Clicked on element Close Last Account Tab
[2025-11-17T10:40:01.617Z] [INFO] Clicking on element opportunity Tab
[2025-11-17T10:40:02.481Z] [DEBUG] Clicked on element opportunity Tab
[2025-11-17T10:40:02.687Z] [INFO] Clicking on element NBIL New Button
[2025-11-17T10:40:03.325Z] [DEBUG] Clicked on element NBIL New Button
[2025-11-17T10:40:05.964Z] [INFO] Clicking on element all Carriers Value 
[2025-11-17T10:40:06.536Z] [DEBUG] Clicked on element all Carriers Value 
[2025-11-17T10:40:06.869Z] [INFO] Clicking on element nbilNextButton
[2025-11-17T10:40:07.358Z] [DEBUG] Clicked on element nbilNextButton
[2025-11-17T10:40:07.361Z] [INFO] Sending text 'nuguri.charitha@us.lockton.com' to email Id
[2025-11-17T10:40:09.217Z] [DEBUG] Sent text 'nuguri.charitha@us.lockton.com' to email Id
[2025-11-17T10:40:09.418Z] [INFO] Subject field is validated successfully with opportunity name.
[2025-11-17T10:40:14.854Z] [INFO] Clicking on element Done Button
[2025-11-17T10:40:15.335Z] [DEBUG] Clicked on element Done Button
[2025-11-17T10:40:21.211Z] [INFO] Clicking on element Done Button
[2025-11-17T10:40:21.677Z] [DEBUG] Clicked on element Done Button
[2025-11-17T10:40:27.920Z] [INFO] Clicking on element Done Button
[2025-11-17T10:40:28.623Z] [DEBUG] Clicked on element Done Button
[2025-11-17T10:40:29.301Z] [INFO] Clicking on element Previous Button
[2025-11-17T10:40:29.644Z] [DEBUG] Clicked on element Previous Button
[2025-11-17T10:40:31.707Z] [INFO] Clicking on element Next Button
[2025-11-17T10:40:32.087Z] [DEBUG] Clicked on element Next Button
[2025-11-17T10:40:35.353Z] [INFO] Sending text 'nuguri.charitha@us.lockton.com' to email Id
[2025-11-17T10:40:35.628Z] [DEBUG] Sent text 'nuguri.charitha@us.lockton.com' to email Id
[2025-11-17T10:40:41.017Z] [INFO] Clicking on element Done Button
[2025-11-17T10:40:41.390Z] [DEBUG] Clicked on element Done Button
[2025-11-17T10:40:47.332Z] [INFO] Clicking on element Done Button
[2025-11-17T10:40:47.855Z] [DEBUG] Clicked on element Done Button
[2025-11-17T10:40:53.865Z] [INFO] Clicking on element Done Button
[2025-11-17T10:40:54.158Z] [DEBUG] Clicked on element Done Button
[2025-11-17T10:41:00.468Z] [INFO] Clicking on element Done Button
[2025-11-17T10:41:01.067Z] [DEBUG] Clicked on element Done Button
[2025-11-17T10:41:03.430Z] [INFO] Clicking on element Close Duplicate Error Button
[2025-11-17T10:41:03.974Z] [DEBUG] Clicked on element Close Duplicate Error Button
[2025-11-17T10:41:04.139Z] [INFO] Clicking on element Delete file button
[2025-11-17T10:41:04.563Z] [DEBUG] Clicked on element Delete file button
[2025-11-17T10:41:04.663Z] [INFO] Clicking on element preview Text
[2025-11-17T10:41:05.273Z] [DEBUG] Clicked on element preview Text
[2025-11-17T10:41:07.738Z] [INFO] Sending text 'This is to inform you that the NBIL request email body has been updated with new Test Information.' to email Body Locator
[2025-11-17T10:41:08.089Z] [DEBUG] Sent text 'This is to inform you that the NBIL request email body has been updated with new Test Information.' to email Body Locator
[2025-11-17T10:41:08.094Z] [INFO] Clicking on element send Button
[2025-11-17T10:41:08.646Z] [DEBUG] Clicked on element send Button
[2025-11-17T10:41:13.661Z] [INFO] Clicking on element successWindow Close Button
[2025-11-17T10:41:14.074Z] [DEBUG] Clicked on element successWindow Close Button
[2025-11-17T10:41:15.238Z] [INFO] Clicking on element activity Tab
[2025-11-17T10:41:20.201Z] [DEBUG] Clicked on element activity Tab
[2025-11-17T10:41:20.519Z] [INFO] Clicking on element Email Request Sent Link
[2025-11-17T10:41:20.904Z] [DEBUG] Clicked on element Email Request Sent Link
[2025-11-17T10:41:20.909Z] [INFO] Clicking on element Email Details Tab
[2025-11-17T10:41:22.995Z] [DEBUG] Clicked on element Email Details Tab
[2025-11-17T10:41:23.000Z] [INFO] Clicking on element Email Details Tab
[2025-11-17T10:41:23.546Z] [DEBUG] Clicked on element Email Details Tab
[2025-11-17T10:41:23.821Z] [INFO] Clicking on element Close NBIL Sub Tab
[2025-11-17T10:41:24.039Z] [DEBUG] Clicked on element Close NBIL Sub Tab
[2025-11-17T10:41:24.253Z] [INFO] Clicking on element Opportunity Tab
[2025-11-17T10:41:24.486Z] [DEBUG] Clicked on element Opportunity Tab
[2025-11-17T10:41:24.489Z] [INFO] Clicking on element activity Tab
[2025-11-17T10:41:24.772Z] [DEBUG] Clicked on element activity Tab
[2025-11-17T10:41:24.854Z] [INFO] Scrolling attempt 1
[2025-11-17T10:41:25.445Z] [INFO] Scrolling attempt 2
[2025-11-17T10:41:26.038Z] [INFO] Element became visible during scroll.
[2025-11-17T10:41:28.148Z] [INFO] Clicking on element View All Files Button
[2025-11-17T10:41:28.519Z] [DEBUG] Clicked on element View All Files Button
[2025-11-17T10:41:31.718Z] [INFO] Clicking on element Close Files Sub Tab
[2025-11-17T10:41:31.983Z] [DEBUG] Clicked on element Close Files Sub Tab
[2025-11-17T10:41:32.256Z] [INFO] Clicking on element NBIL New Button
[2025-11-17T10:41:32.618Z] [DEBUG] Clicked on element NBIL New Button
[2025-11-17T10:41:34.788Z] [INFO] Clicking on element all Carriers Value 
[2025-11-17T10:41:35.003Z] [DEBUG] Clicked on element all Carriers Value 
[2025-11-17T10:41:35.173Z] [INFO] Clicking on element nbilNextButton
[2025-11-17T10:41:35.428Z] [DEBUG] Clicked on element nbilNextButton
[2025-11-17T10:41:35.430Z] [INFO] Sending text 'nuguri.charitha@us.lockton.com.cbqa' to email Id
[2025-11-17T10:41:36.968Z] [DEBUG] Sent text 'nuguri.charitha@us.lockton.com.cbqa' to email Id
[2025-11-17T10:41:42.165Z] [INFO] Clicking on element Done Button
[2025-11-17T10:41:42.332Z] [DEBUG] Clicked on element Done Button
[2025-11-17T10:41:48.110Z] [INFO] Clicking on element Done Button
[2025-11-17T10:41:48.373Z] [DEBUG] Clicked on element Done Button
[2025-11-17T10:41:49.037Z] [INFO] Clicking on element Close NDA/NBIL Flow Button
[2025-11-17T10:41:49.331Z] [DEBUG] Clicked on element Close NDA/NBIL Flow Button
[2025-11-17T10:41:52.526Z] [INFO] Element became visible during scroll.
[2025-11-17T10:41:54.641Z] [INFO] Clicking on element View All Files Button
[2025-11-17T10:41:55.137Z] [DEBUG] Clicked on element View All Files Button
[2025-11-17T10:41:58.260Z] [INFO] Clicking on element Close Files Sub Tab
[2025-11-17T10:41:58.437Z] [DEBUG] Clicked on element Close Files Sub Tab
[2025-11-17T10:41:58.600Z] [INFO] Clicking on element Opportunity Tab
[2025-11-17T10:41:58.889Z] [DEBUG] Clicked on element Opportunity Tab
[2025-11-17T10:41:58.890Z] [INFO] Clicking on element NBIL New Button
[2025-11-17T10:41:59.252Z] [DEBUG] Clicked on element NBIL New Button
[2025-11-17T10:42:01.440Z] [INFO] Clicking on element all Carriers Value 
[2025-11-17T10:42:01.736Z] [DEBUG] Clicked on element all Carriers Value 
[2025-11-17T10:42:01.878Z] [INFO] Clicking on element nbilNextButton
[2025-11-17T10:42:02.120Z] [DEBUG] Clicked on element nbilNextButton
[2025-11-17T10:42:02.123Z] [INFO] Sending text 'nuguri.charitha@us.lockton.com' to email Id
[2025-11-17T10:42:03.659Z] [DEBUG] Sent text 'nuguri.charitha@us.lockton.com' to email Id
[2025-11-17T10:42:03.767Z] [INFO] Subject field is validated successfully with opportunity name.
[2025-11-17T10:42:08.975Z] [INFO] Clicking on element Done Button
[2025-11-17T10:42:09.151Z] [DEBUG] Clicked on element Done Button
[2025-11-17T10:42:14.826Z] [INFO] Clicking on element Done Button
[2025-11-17T10:42:15.014Z] [DEBUG] Clicked on element Done Button
[2025-11-17T10:42:20.706Z] [INFO] Clicking on element Done Button
[2025-11-17T10:42:20.910Z] [DEBUG] Clicked on element Done Button
[2025-11-17T10:42:21.456Z] [INFO] Clicking on element Previous Button
[2025-11-17T10:42:21.657Z] [DEBUG] Clicked on element Previous Button
[2025-11-17T10:42:23.688Z] [INFO] Clicking on element Next Button
[2025-11-17T10:42:23.872Z] [DEBUG] Clicked on element Next Button
[2025-11-17T10:42:26.993Z] [INFO] Sending text 'nuguri.charitha@us.lockton.com' to email Id
[2025-11-17T10:42:27.165Z] [DEBUG] Sent text 'nuguri.charitha@us.lockton.com' to email Id
[2025-11-17T10:42:32.379Z] [INFO] Clicking on element Done Button
[2025-11-17T10:42:32.687Z] [DEBUG] Clicked on element Done Button
[2025-11-17T10:42:38.341Z] [INFO] Clicking on element Done Button
[2025-11-17T10:42:38.556Z] [DEBUG] Clicked on element Done Button
[2025-11-17T10:42:44.167Z] [INFO] Clicking on element Done Button
[2025-11-17T10:42:44.345Z] [DEBUG] Clicked on element Done Button
[2025-11-17T10:42:50.351Z] [INFO] Clicking on element Done Button
[2025-11-17T10:42:50.596Z] [DEBUG] Clicked on element Done Button
[2025-11-17T10:42:52.806Z] [INFO] Clicking on element Close Duplicate Error Button
[2025-11-17T10:42:53.014Z] [DEBUG] Clicked on element Close Duplicate Error Button
[2025-11-17T10:42:53.101Z] [INFO] Clicking on element Delete file button
[2025-11-17T10:42:53.364Z] [DEBUG] Clicked on element Delete file button
[2025-11-17T10:42:53.388Z] [INFO] Clicking on element preview Text
[2025-11-17T10:42:53.593Z] [DEBUG] Clicked on element preview Text
[2025-11-17T10:42:55.297Z] [INFO] Sending text 'This is to inform you that the NBIL request email body has been updated with new Test Information.' to email Body Locator
[2025-11-17T10:42:55.534Z] [DEBUG] Sent text 'This is to inform you that the NBIL request email body has been updated with new Test Information.' to email Body Locator
[2025-11-17T10:42:55.538Z] [INFO] Clicking on element send Button
[2025-11-17T10:42:55.878Z] [DEBUG] Clicked on element send Button
[2025-11-17T10:43:00.339Z] [INFO] Clicking on element successWindow Close Button
[2025-11-17T10:43:00.538Z] [DEBUG] Clicked on element successWindow Close Button
[2025-11-17T10:43:01.792Z] [INFO] Clicking on element activity Tab
[2025-11-17T10:43:06.209Z] [DEBUG] Clicked on element activity Tab
[2025-11-17T10:43:06.653Z] [INFO] Clicking on element Email Request Sent Link
[2025-11-17T10:43:06.999Z] [DEBUG] Clicked on element Email Request Sent Link
[2025-11-17T10:43:07.002Z] [INFO] Clicking on element Email Details Tab
[2025-11-17T10:43:09.466Z] [DEBUG] Clicked on element Email Details Tab
[2025-11-17T10:43:09.470Z] [INFO] Clicking on element Email Details Tab
[2025-11-17T10:43:09.707Z] [DEBUG] Clicked on element Email Details Tab
[2025-11-17T10:43:10.423Z] [INFO] Clicking on element Close NBIL Sub Tab
[2025-11-17T10:43:10.974Z] [DEBUG] Clicked on element Close NBIL Sub Tab
[2025-11-17T10:43:11.056Z] [INFO] Clicking on element Opportunity Tab
[2025-11-17T10:43:11.493Z] [DEBUG] Clicked on element Opportunity Tab
[2025-11-17T10:43:11.495Z] [INFO] Clicking on element activity Tab
[2025-11-17T10:43:11.898Z] [DEBUG] Clicked on element activity Tab
[2025-11-17T10:43:11.986Z] [INFO] Scrolling attempt 1
[2025-11-17T10:43:12.546Z] [INFO] Scrolling attempt 2
[2025-11-17T10:43:13.130Z] [INFO] Scrolling attempt 3
[2025-11-17T10:43:13.753Z] [INFO] Element became visible during scroll.
[2025-11-17T10:43:15.847Z] [INFO] Clicking on element View All Files Button
[2025-11-17T10:43:16.197Z] [DEBUG] Clicked on element View All Files Button
[2025-11-17T10:43:19.351Z] [INFO] Clicking on element Close Files Sub Tab
[2025-11-17T10:43:19.519Z] [DEBUG] Clicked on element Close Files Sub Tab
[2025-11-17T10:43:19.784Z] [INFO] Clicking on element NBIL New Button
[2025-11-17T10:43:20.218Z] [DEBUG] Clicked on element NBIL New Button
[2025-11-17T10:43:22.473Z] [INFO] Clicking on element all Carriers Value 
[2025-11-17T10:43:22.734Z] [DEBUG] Clicked on element all Carriers Value 
[2025-11-17T10:43:22.885Z] [INFO] Clicking on element nbilNextButton
[2025-11-17T10:43:23.092Z] [DEBUG] Clicked on element nbilNextButton
[2025-11-17T10:43:23.097Z] [INFO] Sending text 'nuguri.charitha@us.lockton.com.cbqa' to email Id
[2025-11-17T10:43:24.655Z] [DEBUG] Sent text 'nuguri.charitha@us.lockton.com.cbqa' to email Id
[2025-11-17T10:43:29.804Z] [INFO] Clicking on element Done Button
[2025-11-17T10:43:30.120Z] [DEBUG] Clicked on element Done Button
[2025-11-17T10:43:35.804Z] [INFO] Clicking on element Done Button
[2025-11-17T10:43:35.967Z] [DEBUG] Clicked on element Done Button
[2025-11-17T10:43:36.593Z] [INFO] Clicking on element Close NDA/NBIL Flow Button
[2025-11-17T10:43:36.782Z] [DEBUG] Clicked on element Close NDA/NBIL Flow Button
[2025-11-17T10:43:39.923Z] [INFO] Element became visible during scroll.
[2025-11-17T10:43:42.074Z] [INFO] Clicking on element View All Files Button
[2025-11-17T10:43:42.444Z] [DEBUG] Clicked on element View All Files Button
[2025-11-17T10:43:45.577Z] [INFO] Clicking on element Close Files Sub Tab
[2025-11-17T10:43:45.746Z] [DEBUG] Clicked on element Close Files Sub Tab
[2025-11-17T10:43:45.834Z] [INFO] Clicking on element Opportunity Tab
[2025-11-17T10:43:46.234Z] [DEBUG] Clicked on element Opportunity Tab
[2025-11-17T10:43:46.237Z] [INFO] Clicking on element NBIL New Button
[2025-11-17T10:43:46.541Z] [DEBUG] Clicked on element NBIL New Button
[2025-11-17T10:43:48.675Z] [INFO] Clicking on element all Carriers Value 
[2025-11-17T10:43:48.900Z] [DEBUG] Clicked on element all Carriers Value 
[2025-11-17T10:43:49.054Z] [INFO] Clicking on element nbilNextButton
[2025-11-17T10:43:49.292Z] [DEBUG] Clicked on element nbilNextButton
[2025-11-17T10:43:49.295Z] [INFO] Sending text 'nuguri.charitha@us.lockton.com' to email Id
[2025-11-17T10:43:50.877Z] [DEBUG] Sent text 'nuguri.charitha@us.lockton.com' to email Id
[2025-11-17T10:43:50.953Z] [INFO] Subject field is validated successfully with opportunity name.
[2025-11-17T10:43:56.176Z] [INFO] Clicking on element Done Button
[2025-11-17T10:43:56.403Z] [DEBUG] Clicked on element Done Button
[2025-11-17T10:44:02.007Z] [INFO] Clicking on element Done Button
[2025-11-17T10:44:02.347Z] [DEBUG] Clicked on element Done Button
[2025-11-17T10:44:08.015Z] [INFO] Clicking on element Done Button
[2025-11-17T10:44:08.229Z] [DEBUG] Clicked on element Done Button
[2025-11-17T10:44:08.759Z] [INFO] Clicking on element Previous Button
[2025-11-17T10:44:08.947Z] [DEBUG] Clicked on element Previous Button
[2025-11-17T10:44:10.979Z] [INFO] Clicking on element Next Button
[2025-11-17T10:44:11.144Z] [DEBUG] Clicked on element Next Button
[2025-11-17T10:44:14.267Z] [INFO] Sending text 'nuguri.charitha@us.lockton.com' to email Id
[2025-11-17T10:44:14.443Z] [DEBUG] Sent text 'nuguri.charitha@us.lockton.com' to email Id
[2025-11-17T10:44:19.653Z] [INFO] Clicking on element Done Button
[2025-11-17T10:44:19.817Z] [DEBUG] Clicked on element Done Button
[2025-11-17T10:44:25.536Z] [INFO] Clicking on element Done Button
[2025-11-17T10:44:25.849Z] [DEBUG] Clicked on element Done Button
[2025-11-17T10:44:31.543Z] [INFO] Clicking on element Done Button
[2025-11-17T10:44:31.795Z] [DEBUG] Clicked on element Done Button
[2025-11-17T10:44:37.507Z] [INFO] Clicking on element Done Button
[2025-11-17T10:44:37.723Z] [DEBUG] Clicked on element Done Button
[2025-11-17T10:44:39.872Z] [INFO] Clicking on element Close Duplicate Error Button
[2025-11-17T10:44:40.142Z] [DEBUG] Clicked on element Close Duplicate Error Button
[2025-11-17T10:44:40.236Z] [INFO] Clicking on element Delete file button
[2025-11-17T10:44:40.511Z] [DEBUG] Clicked on element Delete file button
[2025-11-17T10:44:40.547Z] [INFO] Clicking on element preview Text
[2025-11-17T10:44:40.813Z] [DEBUG] Clicked on element preview Text
[2025-11-17T10:44:42.096Z] [INFO] Sending text 'This is to inform you that the NBIL request email body has been updated with new Test Information.' to email Body Locator
[2025-11-17T10:44:42.325Z] [DEBUG] Sent text 'This is to inform you that the NBIL request email body has been updated with new Test Information.' to email Body Locator
[2025-11-17T10:44:42.330Z] [INFO] Clicking on element send Button
[2025-11-17T10:44:42.546Z] [DEBUG] Clicked on element send Button
[2025-11-17T10:44:46.460Z] [INFO] Clicking on element successWindow Close Button
[2025-11-17T10:44:46.627Z] [DEBUG] Clicked on element successWindow Close Button
[2025-11-17T10:44:48.076Z] [INFO] Clicking on element activity Tab
[2025-11-17T10:44:52.771Z] [DEBUG] Clicked on element activity Tab
[2025-11-17T10:44:53.260Z] [INFO] Clicking on element Email Request Sent Link
[2025-11-17T10:44:53.689Z] [DEBUG] Clicked on element Email Request Sent Link
[2025-11-17T10:44:53.692Z] [INFO] Clicking on element Email Details Tab
[2025-11-17T10:44:56.101Z] [DEBUG] Clicked on element Email Details Tab
[2025-11-17T10:44:56.104Z] [INFO] Clicking on element Email Details Tab
[2025-11-17T10:44:56.480Z] [DEBUG] Clicked on element Email Details Tab
[2025-11-17T10:44:56.692Z] [INFO] Clicking on element Close NBIL Sub Tab
[2025-11-17T10:44:57.705Z] [DEBUG] Clicked on element Close NBIL Sub Tab
[2025-11-17T10:44:57.967Z] [INFO] Clicking on element Opportunity Tab
[2025-11-17T10:44:58.261Z] [DEBUG] Clicked on element Opportunity Tab
[2025-11-17T10:44:58.264Z] [INFO] Clicking on element activity Tab
[2025-11-17T10:44:58.497Z] [DEBUG] Clicked on element activity Tab
[2025-11-17T10:44:58.627Z] [INFO] Scrolling attempt 1
[2025-11-17T10:44:59.241Z] [INFO] Scrolling attempt 2
[2025-11-17T10:44:59.831Z] [INFO] Element became visible during scroll.
[2025-11-17T10:45:01.938Z] [INFO] Clicking on element View All Files Button
[2025-11-17T10:45:02.329Z] [DEBUG] Clicked on element View All Files Button
[2025-11-17T10:45:05.506Z] [INFO] Clicking on element Close Files Sub Tab
[2025-11-17T10:45:05.710Z] [DEBUG] Clicked on element Close Files Sub Tab
[2025-11-17T10:45:06.055Z] [INFO] Clicking on element NBIL New Button
[2025-11-17T10:45:06.458Z] [DEBUG] Clicked on element NBIL New Button
[2025-11-17T10:45:08.723Z] [INFO] Clicking on element all Carriers Value 
[2025-11-17T10:45:08.938Z] [DEBUG] Clicked on element all Carriers Value 
[2025-11-17T10:45:09.058Z] [INFO] Clicking on element nbilNextButton
[2025-11-17T10:45:09.242Z] [DEBUG] Clicked on element nbilNextButton
[2025-11-17T10:45:09.244Z] [INFO] Sending text 'nuguri.charitha@us.lockton.com.cbqa' to email Id
[2025-11-17T10:45:10.755Z] [DEBUG] Sent text 'nuguri.charitha@us.lockton.com.cbqa' to email Id
[2025-11-17T10:45:15.925Z] [INFO] Clicking on element Done Button
[2025-11-17T10:45:16.239Z] [DEBUG] Clicked on element Done Button
[2025-11-17T10:45:22.004Z] [INFO] Clicking on element Done Button
[2025-11-17T10:45:22.174Z] [DEBUG] Clicked on element Done Button
[2025-11-17T10:45:22.868Z] [INFO] Clicking on element Close NDA/NBIL Flow Button
[2025-11-17T10:45:23.063Z] [DEBUG] Clicked on element Close NDA/NBIL Flow Button
[2025-11-17T10:45:26.218Z] [INFO] Element became visible during scroll.
[2025-11-17T10:45:28.318Z] [INFO] Clicking on element View All Files Button
[2025-11-17T10:45:28.644Z] [DEBUG] Clicked on element View All Files Button
[2025-11-17T10:45:51.544Z] [INFO] Sending text 'nuguri.charitha@us.lockton.com.cbqa' to username Input Value
[2025-11-17T10:45:51.798Z] [DEBUG] Sent text 'nuguri.charitha@us.lockton.com.cbqa' to username Input Value
[2025-11-17T10:45:51.801Z] [INFO] Sending text 'Charitha@89' to password Input Value
[2025-11-17T10:45:51.982Z] [DEBUG] Sent text 'Charitha@89' to password Input Value
[2025-11-17T10:45:51.992Z] [INFO] Clicking on element login Button
[2025-11-17T10:45:53.988Z] [DEBUG] Clicked on element login Button
[2025-11-17T10:45:59.252Z] [INFO] Clicking on element setUp Icon
[2025-11-17T10:45:59.624Z] [DEBUG] Clicked on element setUp Icon
[2025-11-17T10:46:07.452Z] [INFO] Clicking on element user Search Result
[2025-11-17T10:46:07.844Z] [DEBUG] Clicked on element user Search Result
[2025-11-17T10:46:25.499Z] [INFO] Clicking on element show Navigation Menu
[2025-11-17T10:46:26.114Z] [DEBUG] Clicked on element show Navigation Menu
[2025-11-17T10:46:26.213Z] [INFO] Clicking on element accounts Menu Item
[2025-11-17T10:46:26.530Z] [DEBUG] Clicked on element accounts Menu Item
[2025-11-17T10:46:27.913Z] [INFO] Clicking on element list View Element
[2025-11-17T10:46:28.217Z] [DEBUG] Clicked on element list View Element
[2025-11-17T10:46:28.290Z] [INFO] Sending text 'All Clients' to searchBox ListViewInput
[2025-11-17T10:46:28.485Z] [DEBUG] Sent text 'All Clients' to searchBox ListViewInput
[2025-11-17T10:46:28.530Z] [INFO] Clicking on element all Clients In List View
[2025-11-17T10:46:28.860Z] [DEBUG] Clicked on element all Clients In List View
[2025-11-17T10:46:28.902Z] [INFO] Clicking on element global Search Button
[2025-11-17T10:46:29.286Z] [DEBUG] Clicked on element global Search Button
[2025-11-17T10:46:29.387Z] [INFO] Sending text '1000 Miglia SRL' to global Search Input
[2025-11-17T10:46:30.221Z] [DEBUG] Sent text '1000 Miglia SRL' to global Search Input
[2025-11-17T10:46:31.205Z] [INFO] Clicking on element global Search Result
[2025-11-17T10:46:31.497Z] [DEBUG] Clicked on element global Search Result
[2025-11-17T10:46:31.498Z] [INFO] AccountPage: Validating account record type: Client
[2025-11-17T10:46:35.275Z] [INFO] AccountPage: Account record type 'Client' is visible.
[2025-11-17T10:46:35.279Z] [INFO] Clicking on element new Opportunity Button
[2025-11-17T10:46:38.588Z] [DEBUG] Clicked on element new Opportunity Button
[2025-11-17T10:46:38.591Z] [INFO] Clicking on element intial Intake Button
[2025-11-17T10:46:40.272Z] [DEBUG] Clicked on element intial Intake Button
[2025-11-17T10:46:40.274Z] [INFO] Clicking on element opportunity Next Button
[2025-11-17T10:46:40.890Z] [DEBUG] Clicked on element opportunity Next Button
[2025-11-17T10:46:42.688Z] [INFO] Sending text 'auto izynl' to opportunity Name
[2025-11-17T10:46:43.218Z] [DEBUG] Sent text 'auto izynl' to opportunity Name
[2025-11-17T10:46:43.282Z] [INFO] Clicking on element stage DropDown
[2025-11-17T10:46:43.684Z] [DEBUG] Clicked on element stage DropDown
[2025-11-17T10:46:43.774Z] [INFO] Clicking on element stage Value
[2025-11-17T10:46:44.155Z] [DEBUG] Clicked on element stage Value
[2025-11-17T10:46:44.594Z] [INFO] Clicking on element insurance Sub Type Drop Down
[2025-11-17T10:46:45.064Z] [DEBUG] Clicked on element insurance Sub Type Drop Down
[2025-11-17T10:46:45.071Z] [INFO] Clicking on element insurance Type field
[2025-11-17T10:46:45.574Z] [DEBUG] Clicked on element insurance Type field
[2025-11-17T10:46:47.638Z] [INFO] Clicking on element save Button
[2025-11-17T10:46:48.119Z] [DEBUG] Clicked on element save Button
[2025-11-17T10:46:51.940Z] [INFO] Clicking on element show More Actions DropDown
[2025-11-17T10:46:53.551Z] [DEBUG] Clicked on element show More Actions DropDown
[2025-11-17T10:46:53.554Z] [INFO] Clicking on element manage Opportunity Assignment Option
[2025-11-17T10:46:53.994Z] [DEBUG] Clicked on element manage Opportunity Assignment Option
[2025-11-17T10:46:55.999Z] [INFO] Sending text '100' to Primary Producer Allocation TextBox
[2025-11-17T10:46:56.381Z] [DEBUG] Sent text '100' to Primary Producer Allocation TextBox
[2025-11-17T10:46:56.384Z] [INFO] Clicking on element SaveAndClose Button
[2025-11-17T10:46:56.819Z] [DEBUG] Clicked on element SaveAndClose Button
[2025-11-17T10:46:56.831Z] [INFO] Clicking on element edit Button
[2025-11-17T10:46:58.751Z] [DEBUG] Clicked on element edit Button
[2025-11-17T10:47:02.535Z] [INFO] Sending text '11/17/2026' to quote DueDate Field
[2025-11-17T10:47:04.180Z] [DEBUG] Sent text '11/17/2026' to quote DueDate Field
[2025-11-17T10:47:04.184Z] [INFO] Sending text '2000' to enterpriseValueField
[2025-11-17T10:47:05.179Z] [DEBUG] Sent text '2000' to enterpriseValueField
[2025-11-17T10:47:05.181Z] [INFO] Sending text 'Goldman Sachs Asset Management' to target Field
[2025-11-17T10:47:06.043Z] [DEBUG] Sent text 'Goldman Sachs Asset Management' to target Field
[2025-11-17T10:47:06.046Z] [INFO] Sending text 'This target company provides healthcare laundry services in the U.S.' to target Description Field
[2025-11-17T10:47:06.889Z] [DEBUG] Sent text 'This target company provides healthcare laundry services in the U.S.' to target Description Field
[2025-11-17T10:47:06.891Z] [INFO] Clicking on element quote DueTime DropDown
[2025-11-17T10:47:07.815Z] [DEBUG] Clicked on element quote DueTime DropDown
[2025-11-17T10:47:08.066Z] [INFO] Clicking on element quote DueTime Value
[2025-11-17T10:47:08.934Z] [DEBUG] Clicked on element quote DueTime Value
[2025-11-17T10:47:08.937Z] [INFO] Clicking on element sellers Idemnity
[2025-11-17T10:47:09.939Z] [DEBUG] Clicked on element sellers Idemnity
[2025-11-17T10:47:09.941Z] [INFO] Clicking on element sellers Idemnity Value
[2025-11-17T10:47:10.897Z] [DEBUG] Clicked on element sellers Idemnity Value
[2025-11-17T10:47:10.906Z] [INFO] Clicking on element buyers Council DropDown
[2025-11-17T10:47:12.286Z] [DEBUG] Clicked on element buyers Council DropDown
[2025-11-17T10:47:12.290Z] [INFO] Clicking on element buyers Council DropDown Value
[2025-11-17T10:47:13.499Z] [DEBUG] Clicked on element buyers Council DropDown Value
[2025-11-17T10:47:13.509Z] [INFO] Sending text '103' to limit Requested
[2025-11-17T10:47:14.529Z] [DEBUG] Sent text '103' to limit Requested
[2025-11-17T10:47:14.539Z] [INFO] Clicking on element save Button
[2025-11-17T10:47:15.823Z] [DEBUG] Clicked on element save Button
[2025-11-17T10:47:15.829Z] [INFO] Clicking on element edit Button
[2025-11-17T10:47:19.962Z] [DEBUG] Clicked on element edit Button
[2025-11-17T10:47:21.558Z] [INFO] Sending text '35' to rollover Percentage
[2025-11-17T10:47:22.926Z] [DEBUG] Sent text '35' to rollover Percentage
[2025-11-17T10:47:22.929Z] [INFO] Sending text 'Test Purchase Agreement' to purchase Agreement
[2025-11-17T10:47:23.657Z] [DEBUG] Sent text 'Test Purchase Agreement' to purchase Agreement
[2025-11-17T10:47:23.660Z] [INFO] Clicking on element sellers Council DropDown
[2025-11-17T10:47:24.363Z] [DEBUG] Clicked on element sellers Council DropDown
[2025-11-17T10:47:24.365Z] [INFO] Clicking on element sellers Council Value
[2025-11-17T10:47:25.051Z] [DEBUG] Clicked on element sellers Council Value
[2025-11-17T10:47:25.053Z] [INFO] Sending text '500' to limit Requested2
[2025-11-17T10:47:25.653Z] [DEBUG] Sent text '500' to limit Requested2
[2025-11-17T10:47:25.655Z] [INFO] Clicking on element limit Comments
[2025-11-17T10:47:26.429Z] [DEBUG] Clicked on element limit Comments
[2025-11-17T10:47:26.432Z] [INFO] Sending text 'Test limit Comments' to limit Comments
[2025-11-17T10:47:27.078Z] [DEBUG] Sent text 'Test limit Comments' to limit Comments
[2025-11-17T10:47:27.081Z] [INFO] Clicking on element other Requested Terms
[2025-11-17T10:47:27.760Z] [DEBUG] Clicked on element other Requested Terms
[2025-11-17T10:47:27.769Z] [INFO] Sending text 'Test other requested terms' to other Requested Terms
[2025-11-17T10:47:28.399Z] [DEBUG] Sent text 'Test other requested terms' to other Requested Terms
[2025-11-17T10:47:28.407Z] [INFO] Clicking on element draft Purchase Agreement CheckBox
[2025-11-17T10:47:29.326Z] [DEBUG] Clicked on element draft Purchase Agreement CheckBox
[2025-11-17T10:47:29.329Z] [INFO] Clicking on element type Of Financials DropDown
[2025-11-17T10:47:30.004Z] [DEBUG] Clicked on element type Of Financials DropDown
[2025-11-17T10:47:30.015Z] [INFO] Clicking on element type Of Financials Value
[2025-11-17T10:47:30.694Z] [DEBUG] Clicked on element type Of Financials Value
[2025-11-17T10:47:30.696Z] [INFO] Clicking on element deal Book CheckBox
[2025-11-17T10:47:31.315Z] [DEBUG] Clicked on element deal Book CheckBox
[2025-11-17T10:47:31.318Z] [INFO] Clicking on element legal DropDown
[2025-11-17T10:47:32.305Z] [DEBUG] Clicked on element legal DropDown
[2025-11-17T10:47:32.310Z] [INFO] Clicking on element legal Value
[2025-11-17T10:47:33.048Z] [DEBUG] Clicked on element legal Value
[2025-11-17T10:47:33.056Z] [INFO] Clicking on element financial DropDown
[2025-11-17T10:47:33.832Z] [DEBUG] Clicked on element financial DropDown
[2025-11-17T10:47:33.995Z] [INFO] Clicking on element financial Value
[2025-11-17T10:47:34.765Z] [DEBUG] Clicked on element financial Value
[2025-11-17T10:47:34.775Z] [INFO] Clicking on element tax DropDown
[2025-11-17T10:47:35.696Z] [DEBUG] Clicked on element tax DropDown
[2025-11-17T10:47:35.702Z] [INFO] Clicking on element tax Value
[2025-11-17T10:47:36.549Z] [DEBUG] Clicked on element tax Value
[2025-11-17T10:47:36.552Z] [INFO] Clicking on element save Button
[2025-11-17T10:47:37.315Z] [DEBUG] Clicked on element save Button
[2025-11-17T10:47:37.539Z] [INFO] Clicking on element global Search Button
[2025-11-17T10:47:39.941Z] [DEBUG] Clicked on element global Search Button
[2025-11-17T10:47:40.015Z] [INFO] Sending text 'AIG Specialty Insurance Company' to global Search Input
[2025-11-17T10:47:40.249Z] [DEBUG] Sent text 'AIG Specialty Insurance Company' to global Search Input
[2025-11-17T10:47:41.211Z] [INFO] Clicking on element global Search Result
[2025-11-17T10:47:41.519Z] [DEBUG] Clicked on element global Search Result
[2025-11-17T10:47:44.529Z] [INFO] Clicking on element taxCarriers Header
[2025-11-17T10:47:44.993Z] [DEBUG] Clicked on element taxCarriers Header
[2025-11-17T10:47:45.496Z] [INFO] Clicking on element Close Last Account Tab
[2025-11-17T10:47:45.782Z] [DEBUG] Clicked on element Close Last Account Tab
[2025-11-17T10:47:45.785Z] [INFO] Clicking on element opportunity Tab
[2025-11-17T10:47:46.635Z] [DEBUG] Clicked on element opportunity Tab
[2025-11-17T10:47:46.755Z] [INFO] Clicking on element NBIL New Button
[2025-11-17T10:47:47.352Z] [DEBUG] Clicked on element NBIL New Button
[2025-11-17T10:47:49.765Z] [INFO] Clicking on element all Carriers Value 
[2025-11-17T10:47:50.226Z] [DEBUG] Clicked on element all Carriers Value 
[2025-11-17T10:47:50.497Z] [INFO] Clicking on element nbilNextButton
[2025-11-17T10:47:50.875Z] [DEBUG] Clicked on element nbilNextButton
[2025-11-17T10:47:50.879Z] [INFO] Sending text 'nuguri.charitha@us.lockton.com' to email Id
[2025-11-17T10:47:53.007Z] [DEBUG] Sent text 'nuguri.charitha@us.lockton.com' to email Id
[2025-11-17T10:47:53.112Z] [INFO] Subject field is validated successfully with opportunity name.
[2025-11-17T10:47:58.571Z] [INFO] Clicking on element Done Button
[2025-11-17T10:47:58.930Z] [DEBUG] Clicked on element Done Button
[2025-11-17T10:48:04.753Z] [INFO] Clicking on element Done Button
[2025-11-17T10:48:05.234Z] [DEBUG] Clicked on element Done Button
[2025-11-17T10:48:10.975Z] [INFO] Clicking on element Done Button
[2025-11-17T10:48:11.348Z] [DEBUG] Clicked on element Done Button
[2025-11-17T10:48:12.097Z] [INFO] Clicking on element Previous Button
[2025-11-17T10:48:12.385Z] [DEBUG] Clicked on element Previous Button
[2025-11-17T10:48:14.443Z] [INFO] Clicking on element Next Button
[2025-11-17T10:48:14.754Z] [DEBUG] Clicked on element Next Button
[2025-11-17T10:48:18.052Z] [INFO] Sending text 'nuguri.charitha@us.lockton.com' to email Id
[2025-11-17T10:48:18.307Z] [DEBUG] Sent text 'nuguri.charitha@us.lockton.com' to email Id
[2025-11-17T10:48:23.632Z] [INFO] Clicking on element Done Button
[2025-11-17T10:48:24.103Z] [DEBUG] Clicked on element Done Button
[2025-11-17T10:48:30.062Z] [INFO] Clicking on element Done Button
[2025-11-17T10:48:30.435Z] [DEBUG] Clicked on element Done Button
[2025-11-17T10:48:36.241Z] [INFO] Clicking on element Done Button
[2025-11-17T10:48:36.669Z] [DEBUG] Clicked on element Done Button
[2025-11-17T10:48:42.634Z] [INFO] Clicking on element Done Button
[2025-11-17T10:48:42.989Z] [DEBUG] Clicked on element Done Button
[2025-11-17T10:48:45.301Z] [INFO] Clicking on element Close Duplicate Error Button
[2025-11-17T10:48:45.674Z] [DEBUG] Clicked on element Close Duplicate Error Button
[2025-11-17T10:48:45.793Z] [INFO] Clicking on element Delete file button
[2025-11-17T10:48:46.142Z] [DEBUG] Clicked on element Delete file button
[2025-11-17T10:48:46.189Z] [INFO] Clicking on element preview Text
[2025-11-17T10:48:46.517Z] [DEBUG] Clicked on element preview Text
[2025-11-17T10:48:48.693Z] [INFO] Sending text 'This is to inform you that the NBIL request email body has been updated with new Test Information.' to email Body Locator
[2025-11-17T10:48:49.062Z] [DEBUG] Sent text 'This is to inform you that the NBIL request email body has been updated with new Test Information.' to email Body Locator
[2025-11-17T10:48:49.067Z] [INFO] Clicking on element send Button
[2025-11-17T10:48:49.456Z] [DEBUG] Clicked on element send Button
[2025-11-17T10:48:54.461Z] [INFO] Clicking on element successWindow Close Button
[2025-11-17T10:48:54.776Z] [DEBUG] Clicked on element successWindow Close Button
[2025-11-17T10:48:55.940Z] [INFO] Clicking on element activity Tab
[2025-11-17T10:49:00.236Z] [DEBUG] Clicked on element activity Tab
[2025-11-17T10:49:00.384Z] [INFO] Clicking on element Email Request Sent Link
[2025-11-17T10:49:01.383Z] [DEBUG] Clicked on element Email Request Sent Link
[2025-11-17T10:49:01.389Z] [INFO] Clicking on element Email Details Tab
[2025-11-17T10:49:03.185Z] [DEBUG] Clicked on element Email Details Tab
[2025-11-17T10:49:03.190Z] [INFO] Clicking on element Email Details Tab
[2025-11-17T10:49:03.459Z] [DEBUG] Clicked on element Email Details Tab
[2025-11-17T10:49:03.755Z] [INFO] Clicking on element Close NBIL Sub Tab
[2025-11-17T10:49:03.944Z] [DEBUG] Clicked on element Close NBIL Sub Tab
[2025-11-17T10:49:04.010Z] [INFO] Clicking on element Opportunity Tab
[2025-11-17T10:49:04.331Z] [DEBUG] Clicked on element Opportunity Tab
[2025-11-17T10:49:04.333Z] [INFO] Clicking on element activity Tab
[2025-11-17T10:49:04.493Z] [DEBUG] Clicked on element activity Tab
[2025-11-17T10:49:04.623Z] [INFO] Scrolling attempt 1
[2025-11-17T10:49:05.223Z] [INFO] Scrolling attempt 2
[2025-11-17T10:49:05.851Z] [INFO] Element became visible during scroll.
[2025-11-17T10:49:07.936Z] [INFO] Clicking on element View All Files Button
[2025-11-17T10:49:08.219Z] [DEBUG] Clicked on element View All Files Button
[2025-11-17T10:49:11.367Z] [INFO] Clicking on element Close Files Sub Tab
[2025-11-17T10:49:11.525Z] [DEBUG] Clicked on element Close Files Sub Tab
[2025-11-17T10:49:11.593Z] [INFO] Clicking on element Opportunity Tab
[2025-11-17T10:49:11.972Z] [DEBUG] Clicked on element Opportunity Tab
[2025-11-17T10:49:11.975Z] [INFO] Clicking on element NBIL New Button
[2025-11-17T10:49:12.259Z] [DEBUG] Clicked on element NBIL New Button
[2025-11-17T10:49:14.477Z] [INFO] Clicking on element all Carriers Value 
[2025-11-17T10:49:14.647Z] [DEBUG] Clicked on element all Carriers Value 
[2025-11-17T10:49:14.764Z] [INFO] Clicking on element nbilNextButton
[2025-11-17T10:49:14.946Z] [DEBUG] Clicked on element nbilNextButton
[2025-11-17T10:49:14.949Z] [INFO] Sending text 'nuguri.charitha@us.lockton.com.cbqa' to email Id
[2025-11-17T10:49:16.497Z] [DEBUG] Sent text 'nuguri.charitha@us.lockton.com.cbqa' to email Id
[2025-11-17T10:49:21.657Z] [INFO] Clicking on element Done Button
[2025-11-17T10:49:21.909Z] [DEBUG] Clicked on element Done Button
[2025-11-17T10:49:27.478Z] [INFO] Clicking on element Done Button
[2025-11-17T10:49:27.639Z] [DEBUG] Clicked on element Done Button
[2025-11-17T10:49:28.278Z] [INFO] Clicking on element Close NDA/NBIL Flow Button
[2025-11-17T10:49:28.459Z] [DEBUG] Clicked on element Close NDA/NBIL Flow Button
[2025-11-17T10:49:31.611Z] [INFO] Element became visible during scroll.
[2025-11-17T10:49:33.700Z] [INFO] Clicking on element View All Files Button
[2025-11-17T10:49:34.001Z] [DEBUG] Clicked on element View All Files Button
[2025-11-17T10:49:37.127Z] [INFO] Clicking on element Close Files Sub Tab
[2025-11-17T10:49:37.289Z] [DEBUG] Clicked on element Close Files Sub Tab
[2025-11-17T10:49:37.353Z] [INFO] Clicking on element Opportunity Tab
[2025-11-17T10:49:37.723Z] [DEBUG] Clicked on element Opportunity Tab
[2025-11-17T10:49:37.726Z] [INFO] Clicking on element NBIL New Button
[2025-11-17T10:49:37.973Z] [DEBUG] Clicked on element NBIL New Button
[2025-11-17T10:49:40.166Z] [INFO] Clicking on element all Carriers Value 
[2025-11-17T10:49:40.373Z] [DEBUG] Clicked on element all Carriers Value 
[2025-11-17T10:49:40.499Z] [INFO] Clicking on element nbilNextButton
[2025-11-17T10:49:40.746Z] [DEBUG] Clicked on element nbilNextButton
[2025-11-17T10:49:40.752Z] [INFO] Sending text 'nuguri.charitha@us.lockton.com' to email Id
[2025-11-17T10:49:42.242Z] [DEBUG] Sent text 'nuguri.charitha@us.lockton.com' to email Id
[2025-11-17T10:49:42.300Z] [INFO] Subject field is validated successfully with opportunity name.
[2025-11-17T10:49:47.510Z] [INFO] Clicking on element Done Button
[2025-11-17T10:49:47.724Z] [DEBUG] Clicked on element Done Button
[2025-11-17T10:49:53.727Z] [INFO] Clicking on element Done Button
[2025-11-17T10:49:53.929Z] [DEBUG] Clicked on element Done Button
[2025-11-17T10:49:59.634Z] [INFO] Clicking on element Done Button
[2025-11-17T10:49:59.817Z] [DEBUG] Clicked on element Done Button
[2025-11-17T10:50:00.408Z] [INFO] Clicking on element Previous Button
[2025-11-17T10:50:00.615Z] [DEBUG] Clicked on element Previous Button
[2025-11-17T10:50:02.645Z] [INFO] Clicking on element Next Button
[2025-11-17T10:50:02.820Z] [DEBUG] Clicked on element Next Button
[2025-11-17T10:50:05.925Z] [INFO] Sending text 'nuguri.charitha@us.lockton.com' to email Id
[2025-11-17T10:50:06.060Z] [DEBUG] Sent text 'nuguri.charitha@us.lockton.com' to email Id
[2025-11-17T10:50:11.361Z] [INFO] Clicking on element Done Button
[2025-11-17T10:50:11.527Z] [DEBUG] Clicked on element Done Button
[2025-11-17T10:50:17.154Z] [INFO] Clicking on element Done Button
[2025-11-17T10:50:17.353Z] [DEBUG] Clicked on element Done Button
[2025-11-17T10:50:22.942Z] [INFO] Clicking on element Done Button
[2025-11-17T10:50:23.120Z] [DEBUG] Clicked on element Done Button
[2025-11-17T10:50:28.859Z] [INFO] Clicking on element Done Button
[2025-11-17T10:50:29.036Z] [DEBUG] Clicked on element Done Button
[2025-11-17T10:50:31.179Z] [INFO] Clicking on element Close Duplicate Error Button
[2025-11-17T10:50:31.361Z] [DEBUG] Clicked on element Close Duplicate Error Button
[2025-11-17T10:50:31.450Z] [INFO] Clicking on element Delete file button
[2025-11-17T10:50:31.720Z] [DEBUG] Clicked on element Delete file button
[2025-11-17T10:50:31.747Z] [INFO] Clicking on element preview Text
[2025-11-17T10:50:32.005Z] [DEBUG] Clicked on element preview Text
[2025-11-17T10:50:33.154Z] [INFO] Sending text 'This is to inform you that the NBIL request email body has been updated with new Test Information.' to email Body Locator
[2025-11-17T10:50:33.365Z] [DEBUG] Sent text 'This is to inform you that the NBIL request email body has been updated with new Test Information.' to email Body Locator
[2025-11-17T10:50:33.369Z] [INFO] Clicking on element send Button
[2025-11-17T10:50:33.570Z] [DEBUG] Clicked on element send Button
[2025-11-17T10:50:38.043Z] [INFO] Clicking on element successWindow Close Button
[2025-11-17T10:50:38.219Z] [DEBUG] Clicked on element successWindow Close Button
[2025-11-17T10:50:39.253Z] [INFO] Clicking on element activity Tab
[2025-11-17T10:50:42.611Z] [DEBUG] Clicked on element activity Tab
[2025-11-17T10:50:43.870Z] [INFO] Clicking on element Email Request Sent Link
[2025-11-17T10:50:44.146Z] [DEBUG] Clicked on element Email Request Sent Link
[2025-11-17T10:50:44.149Z] [INFO] Clicking on element Email Details Tab
[2025-11-17T10:50:45.843Z] [DEBUG] Clicked on element Email Details Tab
[2025-11-17T10:50:45.849Z] [INFO] Clicking on element Email Details Tab
[2025-11-17T10:50:46.042Z] [DEBUG] Clicked on element Email Details Tab
[2025-11-17T10:50:46.302Z] [INFO] Clicking on element Close NBIL Sub Tab
[2025-11-17T10:50:46.500Z] [DEBUG] Clicked on element Close NBIL Sub Tab
[2025-11-17T10:50:46.549Z] [INFO] Clicking on element Opportunity Tab
[2025-11-17T10:50:46.864Z] [DEBUG] Clicked on element Opportunity Tab
[2025-11-17T10:50:46.866Z] [INFO] Clicking on element activity Tab
[2025-11-17T10:50:47.067Z] [DEBUG] Clicked on element activity Tab
[2025-11-17T10:50:47.167Z] [INFO] Scrolling attempt 1
[2025-11-17T10:50:47.758Z] [INFO] Scrolling attempt 2
[2025-11-17T10:50:48.455Z] [INFO] Element became visible during scroll.
[2025-11-17T10:50:50.559Z] [INFO] Clicking on element View All Files Button
[2025-11-17T10:50:50.820Z] [DEBUG] Clicked on element View All Files Button
[2025-11-17T10:50:53.945Z] [INFO] Clicking on element Close Files Sub Tab
[2025-11-17T10:50:54.065Z] [DEBUG] Clicked on element Close Files Sub Tab
[2025-11-17T10:50:54.126Z] [INFO] Clicking on element Opportunity Tab
[2025-11-17T10:50:54.463Z] [DEBUG] Clicked on element Opportunity Tab
[2025-11-17T10:50:54.466Z] [INFO] Clicking on element NBIL New Button
[2025-11-17T10:50:54.695Z] [DEBUG] Clicked on element NBIL New Button
[2025-11-17T10:50:56.878Z] [INFO] Clicking on element all Carriers Value 
[2025-11-17T10:50:57.059Z] [DEBUG] Clicked on element all Carriers Value 
[2025-11-17T10:50:57.172Z] [INFO] Clicking on element nbilNextButton
[2025-11-17T10:50:57.363Z] [DEBUG] Clicked on element nbilNextButton
[2025-11-17T10:50:57.366Z] [INFO] Sending text 'nuguri.charitha@us.lockton.com.cbqa' to email Id
[2025-11-17T10:50:58.840Z] [DEBUG] Sent text 'nuguri.charitha@us.lockton.com.cbqa' to email Id
[2025-11-17T10:51:04.004Z] [INFO] Clicking on element Done Button
[2025-11-17T10:51:04.261Z] [DEBUG] Clicked on element Done Button
[2025-11-17T10:51:09.936Z] [INFO] Clicking on element Done Button
[2025-11-17T10:51:10.130Z] [DEBUG] Clicked on element Done Button
[2025-11-17T10:51:10.702Z] [INFO] Clicking on element Close NDA/NBIL Flow Button
[2025-11-17T10:51:10.888Z] [DEBUG] Clicked on element Close NDA/NBIL Flow Button
[2025-11-17T10:51:14.035Z] [INFO] Element became visible during scroll.
[2025-11-17T10:51:16.188Z] [INFO] Clicking on element View All Files Button
[2025-11-17T10:51:16.514Z] [DEBUG] Clicked on element View All Files Button
[2025-11-17T10:51:19.628Z] [INFO] Clicking on element Close Files Sub Tab
[2025-11-17T10:51:19.785Z] [DEBUG] Clicked on element Close Files Sub Tab
[2025-11-17T10:51:19.861Z] [INFO] Clicking on element Opportunity Tab
[2025-11-17T10:51:20.215Z] [DEBUG] Clicked on element Opportunity Tab
[2025-11-17T10:51:20.220Z] [INFO] Clicking on element NBIL New Button
[2025-11-17T10:51:20.433Z] [DEBUG] Clicked on element NBIL New Button
[2025-11-17T10:51:22.526Z] [INFO] Clicking on element all Carriers Value 
[2025-11-17T10:51:22.709Z] [DEBUG] Clicked on element all Carriers Value 
[2025-11-17T10:51:22.829Z] [INFO] Clicking on element nbilNextButton
[2025-11-17T10:51:23.035Z] [DEBUG] Clicked on element nbilNextButton
[2025-11-17T10:51:23.041Z] [INFO] Sending text 'nuguri.charitha@us.lockton.com' to email Id
[2025-11-17T10:51:24.533Z] [DEBUG] Sent text 'nuguri.charitha@us.lockton.com' to email Id
[2025-11-17T10:51:24.581Z] [INFO] Subject field is validated successfully with opportunity name.
[2025-11-17T10:51:29.766Z] [INFO] Clicking on element Done Button
[2025-11-17T10:51:29.963Z] [DEBUG] Clicked on element Done Button
[2025-11-17T10:51:35.676Z] [INFO] Clicking on element Done Button
[2025-11-17T10:51:35.986Z] [DEBUG] Clicked on element Done Button
[2025-11-17T10:51:41.674Z] [INFO] Clicking on element Done Button
[2025-11-17T10:51:41.890Z] [DEBUG] Clicked on element Done Button
[2025-11-17T10:51:42.451Z] [INFO] Clicking on element Previous Button
[2025-11-17T10:51:42.700Z] [DEBUG] Clicked on element Previous Button
[2025-11-17T10:51:44.726Z] [INFO] Clicking on element Next Button
[2025-11-17T10:51:44.939Z] [DEBUG] Clicked on element Next Button
[2025-11-17T10:51:48.075Z] [INFO] Sending text 'nuguri.charitha@us.lockton.com' to email Id
[2025-11-17T10:51:48.252Z] [DEBUG] Sent text 'nuguri.charitha@us.lockton.com' to email Id
[2025-11-17T10:51:53.429Z] [INFO] Clicking on element Done Button
[2025-11-17T10:51:53.735Z] [DEBUG] Clicked on element Done Button
[2025-11-17T10:51:59.415Z] [INFO] Clicking on element Done Button
[2025-11-17T10:51:59.641Z] [DEBUG] Clicked on element Done Button
[2025-11-17T10:52:05.248Z] [INFO] Clicking on element Done Button
[2025-11-17T10:52:05.429Z] [DEBUG] Clicked on element Done Button
[2025-11-17T10:52:11.307Z] [INFO] Clicking on element Done Button
[2025-11-17T10:52:11.509Z] [DEBUG] Clicked on element Done Button
[2025-11-17T10:52:13.662Z] [INFO] Clicking on element Close Duplicate Error Button
[2025-11-17T10:52:13.965Z] [DEBUG] Clicked on element Close Duplicate Error Button
[2025-11-17T10:52:14.081Z] [INFO] Clicking on element Delete file button
[2025-11-17T10:52:14.398Z] [DEBUG] Clicked on element Delete file button
[2025-11-17T10:52:14.431Z] [INFO] Clicking on element preview Text
[2025-11-17T10:52:14.708Z] [DEBUG] Clicked on element preview Text
[2025-11-17T10:52:16.453Z] [INFO] Sending text 'This is to inform you that the NBIL request email body has been updated with new Test Information.' to email Body Locator
[2025-11-17T10:52:16.685Z] [DEBUG] Sent text 'This is to inform you that the NBIL request email body has been updated with new Test Information.' to email Body Locator
[2025-11-17T10:52:16.690Z] [INFO] Clicking on element send Button
[2025-11-17T10:52:16.986Z] [DEBUG] Clicked on element send Button
[2025-11-17T10:52:21.436Z] [INFO] Clicking on element successWindow Close Button
[2025-11-17T10:52:21.601Z] [DEBUG] Clicked on element successWindow Close Button
[2025-11-17T10:52:23.112Z] [INFO] Clicking on element activity Tab
[2025-11-17T10:52:26.769Z] [DEBUG] Clicked on element activity Tab
[2025-11-17T10:52:27.674Z] [INFO] Clicking on element Email Request Sent Link
[2025-11-17T10:52:28.479Z] [DEBUG] Clicked on element Email Request Sent Link
[2025-11-17T10:52:28.482Z] [INFO] Clicking on element Email Details Tab
[2025-11-17T10:52:30.398Z] [DEBUG] Clicked on element Email Details Tab
[2025-11-17T10:52:30.402Z] [INFO] Clicking on element Email Details Tab
[2025-11-17T10:52:30.597Z] [DEBUG] Clicked on element Email Details Tab
[2025-11-17T10:52:31.032Z] [INFO] Clicking on element Close NBIL Sub Tab
[2025-11-17T10:52:31.279Z] [DEBUG] Clicked on element Close NBIL Sub Tab
[2025-11-17T10:52:31.352Z] [INFO] Clicking on element Opportunity Tab
[2025-11-17T10:52:31.727Z] [DEBUG] Clicked on element Opportunity Tab
[2025-11-17T10:52:31.729Z] [INFO] Clicking on element activity Tab
[2025-11-17T10:52:31.965Z] [DEBUG] Clicked on element activity Tab
[2025-11-17T10:52:32.052Z] [INFO] Scrolling attempt 1
[2025-11-17T10:52:32.625Z] [INFO] Scrolling attempt 2
[2025-11-17T10:52:33.268Z] [INFO] Element became visible during scroll.
[2025-11-17T10:52:35.362Z] [INFO] Clicking on element View All Files Button
[2025-11-17T10:52:35.705Z] [DEBUG] Clicked on element View All Files Button
[2025-11-17T10:52:38.893Z] [INFO] Clicking on element Close Files Sub Tab
[2025-11-17T10:52:39.099Z] [DEBUG] Clicked on element Close Files Sub Tab
[2025-11-17T10:52:39.183Z] [INFO] Clicking on element Opportunity Tab
[2025-11-17T10:52:39.560Z] [DEBUG] Clicked on element Opportunity Tab
[2025-11-17T10:52:39.562Z] [INFO] Clicking on element NBIL New Button
[2025-11-17T10:52:39.883Z] [DEBUG] Clicked on element NBIL New Button
[2025-11-17T10:52:42.134Z] [INFO] Clicking on element all Carriers Value 
[2025-11-17T10:52:42.291Z] [DEBUG] Clicked on element all Carriers Value 
[2025-11-17T10:52:42.412Z] [INFO] Clicking on element nbilNextButton
[2025-11-17T10:52:42.638Z] [DEBUG] Clicked on element nbilNextButton
[2025-11-17T10:52:42.640Z] [INFO] Sending text 'nuguri.charitha@us.lockton.com.cbqa' to email Id
[2025-11-17T10:52:44.247Z] [DEBUG] Sent text 'nuguri.charitha@us.lockton.com.cbqa' to email Id
[2025-11-17T10:52:49.387Z] [INFO] Clicking on element Done Button
[2025-11-17T10:52:49.563Z] [DEBUG] Clicked on element Done Button
[2025-11-17T10:52:55.294Z] [INFO] Clicking on element Done Button
[2025-11-17T10:52:55.480Z] [DEBUG] Clicked on element Done Button
[2025-11-17T10:52:56.152Z] [INFO] Clicking on element Close NDA/NBIL Flow Button
[2025-11-17T10:52:56.499Z] [DEBUG] Clicked on element Close NDA/NBIL Flow Button
[2025-11-17T10:52:59.721Z] [INFO] Element became visible during scroll.
[2025-11-17T10:53:01.824Z] [INFO] Clicking on element View All Files Button
[2025-11-17T10:53:02.159Z] [DEBUG] Clicked on element View All Files Button
[2025-11-17T10:53:27.270Z] [INFO] Sending text 'nuguri.charitha@us.lockton.com.cbqa' to username Input Value
[2025-11-17T10:53:27.598Z] [DEBUG] Sent text 'nuguri.charitha@us.lockton.com.cbqa' to username Input Value
[2025-11-17T10:53:27.600Z] [INFO] Sending text 'Charitha@89' to password Input Value
[2025-11-17T10:53:27.696Z] [DEBUG] Sent text 'Charitha@89' to password Input Value
[2025-11-17T10:53:27.698Z] [INFO] Clicking on element login Button
[2025-11-17T10:53:29.397Z] [DEBUG] Clicked on element login Button
[2025-11-17T10:53:36.094Z] [INFO] Clicking on element setUp Icon
[2025-11-17T10:53:36.475Z] [DEBUG] Clicked on element setUp Icon
[2025-11-17T10:53:45.848Z] [INFO] Clicking on element user Search Result
[2025-11-17T10:53:50.194Z] [DEBUG] Clicked on element user Search Result
[2025-11-17T10:54:10.640Z] [INFO] Clicking on element show Navigation Menu
[2025-11-17T10:54:11.718Z] [DEBUG] Clicked on element show Navigation Menu
[2025-11-17T10:54:11.832Z] [INFO] Clicking on element accounts Menu Item
[2025-11-17T10:54:12.423Z] [DEBUG] Clicked on element accounts Menu Item
[2025-11-17T10:54:13.954Z] [INFO] Clicking on element list View Element
[2025-11-17T10:54:14.517Z] [DEBUG] Clicked on element list View Element
[2025-11-17T10:54:14.655Z] [INFO] Sending text 'All Clients' to searchBox ListViewInput
[2025-11-17T10:54:15.048Z] [DEBUG] Sent text 'All Clients' to searchBox ListViewInput
[2025-11-17T10:54:15.188Z] [INFO] Clicking on element all Clients In List View
[2025-11-17T10:54:15.993Z] [DEBUG] Clicked on element all Clients In List View
[2025-11-17T10:54:16.084Z] [INFO] Clicking on element global Search Button
[2025-11-17T10:54:17.857Z] [DEBUG] Clicked on element global Search Button
[2025-11-17T10:54:18.052Z] [INFO] Sending text '1000 Miglia SRL' to global Search Input
[2025-11-17T10:54:18.654Z] [DEBUG] Sent text '1000 Miglia SRL' to global Search Input
[2025-11-17T10:54:19.737Z] [INFO] Clicking on element global Search Result
[2025-11-17T10:54:20.365Z] [DEBUG] Clicked on element global Search Result
[2025-11-17T10:54:20.369Z] [INFO] AccountPage: Validating account record type: Client
[2025-11-17T10:54:24.946Z] [INFO] AccountPage: Account record type 'Client' is visible.
[2025-11-17T10:54:24.958Z] [INFO] Clicking on element new Opportunity Button
[2025-11-17T10:54:29.250Z] [DEBUG] Clicked on element new Opportunity Button
[2025-11-17T10:54:29.252Z] [INFO] Clicking on element intial Intake Button
[2025-11-17T10:54:30.775Z] [DEBUG] Clicked on element intial Intake Button
[2025-11-17T10:54:30.778Z] [INFO] Clicking on element opportunity Next Button
[2025-11-17T10:54:31.568Z] [DEBUG] Clicked on element opportunity Next Button
[2025-11-17T10:54:33.574Z] [INFO] Sending text 'auto gxjjm' to opportunity Name
[2025-11-17T10:54:34.178Z] [DEBUG] Sent text 'auto gxjjm' to opportunity Name
[2025-11-17T10:54:34.282Z] [INFO] Clicking on element stage DropDown
[2025-11-17T10:54:34.787Z] [DEBUG] Clicked on element stage DropDown
[2025-11-17T10:54:34.913Z] [INFO] Clicking on element stage Value
[2025-11-17T10:54:35.404Z] [DEBUG] Clicked on element stage Value
[2025-11-17T10:54:35.929Z] [INFO] Clicking on element insurance Sub Type Drop Down
[2025-11-17T10:54:36.481Z] [DEBUG] Clicked on element insurance Sub Type Drop Down
[2025-11-17T10:54:36.484Z] [INFO] Clicking on element insurance Type field
[2025-11-17T10:54:37.007Z] [DEBUG] Clicked on element insurance Type field
[2025-11-17T10:54:39.129Z] [INFO] Clicking on element save Button
[2025-11-17T10:54:39.884Z] [DEBUG] Clicked on element save Button
[2025-11-17T10:54:44.207Z] [INFO] Clicking on element show More Actions DropDown
[2025-11-17T10:54:45.056Z] [DEBUG] Clicked on element show More Actions DropDown
[2025-11-17T10:54:45.059Z] [INFO] Clicking on element manage Opportunity Assignment Option
[2025-11-17T10:54:45.837Z] [DEBUG] Clicked on element manage Opportunity Assignment Option
[2025-11-17T10:54:48.322Z] [INFO] Sending text '100' to Primary Producer Allocation TextBox
[2025-11-17T10:54:48.819Z] [DEBUG] Sent text '100' to Primary Producer Allocation TextBox
[2025-11-17T10:54:48.823Z] [INFO] Clicking on element SaveAndClose Button
[2025-11-17T10:54:49.546Z] [DEBUG] Clicked on element SaveAndClose Button
[2025-11-17T10:54:49.552Z] [INFO] Clicking on element edit Button
[2025-11-17T10:54:52.271Z] [DEBUG] Clicked on element edit Button
[2025-11-17T10:54:55.136Z] [INFO] Sending text '11/17/2026' to quote DueDate Field
[2025-11-17T10:54:56.226Z] [DEBUG] Sent text '11/17/2026' to quote DueDate Field
[2025-11-17T10:54:56.228Z] [INFO] Sending text '20000' to enterpriseValueField
[2025-11-17T10:54:56.931Z] [DEBUG] Sent text '20000' to enterpriseValueField
[2025-11-17T10:54:56.933Z] [INFO] Sending text 'Heritage Vet Partners' to target Field
[2025-11-17T10:54:57.696Z] [DEBUG] Sent text 'Heritage Vet Partners' to target Field
[2025-11-17T10:54:57.698Z] [INFO] Sending text 'Target provides a mixed animal vet practice with 28 locations across 12 states.' to target Description Field
[2025-11-17T10:54:58.453Z] [DEBUG] Sent text 'Target provides a mixed animal vet practice with 28 locations across 12 states.' to target Description Field
[2025-11-17T10:54:58.456Z] [INFO] Clicking on element quote DueTime DropDown
[2025-11-17T10:54:59.444Z] [DEBUG] Clicked on element quote DueTime DropDown
[2025-11-17T10:54:59.636Z] [INFO] Clicking on element quote DueTime Value
[2025-11-17T10:55:00.506Z] [DEBUG] Clicked on element quote DueTime Value
[2025-11-17T10:55:00.509Z] [INFO] Clicking on element sellers Idemnity
[2025-11-17T10:55:01.472Z] [DEBUG] Clicked on element sellers Idemnity
[2025-11-17T10:55:01.475Z] [INFO] Clicking on element sellers Idemnity Value
[2025-11-17T10:55:02.306Z] [DEBUG] Clicked on element sellers Idemnity Value
[2025-11-17T10:55:02.308Z] [INFO] Clicking on element buyers Council DropDown
[2025-11-17T10:55:03.838Z] [DEBUG] Clicked on element buyers Council DropDown
[2025-11-17T10:55:03.842Z] [INFO] Clicking on element buyers Council DropDown Value
[2025-11-17T10:55:05.136Z] [DEBUG] Clicked on element buyers Council DropDown Value
[2025-11-17T10:55:05.142Z] [INFO] Sending text '104' to limit Requested
[2025-11-17T10:55:06.124Z] [DEBUG] Sent text '104' to limit Requested
[2025-11-17T10:55:06.126Z] [INFO] Clicking on element save Button
[2025-11-17T10:55:07.361Z] [DEBUG] Clicked on element save Button
[2025-11-17T10:55:07.367Z] [INFO] Clicking on element edit Button
[2025-11-17T10:55:10.733Z] [DEBUG] Clicked on element edit Button
[2025-11-17T10:55:11.898Z] [INFO] Sending text '50' to rollover Percentage
[2025-11-17T10:55:13.007Z] [DEBUG] Sent text '50' to rollover Percentage
[2025-11-17T10:55:13.013Z] [INFO] Sending text 'Test Purchase Agreement' to purchase Agreement
[2025-11-17T10:55:13.914Z] [DEBUG] Sent text 'Test Purchase Agreement' to purchase Agreement
[2025-11-17T10:55:13.921Z] [INFO] Clicking on element sellers Council DropDown
[2025-11-17T10:55:16.216Z] [DEBUG] Clicked on element sellers Council DropDown
[2025-11-17T10:55:16.219Z] [INFO] Clicking on element sellers Council Value
[2025-11-17T10:55:17.583Z] [DEBUG] Clicked on element sellers Council Value
[2025-11-17T10:55:17.586Z] [INFO] Sending text '2000' to limit Requested2
[2025-11-17T10:55:18.565Z] [DEBUG] Sent text '2000' to limit Requested2
[2025-11-17T10:55:18.568Z] [INFO] Clicking on element limit Comments
[2025-11-17T10:55:19.908Z] [DEBUG] Clicked on element limit Comments
[2025-11-17T10:55:19.913Z] [INFO] Sending text 'Test limit Comments' to limit Comments
[2025-11-17T10:55:21.441Z] [DEBUG] Sent text 'Test limit Comments' to limit Comments
[2025-11-17T10:55:21.449Z] [INFO] Clicking on element other Requested Terms
[2025-11-17T10:55:22.830Z] [DEBUG] Clicked on element other Requested Terms
[2025-11-17T10:55:22.834Z] [INFO] Sending text 'Test other requested terms' to other Requested Terms
[2025-11-17T10:55:23.905Z] [DEBUG] Sent text 'Test other requested terms' to other Requested Terms
[2025-11-17T10:55:23.910Z] [INFO] Clicking on element draft Purchase Agreement CheckBox
[2025-11-17T10:55:25.228Z] [DEBUG] Clicked on element draft Purchase Agreement CheckBox
[2025-11-17T10:55:25.231Z] [INFO] Clicking on element type Of Financials DropDown
[2025-11-17T10:55:26.255Z] [DEBUG] Clicked on element type Of Financials DropDown
[2025-11-17T10:55:26.258Z] [INFO] Clicking on element type Of Financials Value
[2025-11-17T10:55:27.587Z] [DEBUG] Clicked on element type Of Financials Value
[2025-11-17T10:55:27.593Z] [INFO] Clicking on element deal Book CheckBox
[2025-11-17T10:55:28.793Z] [DEBUG] Clicked on element deal Book CheckBox
[2025-11-17T10:55:28.797Z] [INFO] Clicking on element legal DropDown
[2025-11-17T10:55:30.607Z] [DEBUG] Clicked on element legal DropDown
[2025-11-17T10:55:30.612Z] [INFO] Clicking on element legal Value
[2025-11-17T10:55:32.233Z] [DEBUG] Clicked on element legal Value
[2025-11-17T10:55:32.236Z] [INFO] Clicking on element financial DropDown
[2025-11-17T10:55:33.756Z] [DEBUG] Clicked on element financial DropDown
[2025-11-17T10:55:34.117Z] [INFO] Clicking on element financial Value
[2025-11-17T10:55:35.801Z] [DEBUG] Clicked on element financial Value
[2025-11-17T10:55:35.808Z] [INFO] Clicking on element tax DropDown
[2025-11-17T10:55:37.467Z] [DEBUG] Clicked on element tax DropDown
[2025-11-17T10:55:37.470Z] [INFO] Clicking on element tax Value
[2025-11-17T10:55:39.097Z] [DEBUG] Clicked on element tax Value
[2025-11-17T10:55:39.102Z] [INFO] Clicking on element save Button
[2025-11-17T10:55:40.755Z] [DEBUG] Clicked on element save Button
[2025-11-17T10:55:41.262Z] [INFO] Clicking on element global Search Button
[2025-11-17T10:55:44.598Z] [DEBUG] Clicked on element global Search Button
[2025-11-17T10:55:44.727Z] [INFO] Sending text 'ASQ Underwriting' to global Search Input
[2025-11-17T10:55:45.479Z] [DEBUG] Sent text 'ASQ Underwriting' to global Search Input
[2025-11-17T10:55:46.013Z] [INFO] Clicking on element global Search Result
[2025-11-17T10:55:47.542Z] [DEBUG] Clicked on element global Search Result
[2025-11-17T10:55:50.775Z] [INFO] Clicking on element taxCarriers Header
[2025-11-17T10:55:51.446Z] [DEBUG] Clicked on element taxCarriers Header
[2025-11-17T10:55:52.794Z] [INFO] Clicking on element Close Last Account Tab
[2025-11-17T10:55:53.494Z] [DEBUG] Clicked on element Close Last Account Tab
[2025-11-17T10:55:53.498Z] [INFO] Clicking on element opportunity Tab
[2025-11-17T10:55:54.615Z] [DEBUG] Clicked on element opportunity Tab
[2025-11-17T10:55:54.960Z] [INFO] Clicking on element NBIL New Button
[2025-11-17T10:55:55.852Z] [DEBUG] Clicked on element NBIL New Button
[2025-11-17T10:55:58.393Z] [INFO] Clicking on element all Carriers Value 
[2025-11-17T10:55:59.153Z] [DEBUG] Clicked on element all Carriers Value 
[2025-11-17T10:55:59.616Z] [INFO] Clicking on element nbilNextButton
[2025-11-17T10:56:00.358Z] [DEBUG] Clicked on element nbilNextButton
[2025-11-17T10:56:00.364Z] [INFO] Sending text 'nuguri.charitha@us.lockton.com' to email Id
[2025-11-17T10:56:03.530Z] [DEBUG] Sent text 'nuguri.charitha@us.lockton.com' to email Id
[2025-11-17T10:56:03.849Z] [INFO] Subject field is validated successfully with opportunity name.
[2025-11-17T10:56:09.589Z] [INFO] Clicking on element Done Button
[2025-11-17T10:56:10.403Z] [DEBUG] Clicked on element Done Button
[2025-11-17T10:56:16.619Z] [INFO] Clicking on element Done Button
[2025-11-17T10:56:17.432Z] [DEBUG] Clicked on element Done Button
[2025-11-17T10:56:23.499Z] [INFO] Clicking on element Done Button
[2025-11-17T10:56:24.142Z] [DEBUG] Clicked on element Done Button
[2025-11-17T10:56:24.908Z] [INFO] Clicking on element Previous Button
[2025-11-17T10:56:25.787Z] [DEBUG] Clicked on element Previous Button
[2025-11-17T10:56:27.903Z] [INFO] Clicking on element Next Button
[2025-11-17T10:56:28.434Z] [DEBUG] Clicked on element Next Button
[2025-11-17T10:56:31.863Z] [INFO] Sending text 'nuguri.charitha@us.lockton.com' to email Id
[2025-11-17T10:56:32.446Z] [DEBUG] Sent text 'nuguri.charitha@us.lockton.com' to email Id
[2025-11-17T10:56:38.570Z] [INFO] Clicking on element Done Button
[2025-11-17T10:56:39.426Z] [DEBUG] Clicked on element Done Button
[2025-11-17T10:56:45.512Z] [INFO] Clicking on element Done Button
[2025-11-17T10:56:46.201Z] [DEBUG] Clicked on element Done Button
[2025-11-17T10:56:52.064Z] [INFO] Clicking on element Done Button
[2025-11-17T10:56:52.589Z] [DEBUG] Clicked on element Done Button
[2025-11-17T10:56:58.927Z] [INFO] Clicking on element Done Button
[2025-11-17T10:56:59.541Z] [DEBUG] Clicked on element Done Button
[2025-11-17T10:57:01.985Z] [INFO] Clicking on element Close Duplicate Error Button
[2025-11-17T10:57:02.538Z] [DEBUG] Clicked on element Close Duplicate Error Button
[2025-11-17T10:57:02.726Z] [INFO] Clicking on element Delete file button
[2025-11-17T10:57:03.237Z] [DEBUG] Clicked on element Delete file button
[2025-11-17T10:57:03.352Z] [INFO] Clicking on element preview Text
[2025-11-17T10:57:03.955Z] [DEBUG] Clicked on element preview Text
[2025-11-17T10:57:08.250Z] [INFO] Sending text 'This is to inform you that the NBIL request email body has been updated with new Test Information.' to email Body Locator
[2025-11-17T10:57:08.763Z] [DEBUG] Sent text 'This is to inform you that the NBIL request email body has been updated with new Test Information.' to email Body Locator
[2025-11-17T10:57:08.769Z] [INFO] Clicking on element send Button
[2025-11-17T10:57:09.345Z] [DEBUG] Clicked on element send Button
[2025-11-17T10:57:13.920Z] [INFO] Clicking on element successWindow Close Button
[2025-11-17T10:57:14.853Z] [DEBUG] Clicked on element successWindow Close Button
[2025-11-17T10:57:17.489Z] [INFO] Clicking on element activity Tab
[2025-11-17T10:57:24.591Z] [DEBUG] Clicked on element activity Tab
[2025-11-17T10:57:24.915Z] [INFO] Clicking on element Email Request Sent Link
[2025-11-17T10:57:25.955Z] [DEBUG] Clicked on element Email Request Sent Link
[2025-11-17T10:57:25.959Z] [INFO] Clicking on element Email Details Tab
[2025-11-17T10:57:28.140Z] [DEBUG] Clicked on element Email Details Tab
[2025-11-17T10:57:28.145Z] [INFO] Clicking on element Email Details Tab
[2025-11-17T10:57:28.676Z] [DEBUG] Clicked on element Email Details Tab
[2025-11-17T10:57:29.162Z] [INFO] Clicking on element Close NBIL Sub Tab
[2025-11-17T10:57:29.535Z] [DEBUG] Clicked on element Close NBIL Sub Tab
[2025-11-17T10:57:29.850Z] [INFO] Clicking on element activity Tab
[2025-11-17T10:57:30.147Z] [DEBUG] Clicked on element activity Tab
[2025-11-17T10:57:30.388Z] [INFO] Scrolling attempt 1
[2025-11-17T10:57:31.115Z] [INFO] Scrolling attempt 2
[2025-11-17T10:57:31.924Z] [INFO] Scrolling attempt 3
[2025-11-17T10:57:32.583Z] [INFO] Element became visible during scroll.
[2025-11-17T10:57:34.725Z] [INFO] Clicking on element View All Files Button
[2025-11-17T10:57:35.156Z] [DEBUG] Clicked on element View All Files Button
[2025-11-17T10:57:38.361Z] [INFO] Clicking on element Close Files Sub Tab
[2025-11-17T10:57:38.582Z] [DEBUG] Clicked on element Close Files Sub Tab
[2025-11-17T10:57:38.657Z] [INFO] Clicking on element Opportunity Tab
[2025-11-17T10:57:39.118Z] [DEBUG] Clicked on element Opportunity Tab
[2025-11-17T10:57:39.120Z] [INFO] Clicking on element NBIL New Button
[2025-11-17T10:57:39.419Z] [DEBUG] Clicked on element NBIL New Button
[2025-11-17T10:57:41.569Z] [INFO] Clicking on element all Carriers Value 
[2025-11-17T10:57:41.799Z] [DEBUG] Clicked on element all Carriers Value 
[2025-11-17T10:57:41.934Z] [INFO] Clicking on element nbilNextButton
[2025-11-17T10:57:42.177Z] [DEBUG] Clicked on element nbilNextButton
[2025-11-17T10:57:42.180Z] [INFO] Sending text 'nuguri.charitha@us.lockton.com.cbqa' to email Id
[2025-11-17T10:57:43.744Z] [DEBUG] Sent text 'nuguri.charitha@us.lockton.com.cbqa' to email Id
[2025-11-17T10:57:48.948Z] [INFO] Clicking on element Done Button
[2025-11-17T10:57:49.110Z] [DEBUG] Clicked on element Done Button
[2025-11-17T10:57:54.840Z] [INFO] Clicking on element Done Button
[2025-11-17T10:57:55.023Z] [DEBUG] Clicked on element Done Button
[2025-11-17T10:57:55.699Z] [INFO] Clicking on element Close NDA/NBIL Flow Button
[2025-11-17T10:57:56.028Z] [DEBUG] Clicked on element Close NDA/NBIL Flow Button
[2025-11-17T10:57:59.190Z] [INFO] Element became visible during scroll.
[2025-11-17T10:58:01.339Z] [INFO] Clicking on element View All Files Button
[2025-11-17T10:58:01.914Z] [DEBUG] Clicked on element View All Files Button
[2025-11-17T10:58:05.084Z] [INFO] Clicking on element Close Files Sub Tab
[2025-11-17T10:58:05.316Z] [DEBUG] Clicked on element Close Files Sub Tab
[2025-11-17T10:58:05.683Z] [INFO] Clicking on element NBIL New Button
[2025-11-17T10:58:06.315Z] [DEBUG] Clicked on element NBIL New Button
[2025-11-17T10:58:08.679Z] [INFO] Clicking on element all Carriers Value 
[2025-11-17T10:58:09.123Z] [DEBUG] Clicked on element all Carriers Value 
[2025-11-17T10:58:09.317Z] [INFO] Clicking on element nbilNextButton
[2025-11-17T10:58:09.581Z] [DEBUG] Clicked on element nbilNextButton
[2025-11-17T10:58:09.583Z] [INFO] Sending text 'nuguri.charitha@us.lockton.com' to email Id
[2025-11-17T10:58:11.111Z] [DEBUG] Sent text 'nuguri.charitha@us.lockton.com' to email Id
[2025-11-17T10:58:11.183Z] [INFO] Subject field is validated successfully with opportunity name.
[2025-11-17T10:58:16.415Z] [INFO] Clicking on element Done Button
[2025-11-17T10:58:16.731Z] [DEBUG] Clicked on element Done Button
[2025-11-17T10:58:22.619Z] [INFO] Clicking on element Done Button
[2025-11-17T10:58:22.854Z] [DEBUG] Clicked on element Done Button
[2025-11-17T10:58:28.660Z] [INFO] Clicking on element Done Button
[2025-11-17T10:58:29.206Z] [DEBUG] Clicked on element Done Button
[2025-11-17T10:58:29.807Z] [INFO] Clicking on element Previous Button
[2025-11-17T10:58:30.115Z] [DEBUG] Clicked on element Previous Button
[2025-11-17T10:58:32.174Z] [INFO] Clicking on element Next Button
[2025-11-17T10:58:32.515Z] [DEBUG] Clicked on element Next Button
[2025-11-17T10:58:35.681Z] [INFO] Sending text 'nuguri.charitha@us.lockton.com' to email Id
[2025-11-17T10:58:36.048Z] [DEBUG] Sent text 'nuguri.charitha@us.lockton.com' to email Id
[2025-11-17T10:58:41.409Z] [INFO] Clicking on element Done Button
[2025-11-17T10:58:41.704Z] [DEBUG] Clicked on element Done Button
[2025-11-17T10:58:47.510Z] [INFO] Clicking on element Done Button
[2025-11-17T10:58:47.963Z] [DEBUG] Clicked on element Done Button
[2025-11-17T10:58:53.768Z] [INFO] Clicking on element Done Button
[2025-11-17T10:58:54.164Z] [DEBUG] Clicked on element Done Button
[2025-11-17T10:59:00.128Z] [INFO] Clicking on element Done Button
[2025-11-17T10:59:00.510Z] [DEBUG] Clicked on element Done Button
[2025-11-17T10:59:02.847Z] [INFO] Clicking on element Close Duplicate Error Button
[2025-11-17T10:59:03.236Z] [DEBUG] Clicked on element Close Duplicate Error Button
[2025-11-17T10:59:03.373Z] [INFO] Clicking on element Delete file button
[2025-11-17T10:59:03.776Z] [DEBUG] Clicked on element Delete file button
[2025-11-17T10:59:03.823Z] [INFO] Clicking on element preview Text
[2025-11-17T10:59:04.208Z] [DEBUG] Clicked on element preview Text
[2025-11-17T10:59:06.775Z] [INFO] Sending text 'This is to inform you that the NBIL request email body has been updated with new Test Information.' to email Body Locator
[2025-11-17T10:59:07.112Z] [DEBUG] Sent text 'This is to inform you that the NBIL request email body has been updated with new Test Information.' to email Body Locator
[2025-11-17T10:59:07.121Z] [INFO] Clicking on element send Button
[2025-11-17T10:59:07.646Z] [DEBUG] Clicked on element send Button
[2025-11-17T10:59:11.164Z] [INFO] Clicking on element successWindow Close Button
[2025-11-17T10:59:11.537Z] [DEBUG] Clicked on element successWindow Close Button
[2025-11-17T10:59:14.097Z] [INFO] Clicking on element activity Tab
[2025-11-17T10:59:19.498Z] [DEBUG] Clicked on element activity Tab
[2025-11-17T10:59:20.054Z] [INFO] Clicking on element Email Request Sent Link
[2025-11-17T10:59:21.576Z] [DEBUG] Clicked on element Email Request Sent Link
[2025-11-17T10:59:21.579Z] [INFO] Clicking on element Email Details Tab
[2025-11-17T10:59:24.764Z] [DEBUG] Clicked on element Email Details Tab
[2025-11-17T10:59:24.769Z] [INFO] Clicking on element Email Details Tab
[2025-11-17T10:59:25.267Z] [DEBUG] Clicked on element Email Details Tab
[2025-11-17T10:59:25.804Z] [INFO] Clicking on element Close NBIL Sub Tab
[2025-11-17T10:59:26.280Z] [DEBUG] Clicked on element Close NBIL Sub Tab
[2025-11-17T10:59:26.837Z] [INFO] Clicking on element activity Tab
[2025-11-17T10:59:27.278Z] [DEBUG] Clicked on element activity Tab
[2025-11-17T10:59:27.429Z] [INFO] Scrolling attempt 1
[2025-11-17T10:59:28.112Z] [INFO] Scrolling attempt 2
[2025-11-17T10:59:28.775Z] [INFO] Scrolling attempt 3
[2025-11-17T10:59:29.463Z] [INFO] Element became visible during scroll.
[2025-11-17T10:59:31.693Z] [INFO] Clicking on element View All Files Button
[2025-11-17T10:59:32.423Z] [DEBUG] Clicked on element View All Files Button
[2025-11-17T10:59:35.784Z] [INFO] Clicking on element Close Files Sub Tab
[2025-11-17T10:59:36.155Z] [DEBUG] Clicked on element Close Files Sub Tab
[2025-11-17T10:59:36.533Z] [INFO] Clicking on element NBIL New Button
[2025-11-17T10:59:37.240Z] [DEBUG] Clicked on element NBIL New Button
[2025-11-17T10:59:39.479Z] [INFO] Clicking on element all Carriers Value 
[2025-11-17T10:59:39.904Z] [DEBUG] Clicked on element all Carriers Value 
[2025-11-17T10:59:40.103Z] [INFO] Clicking on element nbilNextButton
[2025-11-17T10:59:40.512Z] [DEBUG] Clicked on element nbilNextButton
[2025-11-17T10:59:40.516Z] [INFO] Sending text 'nuguri.charitha@us.lockton.com.cbqa' to email Id
[2025-11-17T10:59:42.401Z] [DEBUG] Sent text 'nuguri.charitha@us.lockton.com.cbqa' to email Id
[2025-11-17T10:59:47.893Z] [INFO] Clicking on element Done Button
[2025-11-17T10:59:48.281Z] [DEBUG] Clicked on element Done Button
[2025-11-17T10:59:54.178Z] [INFO] Clicking on element Done Button
[2025-11-17T10:59:54.547Z] [DEBUG] Clicked on element Done Button
[2025-11-17T10:59:55.286Z] [INFO] Clicking on element Close NDA/NBIL Flow Button
[2025-11-17T10:59:55.720Z] [DEBUG] Clicked on element Close NDA/NBIL Flow Button
[2025-11-17T10:59:58.897Z] [INFO] Element became visible during scroll.
[2025-11-17T11:00:01.096Z] [INFO] Clicking on element View All Files Button
[2025-11-17T11:00:01.737Z] [DEBUG] Clicked on element View All Files Button
[2025-11-17T11:00:05.044Z] [INFO] Clicking on element Close Files Sub Tab
[2025-11-17T11:00:05.446Z] [DEBUG] Clicked on element Close Files Sub Tab
[2025-11-17T11:00:05.794Z] [INFO] Clicking on element NBIL New Button
[2025-11-17T11:00:06.192Z] [DEBUG] Clicked on element NBIL New Button
[2025-11-17T11:00:08.434Z] [INFO] Clicking on element all Carriers Value 
[2025-11-17T11:00:08.799Z] [DEBUG] Clicked on element all Carriers Value 
[2025-11-17T11:00:09.012Z] [INFO] Clicking on element nbilNextButton
[2025-11-17T11:00:09.463Z] [DEBUG] Clicked on element nbilNextButton
[2025-11-17T11:00:09.467Z] [INFO] Sending text 'nuguri.charitha@us.lockton.com' to email Id
[2025-11-17T11:00:11.174Z] [DEBUG] Sent text 'nuguri.charitha@us.lockton.com' to email Id
[2025-11-17T11:00:11.315Z] [INFO] Subject field is validated successfully with opportunity name.
[2025-11-17T11:00:16.835Z] [INFO] Clicking on element Done Button
[2025-11-17T11:00:17.188Z] [DEBUG] Clicked on element Done Button
[2025-11-17T11:00:22.982Z] [INFO] Clicking on element Done Button
[2025-11-17T11:00:23.335Z] [DEBUG] Clicked on element Done Button
[2025-11-17T11:00:29.154Z] [INFO] Clicking on element Done Button
[2025-11-17T11:00:29.538Z] [DEBUG] Clicked on element Done Button
[2025-11-17T11:00:30.137Z] [INFO] Clicking on element Previous Button
[2025-11-17T11:00:30.472Z] [DEBUG] Clicked on element Previous Button
[2025-11-17T11:00:32.526Z] [INFO] Clicking on element Next Button
[2025-11-17T11:00:32.836Z] [DEBUG] Clicked on element Next Button
[2025-11-17T11:00:36.041Z] [INFO] Sending text 'nuguri.charitha@us.lockton.com' to email Id
[2025-11-17T11:00:36.459Z] [DEBUG] Sent text 'nuguri.charitha@us.lockton.com' to email Id
[2025-11-17T11:00:41.801Z] [INFO] Clicking on element Done Button
[2025-11-17T11:00:42.144Z] [DEBUG] Clicked on element Done Button
[2025-11-17T11:00:47.965Z] [INFO] Clicking on element Done Button
[2025-11-17T11:00:48.358Z] [DEBUG] Clicked on element Done Button
[2025-11-17T11:00:54.155Z] [INFO] Clicking on element Done Button
[2025-11-17T11:00:54.474Z] [DEBUG] Clicked on element Done Button
[2025-11-17T11:01:00.385Z] [INFO] Clicking on element Done Button
[2025-11-17T11:01:00.732Z] [DEBUG] Clicked on element Done Button
[2025-11-17T11:01:03.055Z] [INFO] Clicking on element Close Duplicate Error Button
[2025-11-17T11:01:03.420Z] [DEBUG] Clicked on element Close Duplicate Error Button
[2025-11-17T11:01:03.552Z] [INFO] Clicking on element Delete file button
[2025-11-17T11:01:04.059Z] [DEBUG] Clicked on element Delete file button
[2025-11-17T11:01:04.118Z] [INFO] Clicking on element preview Text
[2025-11-17T11:01:04.498Z] [DEBUG] Clicked on element preview Text
[2025-11-17T11:01:06.798Z] [INFO] Sending text 'This is to inform you that the NBIL request email body has been updated with new Test Information.' to email Body Locator
[2025-11-17T11:01:07.164Z] [DEBUG] Sent text 'This is to inform you that the NBIL request email body has been updated with new Test Information.' to email Body Locator
[2025-11-17T11:01:07.172Z] [INFO] Clicking on element send Button
[2025-11-17T11:01:07.602Z] [DEBUG] Clicked on element send Button
[2025-11-17T11:01:12.112Z] [INFO] Clicking on element successWindow Close Button
[2025-11-17T11:01:12.379Z] [DEBUG] Clicked on element successWindow Close Button
[2025-11-17T11:01:14.666Z] [INFO] Clicking on element activity Tab
[2025-11-17T11:01:19.510Z] [DEBUG] Clicked on element activity Tab
[2025-11-17T11:01:20.070Z] [INFO] Clicking on element Email Request Sent Link
[2025-11-17T11:01:22.039Z] [DEBUG] Clicked on element Email Request Sent Link
[2025-11-17T11:01:22.042Z] [INFO] Clicking on element Email Details Tab
[2025-11-17T11:01:24.372Z] [DEBUG] Clicked on element Email Details Tab
[2025-11-17T11:01:24.376Z] [INFO] Clicking on element Email Details Tab
[2025-11-17T11:01:24.882Z] [DEBUG] Clicked on element Email Details Tab
[2025-11-17T11:01:25.310Z] [INFO] Clicking on element Close NBIL Sub Tab
[2025-11-17T11:01:25.664Z] [DEBUG] Clicked on element Close NBIL Sub Tab
[2025-11-17T11:01:26.149Z] [INFO] Clicking on element activity Tab
[2025-11-17T11:01:26.500Z] [DEBUG] Clicked on element activity Tab
[2025-11-17T11:01:26.717Z] [INFO] Scrolling attempt 1
[2025-11-17T11:01:27.400Z] [INFO] Scrolling attempt 2
[2025-11-17T11:01:28.128Z] [INFO] Element became visible during scroll.
[2025-11-17T11:01:30.349Z] [INFO] Clicking on element View All Files Button
[2025-11-17T11:01:30.930Z] [DEBUG] Clicked on element View All Files Button
[2025-11-17T11:01:34.254Z] [INFO] Clicking on element Close Files Sub Tab
[2025-11-17T11:01:34.662Z] [DEBUG] Clicked on element Close Files Sub Tab
[2025-11-17T11:01:35.044Z] [INFO] Clicking on element NBIL New Button
[2025-11-17T11:01:35.529Z] [DEBUG] Clicked on element NBIL New Button
[2025-11-17T11:01:38.004Z] [INFO] Clicking on element all Carriers Value 
[2025-11-17T11:01:38.433Z] [DEBUG] Clicked on element all Carriers Value 
[2025-11-17T11:01:38.608Z] [INFO] Clicking on element nbilNextButton
[2025-11-17T11:01:38.954Z] [DEBUG] Clicked on element nbilNextButton
[2025-11-17T11:01:38.962Z] [INFO] Sending text 'nuguri.charitha@us.lockton.com.cbqa' to email Id
[2025-11-17T11:01:40.937Z] [DEBUG] Sent text 'nuguri.charitha@us.lockton.com.cbqa' to email Id
[2025-11-17T11:01:46.257Z] [INFO] Clicking on element Done Button
[2025-11-17T11:01:46.705Z] [DEBUG] Clicked on element Done Button
[2025-11-17T11:01:52.595Z] [INFO] Clicking on element Done Button
[2025-11-17T11:01:53.094Z] [DEBUG] Clicked on element Done Button
[2025-11-17T11:01:53.882Z] [INFO] Clicking on element Close NDA/NBIL Flow Button
[2025-11-17T11:01:54.316Z] [DEBUG] Clicked on element Close NDA/NBIL Flow Button
[2025-11-17T11:01:57.593Z] [INFO] Element became visible during scroll.
[2025-11-17T11:01:59.831Z] [INFO] Clicking on element View All Files Button
[2025-11-17T11:02:00.594Z] [DEBUG] Clicked on element View All Files Button
[2025-11-17T11:02:46.581Z] [INFO] Sending text 'nuguri.charitha@us.lockton.com.cbqa' to username Input Value
[2025-11-17T11:02:46.886Z] [DEBUG] Sent text 'nuguri.charitha@us.lockton.com.cbqa' to username Input Value
[2025-11-17T11:02:46.888Z] [INFO] Sending text 'Charitha@89' to password Input Value
[2025-11-17T11:02:47.012Z] [DEBUG] Sent text 'Charitha@89' to password Input Value
[2025-11-17T11:02:47.016Z] [INFO] Clicking on element login Button
[2025-11-17T11:02:49.875Z] [DEBUG] Clicked on element login Button
[2025-11-17T11:02:55.816Z] [INFO] Clicking on element setUp Icon
[2025-11-17T11:02:56.112Z] [DEBUG] Clicked on element setUp Icon
[2025-11-17T11:03:04.904Z] [INFO] Clicking on element user Search Result
[2025-11-17T11:03:09.490Z] [DEBUG] Clicked on element user Search Result
[2025-11-17T11:03:30.917Z] [INFO] Clicking on element show Navigation Menu
[2025-11-17T11:03:31.974Z] [DEBUG] Clicked on element show Navigation Menu
[2025-11-17T11:03:32.109Z] [INFO] Clicking on element accounts Menu Item
[2025-11-17T11:03:32.813Z] [DEBUG] Clicked on element accounts Menu Item
[2025-11-17T11:03:34.453Z] [INFO] Clicking on element list View Element
[2025-11-17T11:03:35.039Z] [DEBUG] Clicked on element list View Element
[2025-11-17T11:03:35.129Z] [INFO] Sending text 'All Clients' to searchBox ListViewInput
[2025-11-17T11:03:35.611Z] [DEBUG] Sent text 'All Clients' to searchBox ListViewInput
[2025-11-17T11:03:35.713Z] [INFO] Clicking on element all Clients In List View
[2025-11-17T11:03:36.619Z] [DEBUG] Clicked on element all Clients In List View
[2025-11-17T11:03:36.691Z] [INFO] Clicking on element global Search Button
[2025-11-17T11:03:38.455Z] [DEBUG] Clicked on element global Search Button
[2025-11-17T11:03:38.625Z] [INFO] Sending text '1000 Miglia SRL' to global Search Input
[2025-11-17T11:03:39.174Z] [DEBUG] Sent text '1000 Miglia SRL' to global Search Input
[2025-11-17T11:03:40.296Z] [INFO] Clicking on element global Search Result
[2025-11-17T11:03:40.968Z] [DEBUG] Clicked on element global Search Result
[2025-11-17T11:03:40.971Z] [INFO] AccountPage: Validating account record type: Client
[2025-11-17T11:03:45.803Z] [INFO] AccountPage: Account record type 'Client' is visible.
[2025-11-17T11:03:45.808Z] [INFO] Clicking on element new Opportunity Button
[2025-11-17T11:03:51.186Z] [DEBUG] Clicked on element new Opportunity Button
[2025-11-17T11:03:51.188Z] [INFO] Clicking on element intial Intake Button
[2025-11-17T11:03:53.286Z] [DEBUG] Clicked on element intial Intake Button
[2025-11-17T11:03:53.290Z] [INFO] Clicking on element opportunity Next Button
[2025-11-17T11:03:54.347Z] [DEBUG] Clicked on element opportunity Next Button
[2025-11-17T11:03:56.541Z] [INFO] Sending text 'auto qvrwk' to opportunity Name
[2025-11-17T11:03:57.447Z] [DEBUG] Sent text 'auto qvrwk' to opportunity Name
[2025-11-17T11:03:57.559Z] [INFO] Clicking on element stage DropDown
[2025-11-17T11:03:58.487Z] [DEBUG] Clicked on element stage DropDown
[2025-11-17T11:03:58.642Z] [INFO] Clicking on element stage Value
[2025-11-17T11:03:59.504Z] [DEBUG] Clicked on element stage Value
[2025-11-17T11:04:00.655Z] [INFO] Clicking on element insurance DropDown
[2025-11-17T11:04:01.515Z] [DEBUG] Clicked on element insurance DropDown
[2025-11-17T11:04:01.890Z] [INFO] Clicking on element Insurance Type Option
[2025-11-17T11:04:02.692Z] [DEBUG] Clicked on element Insurance Type Option
[2025-11-17T11:04:02.696Z] [INFO] Clicking on element insurance Sub Type Drop Down
[2025-11-17T11:04:03.669Z] [DEBUG] Clicked on element insurance Sub Type Drop Down
[2025-11-17T11:04:03.674Z] [INFO] Clicking on element insurance Type field
[2025-11-17T11:04:04.539Z] [DEBUG] Clicked on element insurance Type field
[2025-11-17T11:04:06.655Z] [INFO] Clicking on element save Button
[2025-11-17T11:04:07.487Z] [DEBUG] Clicked on element save Button
[2025-11-17T11:04:11.946Z] [INFO] Clicking on element show More Actions DropDown
[2025-11-17T11:04:13.076Z] [DEBUG] Clicked on element show More Actions DropDown
[2025-11-17T11:04:13.080Z] [INFO] Clicking on element manage Opportunity Assignment Option
[2025-11-17T11:04:14.395Z] [DEBUG] Clicked on element manage Opportunity Assignment Option
[2025-11-17T11:04:17.367Z] [INFO] Sending text '100' to Primary Producer Allocation TextBox
[2025-11-17T11:04:17.967Z] [DEBUG] Sent text '100' to Primary Producer Allocation TextBox
[2025-11-17T11:04:17.970Z] [INFO] Clicking on element SaveAndClose Button
[2025-11-17T11:04:18.790Z] [DEBUG] Clicked on element SaveAndClose Button
[2025-11-17T11:04:18.793Z] [INFO] Clicking on element edit Button
[2025-11-17T11:04:21.052Z] [DEBUG] Clicked on element edit Button
[2025-11-17T11:04:25.208Z] [INFO] Sending text '11/17/2026' to quote DueDate Field
[2025-11-17T11:04:26.629Z] [DEBUG] Sent text '11/17/2026' to quote DueDate Field
[2025-11-17T11:04:26.631Z] [INFO] Sending text '900' to enterpriseValueField
[2025-11-17T11:04:27.706Z] [DEBUG] Sent text '900' to enterpriseValueField
[2025-11-17T11:04:27.709Z] [INFO] Sending text 'Progeny Health LLC' to target Field
[2025-11-17T11:04:28.840Z] [DEBUG] Sent text 'Progeny Health LLC' to target Field
[2025-11-17T11:04:28.843Z] [INFO] Sending text 'The company provides Utilization and healthcare services in the U.S.' to target Description Field
[2025-11-17T11:04:29.872Z] [DEBUG] Sent text 'The company provides Utilization and healthcare services in the U.S.' to target Description Field
[2025-11-17T11:04:29.875Z] [INFO] Clicking on element quote DueTime DropDown
[2025-11-17T11:04:30.974Z] [DEBUG] Clicked on element quote DueTime DropDown
[2025-11-17T11:04:31.207Z] [INFO] Clicking on element quote DueTime Value
[2025-11-17T11:04:32.301Z] [DEBUG] Clicked on element quote DueTime Value
[2025-11-17T11:04:32.304Z] [INFO] Clicking on element buyers Council DropDown
[2025-11-17T11:04:33.722Z] [DEBUG] Clicked on element buyers Council DropDown
[2025-11-17T11:04:33.724Z] [INFO] Clicking on element buyers Council DropDown Value
[2025-11-17T11:04:35.360Z] [DEBUG] Clicked on element buyers Council DropDown Value
[2025-11-17T11:04:35.364Z] [INFO] Sending text '108' to limit Requested
[2025-11-17T11:04:36.621Z] [DEBUG] Sent text '108' to limit Requested
[2025-11-17T11:04:36.628Z] [INFO] Clicking on element save Button
[2025-11-17T11:04:38.028Z] [DEBUG] Clicked on element save Button
[2025-11-17T11:04:38.032Z] [INFO] Clicking on element edit Button
[2025-11-17T11:04:41.032Z] [DEBUG] Clicked on element edit Button
[2025-11-17T11:04:42.368Z] [INFO] Sending text '35' to rollover Percentage
[2025-11-17T11:04:44.771Z] [DEBUG] Sent text '35' to rollover Percentage
[2025-11-17T11:04:44.774Z] [INFO] Sending text 'Test Purchase Agreement' to purchase Agreement
[2025-11-17T11:04:46.339Z] [DEBUG] Sent text 'Test Purchase Agreement' to purchase Agreement
[2025-11-17T11:04:46.341Z] [INFO] Clicking on element sellers Council DropDown
[2025-11-17T11:04:47.888Z] [DEBUG] Clicked on element sellers Council DropDown
[2025-11-17T11:04:47.890Z] [INFO] Clicking on element sellers Council Value
[2025-11-17T11:04:49.842Z] [DEBUG] Clicked on element sellers Council Value
[2025-11-17T11:04:49.850Z] [INFO] Sending text '300' to limit Requested2
[2025-11-17T11:04:51.124Z] [DEBUG] Sent text '300' to limit Requested2
[2025-11-17T11:04:51.128Z] [INFO] Clicking on element limit Comments
[2025-11-17T11:04:52.476Z] [DEBUG] Clicked on element limit Comments
[2025-11-17T11:04:52.478Z] [INFO] Sending text 'Test limit Comments' to limit Comments
[2025-11-17T11:04:53.663Z] [DEBUG] Sent text 'Test limit Comments' to limit Comments
[2025-11-17T11:04:53.665Z] [INFO] Clicking on element other Requested Terms
[2025-11-17T11:04:54.953Z] [DEBUG] Clicked on element other Requested Terms
[2025-11-17T11:04:54.956Z] [INFO] Sending text 'Test other requested terms' to other Requested Terms
[2025-11-17T11:04:56.163Z] [DEBUG] Sent text 'Test other requested terms' to other Requested Terms
[2025-11-17T11:04:56.166Z] [INFO] Clicking on element draft Purchase Agreement CheckBox
[2025-11-17T11:04:57.405Z] [DEBUG] Clicked on element draft Purchase Agreement CheckBox
[2025-11-17T11:04:57.407Z] [INFO] Clicking on element type Of Financials DropDown
[2025-11-17T11:04:58.684Z] [DEBUG] Clicked on element type Of Financials DropDown
[2025-11-17T11:04:58.689Z] [INFO] Clicking on element type Of Financials Value
[2025-11-17T11:04:59.853Z] [DEBUG] Clicked on element type Of Financials Value
[2025-11-17T11:04:59.858Z] [INFO] Clicking on element deal Book CheckBox
[2025-11-17T11:05:01.109Z] [DEBUG] Clicked on element deal Book CheckBox
[2025-11-17T11:05:01.117Z] [INFO] Clicking on element legal DropDown
[2025-11-17T11:05:03.107Z] [DEBUG] Clicked on element legal DropDown
[2025-11-17T11:05:03.110Z] [INFO] Clicking on element legal Value
[2025-11-17T11:05:04.839Z] [DEBUG] Clicked on element legal Value
[2025-11-17T11:05:04.843Z] [INFO] Clicking on element financial DropDown
[2025-11-17T11:05:06.986Z] [DEBUG] Clicked on element financial DropDown
[2025-11-17T11:05:07.503Z] [INFO] Clicking on element financial Value
[2025-11-17T11:05:09.431Z] [DEBUG] Clicked on element financial Value
[2025-11-17T11:05:09.434Z] [INFO] Clicking on element tax DropDown
[2025-11-17T11:05:11.594Z] [DEBUG] Clicked on element tax DropDown
[2025-11-17T11:05:11.609Z] [INFO] Clicking on element tax Value
[2025-11-17T11:05:13.645Z] [DEBUG] Clicked on element tax Value
[2025-11-17T11:05:13.649Z] [INFO] Clicking on element save Button
[2025-11-17T11:05:15.300Z] [DEBUG] Clicked on element save Button
[2025-11-17T11:05:15.714Z] [INFO] Clicking on element global Search Button
[2025-11-17T11:05:18.990Z] [DEBUG] Clicked on element global Search Button
[2025-11-17T11:05:19.095Z] [INFO] Sending text 'ANV Underwriters' to global Search Input
[2025-11-17T11:05:19.843Z] [DEBUG] Sent text 'ANV Underwriters' to global Search Input
[2025-11-17T11:05:20.943Z] [INFO] Clicking on element global Search Result
[2025-11-17T11:05:22.238Z] [DEBUG] Clicked on element global Search Result
[2025-11-17T11:05:25.246Z] [INFO] Clicking on element taxCarriers Header
[2025-11-17T11:05:25.854Z] [DEBUG] Clicked on element taxCarriers Header
[2025-11-17T11:05:26.931Z] [INFO] Clicking on element Close Last Account Tab
[2025-11-17T11:05:27.503Z] [DEBUG] Clicked on element Close Last Account Tab
[2025-11-17T11:05:27.506Z] [INFO] Clicking on element opportunity Tab
[2025-11-17T11:05:28.719Z] [DEBUG] Clicked on element opportunity Tab
[2025-11-17T11:05:29.043Z] [INFO] Clicking on element NBIL New Button
[2025-11-17T11:05:29.927Z] [DEBUG] Clicked on element NBIL New Button
[2025-11-17T11:05:32.392Z] [INFO] Clicking on element all Carriers Value 
[2025-11-17T11:05:33.067Z] [DEBUG] Clicked on element all Carriers Value 
[2025-11-17T11:05:33.549Z] [INFO] Clicking on element nbilNextButton
[2025-11-17T11:05:34.270Z] [DEBUG] Clicked on element nbilNextButton
[2025-11-17T11:05:34.274Z] [INFO] Sending text 'nuguri.charitha@us.lockton.com' to email Id
[2025-11-17T11:05:36.579Z] [DEBUG] Sent text 'nuguri.charitha@us.lockton.com' to email Id
[2025-11-17T11:05:36.888Z] [INFO] Subject field is validated successfully with opportunity name.
[2025-11-17T11:05:42.598Z] [INFO] Clicking on element Done Button
[2025-11-17T11:05:43.411Z] [DEBUG] Clicked on element Done Button
[2025-11-17T11:05:50.001Z] [INFO] Clicking on element Done Button
[2025-11-17T11:05:50.837Z] [DEBUG] Clicked on element Done Button
[2025-11-17T11:05:57.290Z] [INFO] Clicking on element Done Button
[2025-11-17T11:05:58.124Z] [DEBUG] Clicked on element Done Button
[2025-11-17T11:05:58.897Z] [INFO] Clicking on element Previous Button
[2025-11-17T11:05:59.650Z] [DEBUG] Clicked on element Previous Button
[2025-11-17T11:06:01.763Z] [INFO] Clicking on element Next Button
[2025-11-17T11:06:02.399Z] [DEBUG] Clicked on element Next Button
[2025-11-17T11:06:05.823Z] [INFO] Sending text 'nuguri.charitha@us.lockton.com' to email Id
[2025-11-17T11:06:06.447Z] [DEBUG] Sent text 'nuguri.charitha@us.lockton.com' to email Id
[2025-11-17T11:06:12.154Z] [INFO] Clicking on element Done Button
[2025-11-17T11:06:12.762Z] [DEBUG] Clicked on element Done Button
[2025-11-17T11:06:18.861Z] [INFO] Clicking on element Done Button
[2025-11-17T11:06:19.591Z] [DEBUG] Clicked on element Done Button
[2025-11-17T11:06:26.186Z] [INFO] Clicking on element Done Button
[2025-11-17T11:06:27.049Z] [DEBUG] Clicked on element Done Button
[2025-11-17T11:06:33.450Z] [INFO] Clicking on element Done Button
[2025-11-17T11:06:34.101Z] [DEBUG] Clicked on element Done Button
[2025-11-17T11:06:36.572Z] [INFO] Clicking on element Close Duplicate Error Button
[2025-11-17T11:06:37.170Z] [DEBUG] Clicked on element Close Duplicate Error Button
[2025-11-17T11:06:37.376Z] [INFO] Clicking on element Delete file button
[2025-11-17T11:06:38.061Z] [DEBUG] Clicked on element Delete file button
[2025-11-17T11:06:38.258Z] [INFO] Clicking on element preview Text
[2025-11-17T11:06:39.011Z] [DEBUG] Clicked on element preview Text
[2025-11-17T11:06:41.746Z] [INFO] Sending text 'This is to inform you that the NBIL request email body has been updated with new Test Information.' to email Body Locator
[2025-11-17T11:06:42.292Z] [DEBUG] Sent text 'This is to inform you that the NBIL request email body has been updated with new Test Information.' to email Body Locator
[2025-11-17T11:06:42.296Z] [INFO] Clicking on element send Button
[2025-11-17T11:06:42.983Z] [DEBUG] Clicked on element send Button
[2025-11-17T11:06:47.028Z] [INFO] Clicking on element successWindow Close Button
[2025-11-17T11:06:47.821Z] [DEBUG] Clicked on element successWindow Close Button
[2025-11-17T11:06:50.554Z] [INFO] Clicking on element activity Tab
[2025-11-17T11:06:57.317Z] [DEBUG] Clicked on element activity Tab
[2025-11-17T11:06:57.538Z] [INFO] Clicking on element Email Request Sent Link
[2025-11-17T11:06:57.906Z] [DEBUG] Clicked on element Email Request Sent Link
[2025-11-17T11:06:57.909Z] [INFO] Clicking on element Email Details Tab
[2025-11-17T11:07:00.012Z] [DEBUG] Clicked on element Email Details Tab
[2025-11-17T11:07:00.016Z] [INFO] Clicking on element Email Details Tab
[2025-11-17T11:07:00.505Z] [DEBUG] Clicked on element Email Details Tab
[2025-11-17T11:07:00.884Z] [INFO] Clicking on element Close NBIL Sub Tab
[2025-11-17T11:07:01.245Z] [DEBUG] Clicked on element Close NBIL Sub Tab
[2025-11-17T11:07:01.567Z] [INFO] Clicking on element activity Tab
[2025-11-17T11:07:01.829Z] [DEBUG] Clicked on element activity Tab
[2025-11-17T11:07:01.925Z] [INFO] Scrolling attempt 1
[2025-11-17T11:07:02.587Z] [INFO] Scrolling attempt 2
[2025-11-17T11:07:03.365Z] [INFO] Scrolling attempt 3
[2025-11-17T11:07:03.994Z] [INFO] Element became visible during scroll.
[2025-11-17T11:07:06.233Z] [INFO] Clicking on element View All Files Button
[2025-11-17T11:07:06.921Z] [DEBUG] Clicked on element View All Files Button
[2025-11-17T11:07:10.268Z] [INFO] Clicking on element Close Files Sub Tab
[2025-11-17T11:07:10.567Z] [DEBUG] Clicked on element Close Files Sub Tab
[2025-11-17T11:07:10.978Z] [INFO] Clicking on element NBIL New Button
[2025-11-17T11:07:11.603Z] [DEBUG] Clicked on element NBIL New Button
[2025-11-17T11:07:13.923Z] [INFO] Clicking on element all Carriers Value 
[2025-11-17T11:07:14.232Z] [DEBUG] Clicked on element all Carriers Value 
[2025-11-17T11:07:14.409Z] [INFO] Clicking on element nbilNextButton
[2025-11-17T11:07:14.820Z] [DEBUG] Clicked on element nbilNextButton
[2025-11-17T11:07:14.822Z] [INFO] Sending text 'nuguri.charitha@us.lockton.com.cbqa' to email Id
[2025-11-17T11:07:16.645Z] [DEBUG] Sent text 'nuguri.charitha@us.lockton.com.cbqa' to email Id
[2025-11-17T11:07:21.928Z] [INFO] Clicking on element Done Button
[2025-11-17T11:07:22.471Z] [DEBUG] Clicked on element Done Button
[2025-11-17T11:07:28.448Z] [INFO] Clicking on element Done Button
[2025-11-17T11:07:28.952Z] [DEBUG] Clicked on element Done Button
[2025-11-17T11:07:29.855Z] [INFO] Clicking on element Close NDA/NBIL Flow Button
[2025-11-17T11:07:30.419Z] [DEBUG] Clicked on element Close NDA/NBIL Flow Button
[2025-11-17T11:07:33.755Z] [INFO] Element became visible during scroll.
[2025-11-17T11:07:36.090Z] [INFO] Clicking on element View All Files Button
[2025-11-17T11:07:36.947Z] [DEBUG] Clicked on element View All Files Button
[2025-11-17T11:07:40.169Z] [INFO] Clicking on element Close Files Sub Tab
[2025-11-17T11:07:40.504Z] [DEBUG] Clicked on element Close Files Sub Tab
[2025-11-17T11:07:40.833Z] [INFO] Clicking on element NBIL New Button
[2025-11-17T11:07:41.255Z] [DEBUG] Clicked on element NBIL New Button
[2025-11-17T11:07:43.535Z] [INFO] Clicking on element all Carriers Value 
[2025-11-17T11:07:43.913Z] [DEBUG] Clicked on element all Carriers Value 
[2025-11-17T11:07:44.121Z] [INFO] Clicking on element nbilNextButton
[2025-11-17T11:07:44.518Z] [DEBUG] Clicked on element nbilNextButton
[2025-11-17T11:07:44.521Z] [INFO] Sending text 'nuguri.charitha@us.lockton.com' to email Id
[2025-11-17T11:07:46.111Z] [DEBUG] Sent text 'nuguri.charitha@us.lockton.com' to email Id
[2025-11-17T11:07:46.222Z] [INFO] Subject field is validated successfully with opportunity name.
[2025-11-17T11:07:51.588Z] [INFO] Clicking on element Done Button
[2025-11-17T11:07:52.005Z] [DEBUG] Clicked on element Done Button
[2025-11-17T11:07:58.003Z] [INFO] Clicking on element Done Button
[2025-11-17T11:07:58.444Z] [DEBUG] Clicked on element Done Button
[2025-11-17T11:08:04.198Z] [INFO] Clicking on element Done Button
[2025-11-17T11:08:04.492Z] [DEBUG] Clicked on element Done Button
[2025-11-17T11:08:05.162Z] [INFO] Clicking on element Previous Button
[2025-11-17T11:08:05.566Z] [DEBUG] Clicked on element Previous Button
[2025-11-17T11:08:07.628Z] [INFO] Clicking on element Next Button
[2025-11-17T11:08:07.863Z] [DEBUG] Clicked on element Next Button
[2025-11-17T11:08:10.991Z] [INFO] Sending text 'nuguri.charitha@us.lockton.com' to email Id
[2025-11-17T11:08:11.255Z] [DEBUG] Sent text 'nuguri.charitha@us.lockton.com' to email Id
[2025-11-17T11:08:16.556Z] [INFO] Clicking on element Done Button
[2025-11-17T11:08:16.786Z] [DEBUG] Clicked on element Done Button
[2025-11-17T11:08:22.521Z] [INFO] Clicking on element Done Button
[2025-11-17T11:08:22.740Z] [DEBUG] Clicked on element Done Button
[2025-11-17T11:08:28.400Z] [INFO] Clicking on element Done Button
[2025-11-17T11:08:28.674Z] [DEBUG] Clicked on element Done Button
[2025-11-17T11:08:34.868Z] [INFO] Clicking on element Done Button
[2025-11-17T11:08:35.418Z] [DEBUG] Clicked on element Done Button
[2025-11-17T11:08:37.734Z] [INFO] Clicking on element Close Duplicate Error Button
[2025-11-17T11:08:38.174Z] [DEBUG] Clicked on element Close Duplicate Error Button
[2025-11-17T11:08:38.308Z] [INFO] Clicking on element Delete file button
[2025-11-17T11:08:38.633Z] [DEBUG] Clicked on element Delete file button
[2025-11-17T11:08:38.677Z] [INFO] Clicking on element preview Text
[2025-11-17T11:08:38.996Z] [DEBUG] Clicked on element preview Text
[2025-11-17T11:08:40.701Z] [INFO] Sending text 'This is to inform you that the NBIL request email body has been updated with new Test Information.' to email Body Locator
[2025-11-17T11:08:41.027Z] [DEBUG] Sent text 'This is to inform you that the NBIL request email body has been updated with new Test Information.' to email Body Locator
[2025-11-17T11:08:41.032Z] [INFO] Clicking on element send Button
[2025-11-17T11:08:41.430Z] [DEBUG] Clicked on element send Button
[2025-11-17T11:08:45.918Z] [INFO] Clicking on element successWindow Close Button
[2025-11-17T11:08:46.282Z] [DEBUG] Clicked on element successWindow Close Button
[2025-11-17T11:08:48.511Z] [INFO] Clicking on element activity Tab
[2025-11-17T11:08:52.805Z] [DEBUG] Clicked on element activity Tab
[2025-11-17T11:08:53.290Z] [INFO] Clicking on element Email Request Sent Link
[2025-11-17T11:08:53.823Z] [DEBUG] Clicked on element Email Request Sent Link
[2025-11-17T11:08:53.834Z] [INFO] Clicking on element Email Details Tab
[2025-11-17T11:08:57.510Z] [DEBUG] Clicked on element Email Details Tab
[2025-11-17T11:08:57.516Z] [INFO] Clicking on element Email Details Tab
[2025-11-17T11:08:59.008Z] [DEBUG] Clicked on element Email Details Tab
[2025-11-17T11:08:59.396Z] [INFO] Clicking on element Close NBIL Sub Tab
[2025-11-17T11:08:59.787Z] [DEBUG] Clicked on element Close NBIL Sub Tab
[2025-11-17T11:09:00.214Z] [INFO] Clicking on element activity Tab
[2025-11-17T11:09:00.487Z] [DEBUG] Clicked on element activity Tab
[2025-11-17T11:09:00.630Z] [INFO] Scrolling attempt 1
[2025-11-17T11:09:01.282Z] [INFO] Scrolling attempt 2
[2025-11-17T11:09:01.979Z] [INFO] Element became visible during scroll.
[2025-11-17T11:09:04.172Z] [INFO] Clicking on element View All Files Button
[2025-11-17T11:09:04.765Z] [DEBUG] Clicked on element View All Files Button
[2025-11-17T11:09:08.008Z] [INFO] Clicking on element Close Files Sub Tab
[2025-11-17T11:09:08.292Z] [DEBUG] Clicked on element Close Files Sub Tab
[2025-11-17T11:09:08.601Z] [INFO] Clicking on element NBIL New Button
[2025-11-17T11:09:09.231Z] [DEBUG] Clicked on element NBIL New Button
[2025-11-17T11:09:11.570Z] [INFO] Clicking on element all Carriers Value 
[2025-11-17T11:09:11.989Z] [DEBUG] Clicked on element all Carriers Value 
[2025-11-17T11:09:12.216Z] [INFO] Clicking on element nbilNextButton
[2025-11-17T11:09:12.588Z] [DEBUG] Clicked on element nbilNextButton
[2025-11-17T11:09:12.592Z] [INFO] Sending text 'nuguri.charitha@us.lockton.com.cbqa' to email Id
[2025-11-17T11:09:14.268Z] [DEBUG] Sent text 'nuguri.charitha@us.lockton.com.cbqa' to email Id
[2025-11-17T11:09:19.575Z] [INFO] Clicking on element Done Button
[2025-11-17T11:09:20.038Z] [DEBUG] Clicked on element Done Button
[2025-11-17T11:09:25.991Z] [INFO] Clicking on element Done Button
[2025-11-17T11:09:26.502Z] [DEBUG] Clicked on element Done Button
[2025-11-17T11:09:27.503Z] [INFO] Clicking on element Close NDA/NBIL Flow Button
[2025-11-17T11:09:27.977Z] [DEBUG] Clicked on element Close NDA/NBIL Flow Button
[2025-11-17T11:09:31.254Z] [INFO] Element became visible during scroll.
[2025-11-17T11:09:33.469Z] [INFO] Clicking on element View All Files Button
[2025-11-17T11:09:34.150Z] [DEBUG] Clicked on element View All Files Button
[2025-11-17T11:09:37.449Z] [INFO] Clicking on element Close Files Sub Tab
[2025-11-17T11:09:37.786Z] [DEBUG] Clicked on element Close Files Sub Tab
[2025-11-17T11:09:38.129Z] [INFO] Clicking on element NBIL New Button
[2025-11-17T11:09:38.594Z] [DEBUG] Clicked on element NBIL New Button
[2025-11-17T11:09:40.844Z] [INFO] Clicking on element all Carriers Value 
[2025-11-17T11:09:41.221Z] [DEBUG] Clicked on element all Carriers Value 
[2025-11-17T11:09:41.443Z] [INFO] Clicking on element nbilNextButton
[2025-11-17T11:09:41.852Z] [DEBUG] Clicked on element nbilNextButton
[2025-11-17T11:09:41.856Z] [INFO] Sending text 'nuguri.charitha@us.lockton.com' to email Id
[2025-11-17T11:09:43.589Z] [DEBUG] Sent text 'nuguri.charitha@us.lockton.com' to email Id
[2025-11-17T11:09:43.717Z] [INFO] Subject field is validated successfully with opportunity name.
[2025-11-17T11:09:49.124Z] [INFO] Clicking on element Done Button
[2025-11-17T11:09:49.717Z] [DEBUG] Clicked on element Done Button
[2025-11-17T11:09:55.510Z] [INFO] Clicking on element Done Button
[2025-11-17T11:09:55.941Z] [DEBUG] Clicked on element Done Button
[2025-11-17T11:10:01.742Z] [INFO] Clicking on element Done Button
[2025-11-17T11:10:02.121Z] [DEBUG] Clicked on element Done Button
[2025-11-17T11:10:02.742Z] [INFO] Clicking on element Previous Button
[2025-11-17T11:10:03.064Z] [DEBUG] Clicked on element Previous Button
[2025-11-17T11:10:05.131Z] [INFO] Clicking on element Next Button
[2025-11-17T11:10:05.554Z] [DEBUG] Clicked on element Next Button
[2025-11-17T11:10:08.789Z] [INFO] Sending text 'nuguri.charitha@us.lockton.com' to email Id
[2025-11-17T11:10:09.042Z] [DEBUG] Sent text 'nuguri.charitha@us.lockton.com' to email Id
[2025-11-17T11:10:14.518Z] [INFO] Clicking on element Done Button
[2025-11-17T11:10:14.872Z] [DEBUG] Clicked on element Done Button
[2025-11-17T11:10:20.739Z] [INFO] Clicking on element Done Button
[2025-11-17T11:10:21.017Z] [DEBUG] Clicked on element Done Button
[2025-11-17T11:10:26.808Z] [INFO] Clicking on element Done Button
[2025-11-17T11:10:27.222Z] [DEBUG] Clicked on element Done Button
[2025-11-17T11:10:33.200Z] [INFO] Clicking on element Done Button
[2025-11-17T11:10:33.571Z] [DEBUG] Clicked on element Done Button
[2025-11-17T11:10:35.909Z] [INFO] Clicking on element Close Duplicate Error Button
[2025-11-17T11:10:36.335Z] [DEBUG] Clicked on element Close Duplicate Error Button
[2025-11-17T11:10:36.469Z] [INFO] Clicking on element Delete file button
[2025-11-17T11:10:36.877Z] [DEBUG] Clicked on element Delete file button
[2025-11-17T11:10:36.932Z] [INFO] Clicking on element preview Text
[2025-11-17T11:10:37.384Z] [DEBUG] Clicked on element preview Text
[2025-11-17T11:10:39.216Z] [INFO] Sending text 'This is to inform you that the NBIL request email body has been updated with new Test Information.' to email Body Locator
[2025-11-17T11:10:39.479Z] [DEBUG] Sent text 'This is to inform you that the NBIL request email body has been updated with new Test Information.' to email Body Locator
[2025-11-17T11:10:39.484Z] [INFO] Clicking on element send Button
[2025-11-17T11:10:39.867Z] [DEBUG] Clicked on element send Button
[2025-11-17T11:10:44.368Z] [INFO] Clicking on element successWindow Close Button
[2025-11-17T11:10:44.650Z] [DEBUG] Clicked on element successWindow Close Button
[2025-11-17T11:10:47.422Z] [INFO] Clicking on element activity Tab
[2025-11-17T11:10:52.227Z] [DEBUG] Clicked on element activity Tab
[2025-11-17T11:10:52.737Z] [INFO] Clicking on element Email Request Sent Link
[2025-11-17T11:10:54.480Z] [DEBUG] Clicked on element Email Request Sent Link
[2025-11-17T11:10:54.483Z] [INFO] Clicking on element Email Details Tab
[2025-11-17T11:10:56.552Z] [DEBUG] Clicked on element Email Details Tab
[2025-11-17T11:10:56.558Z] [INFO] Clicking on element Email Details Tab
[2025-11-17T11:10:57.033Z] [DEBUG] Clicked on element Email Details Tab
[2025-11-17T11:10:57.477Z] [INFO] Clicking on element Close NBIL Sub Tab
[2025-11-17T11:10:57.798Z] [DEBUG] Clicked on element Close NBIL Sub Tab
[2025-11-17T11:10:58.164Z] [INFO] Clicking on element activity Tab
[2025-11-17T11:10:58.546Z] [DEBUG] Clicked on element activity Tab
[2025-11-17T11:10:58.698Z] [INFO] Scrolling attempt 1
[2025-11-17T11:10:59.381Z] [INFO] Scrolling attempt 2
[2025-11-17T11:11:00.066Z] [INFO] Element became visible during scroll.
[2025-11-17T11:11:02.256Z] [INFO] Clicking on element View All Files Button
[2025-11-17T11:11:02.807Z] [DEBUG] Clicked on element View All Files Button
[2025-11-17T11:11:06.116Z] [INFO] Clicking on element Close Files Sub Tab
[2025-11-17T11:11:06.362Z] [DEBUG] Clicked on element Close Files Sub Tab
[2025-11-17T11:11:06.727Z] [INFO] Clicking on element NBIL New Button
[2025-11-17T11:11:07.238Z] [DEBUG] Clicked on element NBIL New Button
[2025-11-17T11:11:09.557Z] [INFO] Clicking on element all Carriers Value 
[2025-11-17T11:11:10.125Z] [DEBUG] Clicked on element all Carriers Value 
[2025-11-17T11:11:10.437Z] [INFO] Clicking on element nbilNextButton
[2025-11-17T11:11:10.891Z] [DEBUG] Clicked on element nbilNextButton
[2025-11-17T11:11:10.898Z] [INFO] Sending text 'nuguri.charitha@us.lockton.com.cbqa' to email Id
[2025-11-17T11:11:12.628Z] [DEBUG] Sent text 'nuguri.charitha@us.lockton.com.cbqa' to email Id
[2025-11-17T11:11:17.984Z] [INFO] Clicking on element Done Button
[2025-11-17T11:11:18.497Z] [DEBUG] Clicked on element Done Button
[2025-11-17T11:11:24.453Z] [INFO] Clicking on element Done Button
[2025-11-17T11:11:24.980Z] [DEBUG] Clicked on element Done Button
[2025-11-17T11:11:25.706Z] [INFO] Clicking on element Close NDA/NBIL Flow Button
[2025-11-17T11:11:26.139Z] [DEBUG] Clicked on element Close NDA/NBIL Flow Button
[2025-11-17T11:11:29.388Z] [INFO] Element became visible during scroll.
[2025-11-17T11:11:31.669Z] [INFO] Clicking on element View All Files Button
[2025-11-17T11:11:32.334Z] [DEBUG] Clicked on element View All Files Button
[2025-11-17T11:12:21.529Z] [INFO] Sending text 'nuguri.charitha@us.lockton.com.cbqa' to username Input Value
[2025-11-17T11:12:21.937Z] [DEBUG] Sent text 'nuguri.charitha@us.lockton.com.cbqa' to username Input Value
[2025-11-17T11:12:21.943Z] [INFO] Sending text 'Charitha@89' to password Input Value
[2025-11-17T11:12:22.040Z] [DEBUG] Sent text 'Charitha@89' to password Input Value
[2025-11-17T11:12:22.049Z] [INFO] Clicking on element login Button
[2025-11-17T11:12:24.129Z] [DEBUG] Clicked on element login Button
[2025-11-17T11:12:30.476Z] [INFO] Clicking on element setUp Icon
[2025-11-17T11:12:31.206Z] [DEBUG] Clicked on element setUp Icon
[2025-11-17T11:12:37.833Z] [INFO] Clicking on element user Search Result
[2025-11-17T11:12:40.603Z] [DEBUG] Clicked on element user Search Result
[2025-11-17T11:13:04.389Z] [INFO] Clicking on element show Navigation Menu
[2025-11-17T11:13:06.342Z] [DEBUG] Clicked on element show Navigation Menu
[2025-11-17T11:13:06.480Z] [INFO] Clicking on element accounts Menu Item
[2025-11-17T11:13:07.043Z] [DEBUG] Clicked on element accounts Menu Item
[2025-11-17T11:13:08.563Z] [INFO] Clicking on element list View Element
[2025-11-17T11:13:09.052Z] [DEBUG] Clicked on element list View Element
[2025-11-17T11:13:09.126Z] [INFO] Sending text 'All Clients' to searchBox ListViewInput
[2025-11-17T11:13:09.496Z] [DEBUG] Sent text 'All Clients' to searchBox ListViewInput
[2025-11-17T11:13:09.622Z] [INFO] Clicking on element all Clients In List View
[2025-11-17T11:13:10.205Z] [DEBUG] Clicked on element all Clients In List View
[2025-11-17T11:13:10.333Z] [INFO] Clicking on element global Search Button
[2025-11-17T11:13:12.023Z] [DEBUG] Clicked on element global Search Button
[2025-11-17T11:13:12.234Z] [INFO] Sending text '1000 Miglia SRL' to global Search Input
[2025-11-17T11:13:12.842Z] [DEBUG] Sent text '1000 Miglia SRL' to global Search Input
[2025-11-17T11:13:13.847Z] [INFO] Clicking on element global Search Result
[2025-11-17T11:13:14.424Z] [DEBUG] Clicked on element global Search Result
[2025-11-17T11:13:14.426Z] [INFO] AccountPage: Validating account record type: Client
[2025-11-17T11:13:18.215Z] [INFO] AccountPage: Account record type 'Client' is visible.
[2025-11-17T11:13:18.217Z] [INFO] Clicking on element new Opportunity Button
[2025-11-17T11:13:22.211Z] [DEBUG] Clicked on element new Opportunity Button
[2025-11-17T11:13:22.214Z] [INFO] Clicking on element intial Intake Button
[2025-11-17T11:13:24.383Z] [DEBUG] Clicked on element intial Intake Button
[2025-11-17T11:13:24.386Z] [INFO] Clicking on element opportunity Next Button
[2025-11-17T11:13:25.347Z] [DEBUG] Clicked on element opportunity Next Button
[2025-11-17T11:13:27.327Z] [INFO] Sending text 'auto pcfur' to opportunity Name
[2025-11-17T11:13:28.139Z] [DEBUG] Sent text 'auto pcfur' to opportunity Name
[2025-11-17T11:13:28.273Z] [INFO] Clicking on element stage DropDown
[2025-11-17T11:13:29.088Z] [DEBUG] Clicked on element stage DropDown
[2025-11-17T11:13:29.233Z] [INFO] Clicking on element stage Value
[2025-11-17T11:13:29.965Z] [DEBUG] Clicked on element stage Value
[2025-11-17T11:13:31.027Z] [INFO] Clicking on element insurance DropDown
[2025-11-17T11:13:31.851Z] [DEBUG] Clicked on element insurance DropDown
[2025-11-17T11:13:32.083Z] [INFO] Clicking on element Insurance Type Option
[2025-11-17T11:13:32.775Z] [DEBUG] Clicked on element Insurance Type Option
[2025-11-17T11:13:32.779Z] [INFO] Clicking on element insurance Sub Type Drop Down
[2025-11-17T11:13:33.614Z] [DEBUG] Clicked on element insurance Sub Type Drop Down
[2025-11-17T11:13:33.617Z] [INFO] Clicking on element insurance Type field
[2025-11-17T11:13:34.382Z] [DEBUG] Clicked on element insurance Type field
[2025-11-17T11:13:36.526Z] [INFO] Clicking on element save Button
[2025-11-17T11:13:37.256Z] [DEBUG] Clicked on element save Button
[2025-11-17T11:13:41.652Z] [INFO] Clicking on element show More Actions DropDown
[2025-11-17T11:13:42.729Z] [DEBUG] Clicked on element show More Actions DropDown
[2025-11-17T11:13:42.734Z] [INFO] Clicking on element manage Opportunity Assignment Option
[2025-11-17T11:13:43.650Z] [DEBUG] Clicked on element manage Opportunity Assignment Option
[2025-11-17T11:13:46.043Z] [INFO] Sending text '100' to Primary Producer Allocation TextBox
[2025-11-17T11:13:46.562Z] [DEBUG] Sent text '100' to Primary Producer Allocation TextBox
[2025-11-17T11:13:46.564Z] [INFO] Clicking on element SaveAndClose Button
[2025-11-17T11:13:47.247Z] [DEBUG] Clicked on element SaveAndClose Button
[2025-11-17T11:13:47.251Z] [INFO] Clicking on element edit Button
[2025-11-17T11:13:50.140Z] [DEBUG] Clicked on element edit Button
[2025-11-17T11:13:54.458Z] [INFO] Sending text '11/17/2026' to quote DueDate Field
[2025-11-17T11:13:55.733Z] [DEBUG] Sent text '11/17/2026' to quote DueDate Field
[2025-11-17T11:13:55.736Z] [INFO] Sending text '800' to enterpriseValueField
[2025-11-17T11:13:56.677Z] [DEBUG] Sent text '800' to enterpriseValueField
[2025-11-17T11:13:56.680Z] [INFO] Sending text 'A&M Home Services' to target Field
[2025-11-17T11:13:57.587Z] [DEBUG] Sent text 'A&M Home Services' to target Field
[2025-11-17T11:13:57.589Z] [INFO] Sending text 'It is for New Single-Family Housing Construction (except For-Sale Builders)' to target Description Field
[2025-11-17T11:13:58.312Z] [DEBUG] Sent text 'It is for New Single-Family Housing Construction (except For-Sale Builders)' to target Description Field
[2025-11-17T11:13:58.314Z] [INFO] Clicking on element quote DueTime DropDown
[2025-11-17T11:13:59.257Z] [DEBUG] Clicked on element quote DueTime DropDown
[2025-11-17T11:13:59.448Z] [INFO] Clicking on element quote DueTime Value
[2025-11-17T11:14:00.250Z] [DEBUG] Clicked on element quote DueTime Value
[2025-11-17T11:14:00.252Z] [INFO] Clicking on element buyers Council DropDown
[2025-11-17T11:14:01.456Z] [DEBUG] Clicked on element buyers Council DropDown
[2025-11-17T11:14:01.459Z] [INFO] Clicking on element buyers Council DropDown Value
[2025-11-17T11:14:03.447Z] [DEBUG] Clicked on element buyers Council DropDown Value
[2025-11-17T11:14:03.450Z] [INFO] Sending text '109' to limit Requested
[2025-11-17T11:14:05.448Z] [DEBUG] Sent text '109' to limit Requested
[2025-11-17T11:14:05.452Z] [INFO] Clicking on element save Button
[2025-11-17T11:14:07.189Z] [DEBUG] Clicked on element save Button
[2025-11-17T11:14:07.201Z] [INFO] Clicking on element edit Button
[2025-11-17T11:14:10.772Z] [DEBUG] Clicked on element edit Button
[2025-11-17T11:14:13.051Z] [INFO] Sending text '40' to rollover Percentage
[2025-11-17T11:14:15.018Z] [DEBUG] Sent text '40' to rollover Percentage
[2025-11-17T11:14:15.020Z] [INFO] Sending text 'Test Purchase Agreement' to purchase Agreement
[2025-11-17T11:14:16.071Z] [DEBUG] Sent text 'Test Purchase Agreement' to purchase Agreement
[2025-11-17T11:14:16.074Z] [INFO] Clicking on element sellers Council DropDown
[2025-11-17T11:14:17.947Z] [DEBUG] Clicked on element sellers Council DropDown
[2025-11-17T11:14:17.950Z] [INFO] Clicking on element sellers Council Value
[2025-11-17T11:14:19.872Z] [DEBUG] Clicked on element sellers Council Value
[2025-11-17T11:14:19.875Z] [INFO] Sending text '500' to limit Requested2
[2025-11-17T11:14:21.296Z] [DEBUG] Sent text '500' to limit Requested2
[2025-11-17T11:14:21.298Z] [INFO] Clicking on element limit Comments
[2025-11-17T11:14:22.657Z] [DEBUG] Clicked on element limit Comments
[2025-11-17T11:14:22.659Z] [INFO] Sending text 'Test limit Comments' to limit Comments
[2025-11-17T11:14:23.947Z] [DEBUG] Sent text 'Test limit Comments' to limit Comments
[2025-11-17T11:14:23.949Z] [INFO] Clicking on element other Requested Terms
[2025-11-17T11:14:24.985Z] [DEBUG] Clicked on element other Requested Terms
[2025-11-17T11:14:24.990Z] [INFO] Sending text 'Test other requested terms' to other Requested Terms
[2025-11-17T11:14:25.935Z] [DEBUG] Sent text 'Test other requested terms' to other Requested Terms
[2025-11-17T11:14:25.937Z] [INFO] Clicking on element draft Purchase Agreement CheckBox
[2025-11-17T11:14:26.948Z] [DEBUG] Clicked on element draft Purchase Agreement CheckBox
[2025-11-17T11:14:26.949Z] [INFO] Clicking on element type Of Financials DropDown
[2025-11-17T11:14:28.024Z] [DEBUG] Clicked on element type Of Financials DropDown
[2025-11-17T11:14:28.027Z] [INFO] Clicking on element type Of Financials Value
[2025-11-17T11:14:29.167Z] [DEBUG] Clicked on element type Of Financials Value
[2025-11-17T11:14:29.169Z] [INFO] Clicking on element deal Book CheckBox
[2025-11-17T11:14:30.706Z] [DEBUG] Clicked on element deal Book CheckBox
[2025-11-17T11:14:30.708Z] [INFO] Clicking on element legal DropDown
[2025-11-17T11:14:32.854Z] [DEBUG] Clicked on element legal DropDown
[2025-11-17T11:14:32.857Z] [INFO] Clicking on element legal Value
[2025-11-17T11:14:34.685Z] [DEBUG] Clicked on element legal Value
[2025-11-17T11:14:34.688Z] [INFO] Clicking on element financial DropDown
[2025-11-17T11:14:36.259Z] [DEBUG] Clicked on element financial DropDown
[2025-11-17T11:14:36.590Z] [INFO] Clicking on element financial Value
[2025-11-17T11:14:38.249Z] [DEBUG] Clicked on element financial Value
[2025-11-17T11:14:38.257Z] [INFO] Clicking on element tax DropDown
[2025-11-17T11:14:39.777Z] [DEBUG] Clicked on element tax DropDown
[2025-11-17T11:14:39.779Z] [INFO] Clicking on element tax Value
[2025-11-17T11:14:41.515Z] [DEBUG] Clicked on element tax Value
[2025-11-17T11:14:41.518Z] [INFO] Clicking on element save Button
[2025-11-17T11:14:43.179Z] [DEBUG] Clicked on element save Button
[2025-11-17T11:14:43.648Z] [INFO] Clicking on element global Search Button
[2025-11-17T11:14:47.439Z] [DEBUG] Clicked on element global Search Button
[2025-11-17T11:14:48.161Z] [INFO] Sending text 'CFC Underwriting Limited' to global Search Input
[2025-11-17T11:14:48.720Z] [DEBUG] Sent text 'CFC Underwriting Limited' to global Search Input
[2025-11-17T11:14:49.334Z] [INFO] Clicking on element global Search Result
[2025-11-17T11:14:50.167Z] [DEBUG] Clicked on element global Search Result
[2025-11-17T11:14:56.161Z] [INFO] Clicking on element taxCarriers Header
[2025-11-17T11:14:57.517Z] [DEBUG] Clicked on element taxCarriers Header
[2025-11-17T11:14:57.894Z] [INFO] Clicking on element market Email Edit Icon
[2025-11-17T11:14:59.183Z] [DEBUG] Clicked on element market Email Edit Icon
[2025-11-17T11:14:59.191Z] [INFO] Sending text 'taxCarrieremail@test.com' to market Email Input Field
[2025-11-17T11:15:00.204Z] [DEBUG] Sent text 'taxCarrieremail@test.com' to market Email Input Field
[2025-11-17T11:15:00.206Z] [INFO] Clicking on element Save Market Email
[2025-11-17T11:15:01.093Z] [DEBUG] Clicked on element Save Market Email
[2025-11-17T11:15:05.656Z] [INFO] Clicking on element Close Last Account Tab
[2025-11-17T11:15:06.257Z] [DEBUG] Clicked on element Close Last Account Tab
[2025-11-17T11:15:06.263Z] [INFO] Clicking on element opportunity Tab
[2025-11-17T11:15:07.841Z] [DEBUG] Clicked on element opportunity Tab
[2025-11-17T11:15:08.264Z] [INFO] Clicking on element NBIL New Button
[2025-11-17T11:15:09.507Z] [DEBUG] Clicked on element NBIL New Button
[2025-11-17T11:15:12.261Z] [INFO] Clicking on element all Carriers Value 
[2025-11-17T11:15:13.041Z] [DEBUG] Clicked on element all Carriers Value 
[2025-11-17T11:15:13.550Z] [INFO] Clicking on element nbilNextButton
[2025-11-17T11:15:14.417Z] [DEBUG] Clicked on element nbilNextButton
[2025-11-17T11:15:14.422Z] [INFO] Sending text 'nuguri.charitha@us.lockton.com' to email Id
[2025-11-17T11:15:17.140Z] [DEBUG] Sent text 'nuguri.charitha@us.lockton.com' to email Id
[2025-11-17T11:15:17.495Z] [INFO] Subject field is validated successfully with opportunity name.
[2025-11-17T11:15:23.439Z] [INFO] Clicking on element Done Button
[2025-11-17T11:15:24.570Z] [DEBUG] Clicked on element Done Button
[2025-11-17T11:15:31.098Z] [INFO] Clicking on element Done Button
[2025-11-17T11:15:32.085Z] [DEBUG] Clicked on element Done Button
[2025-11-17T11:15:38.608Z] [INFO] Clicking on element Done Button
[2025-11-17T11:15:39.752Z] [DEBUG] Clicked on element Done Button
[2025-11-17T11:15:40.868Z] [INFO] Clicking on element Previous Button
[2025-11-17T11:15:41.892Z] [DEBUG] Clicked on element Previous Button
[2025-11-17T11:15:44.034Z] [INFO] Clicking on element Next Button
[2025-11-17T11:15:44.874Z] [DEBUG] Clicked on element Next Button
[2025-11-17T11:15:48.616Z] [INFO] Sending text 'nuguri.charitha@us.lockton.com' to email Id
[2025-11-17T11:15:49.414Z] [DEBUG] Sent text 'nuguri.charitha@us.lockton.com' to email Id
[2025-11-17T11:15:55.495Z] [INFO] Clicking on element Done Button
[2025-11-17T11:15:56.585Z] [DEBUG] Clicked on element Done Button
[2025-11-17T11:16:03.090Z] [INFO] Clicking on element Done Button
[2025-11-17T11:16:04.206Z] [DEBUG] Clicked on element Done Button
[2025-11-17T11:16:10.660Z] [INFO] Clicking on element Done Button
[2025-11-17T11:16:11.536Z] [DEBUG] Clicked on element Done Button
[2025-11-17T11:16:18.548Z] [INFO] Clicking on element Done Button
[2025-11-17T11:16:19.444Z] [DEBUG] Clicked on element Done Button
[2025-11-17T11:16:22.131Z] [INFO] Clicking on element Close Duplicate Error Button
[2025-11-17T11:16:23.093Z] [DEBUG] Clicked on element Close Duplicate Error Button
[2025-11-17T11:16:23.258Z] [INFO] Clicking on element Delete file button
[2025-11-17T11:16:24.194Z] [DEBUG] Clicked on element Delete file button
[2025-11-17T11:16:24.363Z] [INFO] Clicking on element preview Text
[2025-11-17T11:16:25.568Z] [DEBUG] Clicked on element preview Text
[2025-11-17T11:16:29.684Z] [INFO] Sending text 'This is to inform you that the NBIL request email body has been updated with new Test Information.' to email Body Locator
[2025-11-17T11:16:30.432Z] [DEBUG] Sent text 'This is to inform you that the NBIL request email body has been updated with new Test Information.' to email Body Locator
[2025-11-17T11:16:30.442Z] [INFO] Clicking on element send Button
[2025-11-17T11:16:31.353Z] [DEBUG] Clicked on element send Button
[2025-11-17T11:16:35.464Z] [INFO] Clicking on element successWindow Close Button
[2025-11-17T11:16:36.329Z] [DEBUG] Clicked on element successWindow Close Button
[2025-11-17T11:16:39.350Z] [INFO] Clicking on element activity Tab
[2025-11-17T11:16:46.877Z] [DEBUG] Clicked on element activity Tab
[2025-11-17T11:16:47.185Z] [INFO] Clicking on element Email Request Sent Link
[2025-11-17T11:16:48.831Z] [DEBUG] Clicked on element Email Request Sent Link
[2025-11-17T11:16:48.842Z] [INFO] Clicking on element Email Details Tab
[2025-11-17T11:16:51.388Z] [DEBUG] Clicked on element Email Details Tab
[2025-11-17T11:16:51.409Z] [INFO] Clicking on element Email Details Tab
[2025-11-17T11:16:52.242Z] [DEBUG] Clicked on element Email Details Tab
[2025-11-17T11:16:52.646Z] [INFO] Clicking on element Close NBIL Sub Tab
[2025-11-17T11:16:53.019Z] [DEBUG] Clicked on element Close NBIL Sub Tab
[2025-11-17T11:16:53.432Z] [INFO] Clicking on element activity Tab
[2025-11-17T11:16:53.897Z] [DEBUG] Clicked on element activity Tab
[2025-11-17T11:16:54.065Z] [INFO] Scrolling attempt 1
[2025-11-17T11:16:54.796Z] [INFO] Scrolling attempt 2
[2025-11-17T11:16:55.462Z] [INFO] Scrolling attempt 3
[2025-11-17T11:16:56.184Z] [INFO] Element became visible during scroll.
[2025-11-17T11:16:58.408Z] [INFO] Clicking on element View All Files Button
[2025-11-17T11:16:59.194Z] [DEBUG] Clicked on element View All Files Button
[2025-11-17T11:17:02.455Z] [INFO] Clicking on element Close Files Sub Tab
[2025-11-17T11:17:02.885Z] [DEBUG] Clicked on element Close Files Sub Tab
[2025-11-17T11:17:03.356Z] [INFO] Clicking on element NBIL New Button
[2025-11-17T11:17:03.948Z] [DEBUG] Clicked on element NBIL New Button
[2025-11-17T11:17:07.486Z] [INFO] Clicking on element all Carriers Value 
[2025-11-17T11:17:08.009Z] [DEBUG] Clicked on element all Carriers Value 
[2025-11-17T11:17:08.269Z] [INFO] Clicking on element nbilNextButton
[2025-11-17T11:17:08.774Z] [DEBUG] Clicked on element nbilNextButton
[2025-11-17T11:17:08.778Z] [INFO] Sending text 'nuguri.charitha@us.lockton.com.cbqa' to email Id
[2025-11-17T11:17:10.648Z] [DEBUG] Sent text 'nuguri.charitha@us.lockton.com.cbqa' to email Id
[2025-11-17T11:17:15.932Z] [INFO] Clicking on element Done Button
[2025-11-17T11:17:16.282Z] [DEBUG] Clicked on element Done Button
[2025-11-17T11:17:22.012Z] [INFO] Clicking on element Done Button
[2025-11-17T11:17:22.346Z] [DEBUG] Clicked on element Done Button
[2025-11-17T11:17:23.027Z] [INFO] Clicking on element Close NDA/NBIL Flow Button
[2025-11-17T11:17:23.377Z] [DEBUG] Clicked on element Close NDA/NBIL Flow Button
[2025-11-17T11:17:26.560Z] [INFO] Element became visible during scroll.
[2025-11-17T11:17:28.745Z] [INFO] Clicking on element View All Files Button
[2025-11-17T11:17:29.368Z] [DEBUG] Clicked on element View All Files Button
[2025-11-17T11:17:32.583Z] [INFO] Clicking on element Close Files Sub Tab
[2025-11-17T11:17:32.960Z] [DEBUG] Clicked on element Close Files Sub Tab
[2025-11-17T11:17:33.293Z] [INFO] Clicking on element NBIL New Button
[2025-11-17T11:17:33.680Z] [DEBUG] Clicked on element NBIL New Button
[2025-11-17T11:17:40.110Z] [INFO] Clicking on element all Carriers Value 
[2025-11-17T11:17:40.571Z] [DEBUG] Clicked on element all Carriers Value 
[2025-11-17T11:17:40.766Z] [INFO] Clicking on element nbilNextButton
[2025-11-17T11:17:41.185Z] [DEBUG] Clicked on element nbilNextButton
[2025-11-17T11:17:41.188Z] [INFO] Sending text 'nuguri.charitha@us.lockton.com' to email Id
[2025-11-17T11:17:42.816Z] [DEBUG] Sent text 'nuguri.charitha@us.lockton.com' to email Id
[2025-11-17T11:17:42.934Z] [INFO] Subject field is validated successfully with opportunity name.
[2025-11-17T11:17:48.320Z] [INFO] Clicking on element Done Button
[2025-11-17T11:17:48.734Z] [DEBUG] Clicked on element Done Button
[2025-11-17T11:17:54.547Z] [INFO] Clicking on element Done Button
[2025-11-17T11:17:54.943Z] [DEBUG] Clicked on element Done Button
[2025-11-17T11:18:00.732Z] [INFO] Clicking on element Done Button
[2025-11-17T11:18:01.072Z] [DEBUG] Clicked on element Done Button
[2025-11-17T11:18:01.677Z] [INFO] Clicking on element Previous Button
[2025-11-17T11:18:02.037Z] [DEBUG] Clicked on element Previous Button
[2025-11-17T11:18:04.101Z] [INFO] Clicking on element Next Button
[2025-11-17T11:18:04.408Z] [DEBUG] Clicked on element Next Button
[2025-11-17T11:18:07.767Z] [INFO] Sending text 'nuguri.charitha@us.lockton.com' to email Id
[2025-11-17T11:18:12.641Z] [DEBUG] Sent text 'nuguri.charitha@us.lockton.com' to email Id
[2025-11-17T11:18:18.104Z] [INFO] Clicking on element Done Button
[2025-11-17T11:18:18.467Z] [DEBUG] Clicked on element Done Button
[2025-11-17T11:18:24.270Z] [INFO] Clicking on element Done Button
[2025-11-17T11:18:24.521Z] [DEBUG] Clicked on element Done Button
[2025-11-17T11:18:30.266Z] [INFO] Clicking on element Done Button
[2025-11-17T11:18:30.545Z] [DEBUG] Clicked on element Done Button
[2025-11-17T11:18:36.430Z] [INFO] Clicking on element Done Button
[2025-11-17T11:18:36.675Z] [DEBUG] Clicked on element Done Button
[2025-11-17T11:18:38.878Z] [INFO] Clicking on element Close Duplicate Error Button
[2025-11-17T11:18:39.257Z] [DEBUG] Clicked on element Close Duplicate Error Button
[2025-11-17T11:18:39.398Z] [INFO] Clicking on element Delete file button
[2025-11-17T11:18:39.748Z] [DEBUG] Clicked on element Delete file button
[2025-11-17T11:18:39.788Z] [INFO] Clicking on element preview Text
[2025-11-17T11:18:40.143Z] [DEBUG] Clicked on element preview Text
[2025-11-17T11:18:41.536Z] [INFO] Sending text 'This is to inform you that the NBIL request email body has been updated with new Test Information.' to email Body Locator
[2025-11-17T11:18:41.858Z] [DEBUG] Sent text 'This is to inform you that the NBIL request email body has been updated with new Test Information.' to email Body Locator
[2025-11-17T11:18:41.874Z] [INFO] Clicking on element send Button
[2025-11-17T11:18:42.331Z] [DEBUG] Clicked on element send Button
[2025-11-17T11:18:45.809Z] [INFO] Clicking on element successWindow Close Button
[2025-11-17T11:18:46.189Z] [DEBUG] Clicked on element successWindow Close Button
[2025-11-17T11:18:48.674Z] [INFO] Clicking on element activity Tab
[2025-11-17T11:18:52.812Z] [DEBUG] Clicked on element activity Tab
[2025-11-17T11:18:53.283Z] [INFO] Clicking on element Email Request Sent Link
[2025-11-17T11:18:53.759Z] [DEBUG] Clicked on element Email Request Sent Link
[2025-11-17T11:18:53.762Z] [INFO] Clicking on element Email Details Tab
[2025-11-17T11:18:56.870Z] [DEBUG] Clicked on element Email Details Tab
[2025-11-17T11:18:56.874Z] [INFO] Clicking on element Email Details Tab
[2025-11-17T11:18:57.161Z] [DEBUG] Clicked on element Email Details Tab
[2025-11-17T11:18:58.085Z] [INFO] Clicking on element Close NBIL Sub Tab
[2025-11-17T11:18:59.096Z] [DEBUG] Clicked on element Close NBIL Sub Tab
[2025-11-17T11:18:59.474Z] [INFO] Clicking on element activity Tab
[2025-11-17T11:18:59.794Z] [DEBUG] Clicked on element activity Tab
[2025-11-17T11:18:59.983Z] [INFO] Scrolling attempt 1
[2025-11-17T11:19:00.681Z] [INFO] Scrolling attempt 2
[2025-11-17T11:19:01.349Z] [INFO] Element became visible during scroll.
[2025-11-17T11:19:03.522Z] [INFO] Clicking on element View All Files Button
[2025-11-17T11:19:04.177Z] [DEBUG] Clicked on element View All Files Button
[2025-11-17T11:19:07.383Z] [INFO] Clicking on element Close Files Sub Tab
[2025-11-17T11:19:07.659Z] [DEBUG] Clicked on element Close Files Sub Tab
[2025-11-17T11:19:08.041Z] [INFO] Clicking on element NBIL New Button
[2025-11-17T11:19:08.456Z] [DEBUG] Clicked on element NBIL New Button
[2025-11-17T11:19:10.708Z] [INFO] Clicking on element all Carriers Value 
[2025-11-17T11:19:10.941Z] [DEBUG] Clicked on element all Carriers Value 
[2025-11-17T11:19:11.226Z] [INFO] Clicking on element nbilNextButton
[2025-11-17T11:19:11.627Z] [DEBUG] Clicked on element nbilNextButton
[2025-11-17T11:19:11.631Z] [INFO] Sending text 'nuguri.charitha@us.lockton.com.cbqa' to email Id
[2025-11-17T11:19:13.938Z] [DEBUG] Sent text 'nuguri.charitha@us.lockton.com.cbqa' to email Id
[2025-11-17T11:19:19.388Z] [INFO] Clicking on element Done Button
[2025-11-17T11:19:19.544Z] [ERROR] Failed to click on element Done Button: Error: Element is not enabled and cannot be clicked
[2025-11-17T11:20:08.690Z] [INFO] Sending text 'nuguri.charitha@us.lockton.com.cbqa' to username Input Value
[2025-11-17T11:20:08.931Z] [DEBUG] Sent text 'nuguri.charitha@us.lockton.com.cbqa' to username Input Value
[2025-11-17T11:20:08.933Z] [INFO] Sending text 'Charitha@89' to password Input Value
[2025-11-17T11:20:09.024Z] [DEBUG] Sent text 'Charitha@89' to password Input Value
[2025-11-17T11:20:09.028Z] [INFO] Clicking on element login Button
[2025-11-17T11:20:10.729Z] [DEBUG] Clicked on element login Button
[2025-11-17T11:20:16.125Z] [INFO] Clicking on element setUp Icon
[2025-11-17T11:20:16.453Z] [DEBUG] Clicked on element setUp Icon
[2025-11-17T11:20:26.195Z] [INFO] Clicking on element user Search Result
[2025-11-17T11:20:30.614Z] [DEBUG] Clicked on element user Search Result
[2025-11-17T11:20:49.593Z] [INFO] Clicking on element show Navigation Menu
[2025-11-17T11:20:50.212Z] [DEBUG] Clicked on element show Navigation Menu
[2025-11-17T11:20:50.299Z] [INFO] Clicking on element accounts Menu Item
[2025-11-17T11:20:51.729Z] [DEBUG] Clicked on element accounts Menu Item
[2025-11-17T11:20:53.204Z] [INFO] Clicking on element list View Element
[2025-11-17T11:20:53.663Z] [DEBUG] Clicked on element list View Element
[2025-11-17T11:20:53.750Z] [INFO] Sending text 'All Clients' to searchBox ListViewInput
[2025-11-17T11:20:54.039Z] [DEBUG] Sent text 'All Clients' to searchBox ListViewInput
[2025-11-17T11:20:54.151Z] [INFO] Clicking on element all Clients In List View
[2025-11-17T11:20:54.777Z] [DEBUG] Clicked on element all Clients In List View
[2025-11-17T11:20:54.846Z] [INFO] Clicking on element global Search Button
[2025-11-17T11:20:55.451Z] [DEBUG] Clicked on element global Search Button
[2025-11-17T11:20:55.630Z] [INFO] Sending text '1000 Miglia SRL' to global Search Input
[2025-11-17T11:20:57.219Z] [DEBUG] Sent text '1000 Miglia SRL' to global Search Input
[2025-11-17T11:20:58.240Z] [INFO] Clicking on element global Search Result
[2025-11-17T11:20:58.718Z] [DEBUG] Clicked on element global Search Result
[2025-11-17T11:20:58.721Z] [INFO] AccountPage: Validating account record type: Client
[2025-11-17T11:21:02.541Z] [INFO] AccountPage: Account record type 'Client' is visible.
[2025-11-17T11:21:02.546Z] [INFO] Clicking on element new Opportunity Button
[2025-11-17T11:21:07.556Z] [DEBUG] Clicked on element new Opportunity Button
[2025-11-17T11:21:07.558Z] [INFO] Clicking on element intial Intake Button
[2025-11-17T11:21:09.575Z] [DEBUG] Clicked on element intial Intake Button
[2025-11-17T11:21:09.578Z] [INFO] Clicking on element opportunity Next Button
[2025-11-17T11:21:10.341Z] [DEBUG] Clicked on element opportunity Next Button
[2025-11-17T11:21:12.404Z] [INFO] Sending text 'auto sxhmy' to opportunity Name
[2025-11-17T11:21:12.996Z] [DEBUG] Sent text 'auto sxhmy' to opportunity Name
[2025-11-17T11:21:13.105Z] [INFO] Clicking on element stage DropDown
[2025-11-17T11:21:13.802Z] [DEBUG] Clicked on element stage DropDown
[2025-11-17T11:21:13.943Z] [INFO] Clicking on element stage Value
[2025-11-17T11:21:14.448Z] [DEBUG] Clicked on element stage Value
[2025-11-17T11:21:15.315Z] [INFO] Clicking on element insurance DropDown
[2025-11-17T11:21:15.909Z] [DEBUG] Clicked on element insurance DropDown
[2025-11-17T11:21:16.204Z] [INFO] Clicking on element Insurance Type Option
[2025-11-17T11:21:16.873Z] [DEBUG] Clicked on element Insurance Type Option
[2025-11-17T11:21:16.879Z] [INFO] Clicking on element insurance Sub Type Drop Down
[2025-11-17T11:21:17.588Z] [DEBUG] Clicked on element insurance Sub Type Drop Down
[2025-11-17T11:21:17.592Z] [INFO] Clicking on element insurance Type field
[2025-11-17T11:21:18.320Z] [DEBUG] Clicked on element insurance Type field
[2025-11-17T11:21:20.434Z] [INFO] Clicking on element save Button
[2025-11-17T11:21:21.256Z] [DEBUG] Clicked on element save Button
[2025-11-17T11:21:25.991Z] [INFO] Clicking on element show More Actions DropDown
[2025-11-17T11:21:26.921Z] [DEBUG] Clicked on element show More Actions DropDown
[2025-11-17T11:21:26.924Z] [INFO] Clicking on element manage Opportunity Assignment Option
[2025-11-17T11:21:27.869Z] [DEBUG] Clicked on element manage Opportunity Assignment Option
[2025-11-17T11:21:30.567Z] [INFO] Sending text '100' to Primary Producer Allocation TextBox
[2025-11-17T11:21:31.232Z] [DEBUG] Sent text '100' to Primary Producer Allocation TextBox
[2025-11-17T11:21:31.240Z] [INFO] Clicking on element SaveAndClose Button
[2025-11-17T11:21:32.117Z] [DEBUG] Clicked on element SaveAndClose Button
[2025-11-17T11:21:32.121Z] [INFO] Clicking on element edit Button
[2025-11-17T11:21:34.348Z] [DEBUG] Clicked on element edit Button
[2025-11-17T11:21:38.631Z] [INFO] Sending text '11/17/2026' to quote DueDate Field
[2025-11-17T11:21:39.963Z] [DEBUG] Sent text '11/17/2026' to quote DueDate Field
[2025-11-17T11:21:39.966Z] [INFO] Sending text '800' to enterpriseValueField
[2025-11-17T11:21:41.120Z] [DEBUG] Sent text '800' to enterpriseValueField
[2025-11-17T11:21:41.123Z] [INFO] Sending text 'A&M Home Services' to target Field
[2025-11-17T11:21:42.190Z] [DEBUG] Sent text 'A&M Home Services' to target Field
[2025-11-17T11:21:42.194Z] [INFO] Sending text 'It is for New Single-Family Housing Construction (except For-Sale Builders)' to target Description Field
[2025-11-17T11:21:43.393Z] [DEBUG] Sent text 'It is for New Single-Family Housing Construction (except For-Sale Builders)' to target Description Field
[2025-11-17T11:21:43.397Z] [INFO] Clicking on element quote DueTime DropDown
[2025-11-17T11:21:44.644Z] [DEBUG] Clicked on element quote DueTime DropDown
[2025-11-17T11:21:44.906Z] [INFO] Clicking on element quote DueTime Value
[2025-11-17T11:21:46.175Z] [DEBUG] Clicked on element quote DueTime Value
[2025-11-17T11:21:46.177Z] [INFO] Clicking on element buyers Council DropDown
[2025-11-17T11:21:48.328Z] [DEBUG] Clicked on element buyers Council DropDown
[2025-11-17T11:21:48.331Z] [INFO] Clicking on element buyers Council DropDown Value
[2025-11-17T11:21:50.380Z] [DEBUG] Clicked on element buyers Council DropDown Value
[2025-11-17T11:21:50.391Z] [INFO] Sending text '109' to limit Requested
[2025-11-17T11:21:52.075Z] [DEBUG] Sent text '109' to limit Requested
[2025-11-17T11:21:52.078Z] [INFO] Clicking on element save Button
[2025-11-17T11:21:53.969Z] [DEBUG] Clicked on element save Button
[2025-11-17T11:21:53.986Z] [INFO] Clicking on element edit Button
[2025-11-17T11:21:57.341Z] [DEBUG] Clicked on element edit Button
[2025-11-17T11:21:58.786Z] [INFO] Sending text '40' to rollover Percentage
[2025-11-17T11:22:01.055Z] [DEBUG] Sent text '40' to rollover Percentage
[2025-11-17T11:22:01.062Z] [INFO] Sending text 'Test Purchase Agreement' to purchase Agreement
[2025-11-17T11:22:03.029Z] [DEBUG] Sent text 'Test Purchase Agreement' to purchase Agreement
[2025-11-17T11:22:03.032Z] [INFO] Clicking on element sellers Council DropDown
[2025-11-17T11:22:04.874Z] [DEBUG] Clicked on element sellers Council DropDown
[2025-11-17T11:22:04.878Z] [INFO] Clicking on element sellers Council Value
[2025-11-17T11:22:06.127Z] [DEBUG] Clicked on element sellers Council Value
[2025-11-17T11:22:06.130Z] [INFO] Sending text '500' to limit Requested2
[2025-11-17T11:22:07.341Z] [DEBUG] Sent text '500' to limit Requested2
[2025-11-17T11:22:07.347Z] [INFO] Clicking on element limit Comments
[2025-11-17T11:22:08.544Z] [DEBUG] Clicked on element limit Comments
[2025-11-17T11:22:08.556Z] [INFO] Sending text 'Test limit Comments' to limit Comments
[2025-11-17T11:22:09.940Z] [DEBUG] Sent text 'Test limit Comments' to limit Comments
[2025-11-17T11:22:09.943Z] [INFO] Clicking on element other Requested Terms
[2025-11-17T11:22:11.577Z] [DEBUG] Clicked on element other Requested Terms
[2025-11-17T11:22:11.580Z] [INFO] Sending text 'Test other requested terms' to other Requested Terms
[2025-11-17T11:22:12.800Z] [DEBUG] Sent text 'Test other requested terms' to other Requested Terms
[2025-11-17T11:22:12.803Z] [INFO] Clicking on element draft Purchase Agreement CheckBox
[2025-11-17T11:22:14.209Z] [DEBUG] Clicked on element draft Purchase Agreement CheckBox
[2025-11-17T11:22:14.211Z] [INFO] Clicking on element type Of Financials DropDown
[2025-11-17T11:22:15.505Z] [DEBUG] Clicked on element type Of Financials DropDown
[2025-11-17T11:22:15.508Z] [INFO] Clicking on element type Of Financials Value
[2025-11-17T11:22:16.749Z] [DEBUG] Clicked on element type Of Financials Value
[2025-11-17T11:22:16.751Z] [INFO] Clicking on element deal Book CheckBox
[2025-11-17T11:22:18.066Z] [DEBUG] Clicked on element deal Book CheckBox
[2025-11-17T11:22:18.069Z] [INFO] Clicking on element legal DropDown
[2025-11-17T11:22:19.931Z] [DEBUG] Clicked on element legal DropDown
[2025-11-17T11:22:19.935Z] [INFO] Clicking on element legal Value
[2025-11-17T11:22:21.627Z] [DEBUG] Clicked on element legal Value
[2025-11-17T11:22:21.630Z] [INFO] Clicking on element financial DropDown
[2025-11-17T11:22:23.305Z] [DEBUG] Clicked on element financial DropDown
[2025-11-17T11:22:23.633Z] [INFO] Clicking on element financial Value
[2025-11-17T11:22:25.327Z] [DEBUG] Clicked on element financial Value
[2025-11-17T11:22:25.330Z] [INFO] Clicking on element tax DropDown
[2025-11-17T11:22:27.116Z] [DEBUG] Clicked on element tax DropDown
[2025-11-17T11:22:27.124Z] [INFO] Clicking on element tax Value
[2025-11-17T11:22:28.889Z] [DEBUG] Clicked on element tax Value
[2025-11-17T11:22:28.892Z] [INFO] Clicking on element save Button
[2025-11-17T11:22:29.784Z] [DEBUG] Clicked on element save Button
[2025-11-17T11:22:29.939Z] [INFO] Clicking on element global Search Button
[2025-11-17T11:22:33.133Z] [DEBUG] Clicked on element global Search Button
[2025-11-17T11:22:33.213Z] [INFO] Sending text 'CFC Underwriting Limited' to global Search Input
[2025-11-17T11:22:33.535Z] [DEBUG] Sent text 'CFC Underwriting Limited' to global Search Input
[2025-11-17T11:22:34.545Z] [INFO] Clicking on element global Search Result
[2025-11-17T11:22:34.917Z] [DEBUG] Clicked on element global Search Result
[2025-11-17T11:22:38.221Z] [INFO] Clicking on element taxCarriers Header
[2025-11-17T11:22:39.042Z] [DEBUG] Clicked on element taxCarriers Header
[2025-11-17T11:22:39.294Z] [INFO] Clicking on element market Email Edit Icon
[2025-11-17T11:22:40.119Z] [DEBUG] Clicked on element market Email Edit Icon
[2025-11-17T11:22:40.123Z] [INFO] Sending text 'taxCarrieremail@test.com' to market Email Input Field
[2025-11-17T11:22:40.629Z] [DEBUG] Sent text 'taxCarrieremail@test.com' to market Email Input Field
[2025-11-17T11:22:40.631Z] [INFO] Clicking on element Save Market Email
[2025-11-17T11:22:41.108Z] [DEBUG] Clicked on element Save Market Email
[2025-11-17T11:22:43.189Z] [INFO] Clicking on element Close Last Account Tab
[2025-11-17T11:22:43.862Z] [DEBUG] Clicked on element Close Last Account Tab
[2025-11-17T11:22:43.865Z] [INFO] Clicking on element opportunity Tab
[2025-11-17T11:22:44.659Z] [DEBUG] Clicked on element opportunity Tab
[2025-11-17T11:22:44.828Z] [INFO] Clicking on element NBIL New Button
[2025-11-17T11:22:45.410Z] [DEBUG] Clicked on element NBIL New Button
[2025-11-17T11:22:49.330Z] [INFO] Clicking on element all Carriers Value 
[2025-11-17T11:22:49.880Z] [DEBUG] Clicked on element all Carriers Value 
[2025-11-17T11:22:50.151Z] [INFO] Clicking on element nbilNextButton
[2025-11-17T11:22:50.471Z] [DEBUG] Clicked on element nbilNextButton
[2025-11-17T11:22:50.475Z] [INFO] Sending text 'nuguri.charitha@us.lockton.com' to email Id
[2025-11-17T11:22:52.368Z] [DEBUG] Sent text 'nuguri.charitha@us.lockton.com' to email Id
[2025-11-17T11:22:52.509Z] [INFO] Subject field is validated successfully with opportunity name.
[2025-11-17T11:22:57.821Z] [INFO] Clicking on element Done Button
[2025-11-17T11:22:58.381Z] [DEBUG] Clicked on element Done Button
[2025-11-17T11:23:04.398Z] [INFO] Clicking on element Done Button
[2025-11-17T11:23:04.927Z] [DEBUG] Clicked on element Done Button
[2025-11-17T11:23:10.905Z] [INFO] Clicking on element Done Button
[2025-11-17T11:23:11.330Z] [DEBUG] Clicked on element Done Button
[2025-11-17T11:23:11.989Z] [INFO] Clicking on element Previous Button
[2025-11-17T11:23:12.313Z] [DEBUG] Clicked on element Previous Button
[2025-11-17T11:23:14.371Z] [INFO] Clicking on element Next Button
[2025-11-17T11:23:14.697Z] [DEBUG] Clicked on element Next Button
[2025-11-17T11:23:17.922Z] [INFO] Sending text 'nuguri.charitha@us.lockton.com' to email Id
[2025-11-17T11:23:18.179Z] [DEBUG] Sent text 'nuguri.charitha@us.lockton.com' to email Id
[2025-11-17T11:23:23.520Z] [INFO] Clicking on element Done Button
[2025-11-17T11:23:23.876Z] [DEBUG] Clicked on element Done Button
[2025-11-17T11:23:29.897Z] [INFO] Clicking on element Done Button
[2025-11-17T11:23:30.282Z] [DEBUG] Clicked on element Done Button
[2025-11-17T11:23:36.228Z] [INFO] Clicking on element Done Button
[2025-11-17T11:23:36.576Z] [DEBUG] Clicked on element Done Button
[2025-11-17T11:23:42.539Z] [INFO] Clicking on element Done Button
[2025-11-17T11:23:43.045Z] [DEBUG] Clicked on element Done Button
[2025-11-17T11:23:45.688Z] [INFO] Clicking on element Close Duplicate Error Button
[2025-11-17T11:23:46.621Z] [DEBUG] Clicked on element Close Duplicate Error Button
[2025-11-17T11:23:46.872Z] [INFO] Clicking on element Delete file button
[2025-11-17T11:23:47.726Z] [DEBUG] Clicked on element Delete file button
[2025-11-17T11:23:47.871Z] [INFO] Clicking on element preview Text
[2025-11-17T11:23:48.953Z] [DEBUG] Clicked on element preview Text
[2025-11-17T11:23:55.840Z] [INFO] Sending text 'This is to inform you that the NBIL request email body has been updated with new Test Information.' to email Body Locator
[2025-11-17T11:23:56.809Z] [DEBUG] Sent text 'This is to inform you that the NBIL request email body has been updated with new Test Information.' to email Body Locator
[2025-11-17T11:23:56.825Z] [INFO] Clicking on element send Button
[2025-11-17T11:23:58.042Z] [DEBUG] Clicked on element send Button
[2025-11-17T11:24:02.875Z] [INFO] Clicking on element successWindow Close Button
[2025-11-17T11:24:04.327Z] [DEBUG] Clicked on element successWindow Close Button
[2025-11-17T11:24:09.102Z] [INFO] Clicking on element activity Tab
[2025-11-17T11:24:19.200Z] [DEBUG] Clicked on element activity Tab
[2025-11-17T11:24:19.707Z] [INFO] Clicking on element Email Request Sent Link
[2025-11-17T11:24:20.480Z] [DEBUG] Clicked on element Email Request Sent Link
[2025-11-17T11:24:20.490Z] [INFO] Clicking on element Email Details Tab
[2025-11-17T11:24:24.038Z] [DEBUG] Clicked on element Email Details Tab
[2025-11-17T11:24:24.041Z] [INFO] Clicking on element Email Details Tab
[2025-11-17T11:24:24.612Z] [DEBUG] Clicked on element Email Details Tab
[2025-11-17T11:24:25.183Z] [INFO] Clicking on element Close NBIL Sub Tab
[2025-11-17T11:24:25.641Z] [DEBUG] Clicked on element Close NBIL Sub Tab
[2025-11-17T11:24:26.098Z] [INFO] Clicking on element activity Tab
[2025-11-17T11:24:26.456Z] [DEBUG] Clicked on element activity Tab
[2025-11-17T11:24:26.625Z] [INFO] Scrolling attempt 1
[2025-11-17T11:24:27.356Z] [INFO] Scrolling attempt 2
[2025-11-17T11:24:28.139Z] [INFO] Scrolling attempt 3
[2025-11-17T11:24:28.887Z] [INFO] Element became visible during scroll.
[2025-11-17T11:24:31.180Z] [INFO] Clicking on element View All Files Button
[2025-11-17T11:24:32.038Z] [DEBUG] Clicked on element View All Files Button
[2025-11-17T11:24:35.403Z] [INFO] Clicking on element Close Files Sub Tab
[2025-11-17T11:24:35.640Z] [DEBUG] Clicked on element Close Files Sub Tab
[2025-11-17T11:24:36.056Z] [INFO] Clicking on element NBIL New Button
[2025-11-17T11:24:36.540Z] [DEBUG] Clicked on element NBIL New Button
[2025-11-17T11:24:40.338Z] [INFO] Clicking on element all Carriers Value 
[2025-11-17T11:24:40.832Z] [DEBUG] Clicked on element all Carriers Value 
[2025-11-17T11:24:41.142Z] [INFO] Clicking on element nbilNextButton
[2025-11-17T11:24:41.537Z] [DEBUG] Clicked on element nbilNextButton
[2025-11-17T11:24:41.540Z] [INFO] Sending text 'nuguri.charitha@us.lockton.com.cbqa' to email Id
[2025-11-17T11:24:43.534Z] [DEBUG] Sent text 'nuguri.charitha@us.lockton.com.cbqa' to email Id
[2025-11-17T11:24:48.853Z] [INFO] Clicking on element Done Button
[2025-11-17T11:24:49.474Z] [DEBUG] Clicked on element Done Button
[2025-11-17T11:24:55.490Z] [INFO] Clicking on element Done Button
[2025-11-17T11:24:55.881Z] [DEBUG] Clicked on element Done Button
[2025-11-17T11:24:56.675Z] [INFO] Clicking on element Close NDA/NBIL Flow Button
[2025-11-17T11:24:57.132Z] [DEBUG] Clicked on element Close NDA/NBIL Flow Button
[2025-11-17T11:25:00.372Z] [INFO] Element became visible during scroll.
[2025-11-17T11:25:02.821Z] [INFO] Clicking on element View All Files Button
[2025-11-17T11:25:03.638Z] [DEBUG] Clicked on element View All Files Button
[2025-11-17T11:25:06.915Z] [INFO] Clicking on element Close Files Sub Tab
[2025-11-17T11:25:07.264Z] [DEBUG] Clicked on element Close Files Sub Tab
[2025-11-17T11:25:07.610Z] [INFO] Clicking on element NBIL New Button
[2025-11-17T11:25:08.077Z] [DEBUG] Clicked on element NBIL New Button
[2025-11-17T11:25:10.387Z] [INFO] Clicking on element all Carriers Value 
[2025-11-17T11:25:10.859Z] [DEBUG] Clicked on element all Carriers Value 
[2025-11-17T11:25:11.122Z] [INFO] Clicking on element nbilNextButton
[2025-11-17T11:25:11.583Z] [DEBUG] Clicked on element nbilNextButton
[2025-11-17T11:25:11.587Z] [INFO] Sending text 'nuguri.charitha@us.lockton.com' to email Id
[2025-11-17T11:25:13.316Z] [DEBUG] Sent text 'nuguri.charitha@us.lockton.com' to email Id
[2025-11-17T11:25:13.451Z] [INFO] Subject field is validated successfully with opportunity name.
[2025-11-17T11:25:18.927Z] [INFO] Clicking on element Done Button
[2025-11-17T11:25:19.437Z] [DEBUG] Clicked on element Done Button
[2025-11-17T11:25:25.540Z] [INFO] Clicking on element Done Button
[2025-11-17T11:25:25.883Z] [DEBUG] Clicked on element Done Button
[2025-11-17T11:25:31.990Z] [INFO] Clicking on element Done Button
[2025-11-17T11:25:32.590Z] [DEBUG] Clicked on element Done Button
[2025-11-17T11:25:33.440Z] [INFO] Clicking on element Previous Button
[2025-11-17T11:25:34.008Z] [DEBUG] Clicked on element Previous Button
[2025-11-17T11:25:36.073Z] [INFO] Clicking on element Next Button
[2025-11-17T11:25:36.492Z] [DEBUG] Clicked on element Next Button
[2025-11-17T11:25:39.844Z] [INFO] Sending text 'nuguri.charitha@us.lockton.com' to email Id
[2025-11-17T11:25:40.273Z] [DEBUG] Sent text 'nuguri.charitha@us.lockton.com' to email Id
[2025-11-17T11:25:45.819Z] [INFO] Clicking on element Done Button
[2025-11-17T11:25:46.331Z] [DEBUG] Clicked on element Done Button
[2025-11-17T11:25:52.273Z] [INFO] Clicking on element Done Button
[2025-11-17T11:25:53.047Z] [DEBUG] Clicked on element Done Button
[2025-11-17T11:25:59.348Z] [INFO] Clicking on element Done Button
[2025-11-17T11:25:59.909Z] [DEBUG] Clicked on element Done Button
[2025-11-17T11:26:06.068Z] [INFO] Clicking on element Done Button
[2025-11-17T11:26:06.568Z] [DEBUG] Clicked on element Done Button
[2025-11-17T11:26:08.939Z] [INFO] Clicking on element Close Duplicate Error Button
[2025-11-17T11:26:09.340Z] [DEBUG] Clicked on element Close Duplicate Error Button
[2025-11-17T11:26:09.463Z] [INFO] Clicking on element Delete file button
[2025-11-17T11:26:09.941Z] [DEBUG] Clicked on element Delete file button
[2025-11-17T11:26:09.996Z] [INFO] Clicking on element preview Text
[2025-11-17T11:26:10.459Z] [DEBUG] Clicked on element preview Text
[2025-11-17T11:26:12.617Z] [INFO] Sending text 'This is to inform you that the NBIL request email body has been updated with new Test Information.' to email Body Locator
[2025-11-17T11:26:13.056Z] [DEBUG] Sent text 'This is to inform you that the NBIL request email body has been updated with new Test Information.' to email Body Locator
[2025-11-17T11:26:13.065Z] [INFO] Clicking on element send Button
[2025-11-17T11:26:13.598Z] [DEBUG] Clicked on element send Button
[2025-11-17T11:26:18.149Z] [INFO] Clicking on element successWindow Close Button
[2025-11-17T11:26:18.674Z] [DEBUG] Clicked on element successWindow Close Button
[2025-11-17T11:26:21.773Z] [INFO] Clicking on element activity Tab
[2025-11-17T11:26:27.592Z] [DEBUG] Clicked on element activity Tab
[2025-11-17T11:26:28.129Z] [INFO] Clicking on element Email Request Sent Link
[2025-11-17T11:26:30.011Z] [DEBUG] Clicked on element Email Request Sent Link
[2025-11-17T11:26:30.014Z] [INFO] Clicking on element Email Details Tab
[2025-11-17T11:26:32.537Z] [DEBUG] Clicked on element Email Details Tab
[2025-11-17T11:26:32.541Z] [INFO] Clicking on element Email Details Tab
[2025-11-17T11:26:33.845Z] [DEBUG] Clicked on element Email Details Tab
[2025-11-17T11:26:34.281Z] [INFO] Clicking on element Close NBIL Sub Tab
[2025-11-17T11:26:34.632Z] [DEBUG] Clicked on element Close NBIL Sub Tab
[2025-11-17T11:26:35.073Z] [INFO] Clicking on element activity Tab
[2025-11-17T11:26:35.722Z] [DEBUG] Clicked on element activity Tab
[2025-11-17T11:26:35.862Z] [INFO] Scrolling attempt 1
[2025-11-17T11:26:36.637Z] [INFO] Scrolling attempt 2
[2025-11-17T11:26:37.533Z] [INFO] Element became visible during scroll.
[2025-11-17T11:26:39.824Z] [INFO] Clicking on element View All Files Button
[2025-11-17T11:26:40.556Z] [DEBUG] Clicked on element View All Files Button
[2025-11-17T11:26:43.870Z] [INFO] Clicking on element Close Files Sub Tab
[2025-11-17T11:26:44.122Z] [DEBUG] Clicked on element Close Files Sub Tab
[2025-11-17T11:26:44.518Z] [INFO] Clicking on element NBIL New Button
[2025-11-17T11:26:45.239Z] [DEBUG] Clicked on element NBIL New Button
[2025-11-17T11:26:47.478Z] [INFO] Clicking on element all Carriers Value 
[2025-11-17T11:26:47.922Z] [DEBUG] Clicked on element all Carriers Value 
[2025-11-17T11:26:48.114Z] [INFO] Clicking on element nbilNextButton
[2025-11-17T11:26:48.465Z] [DEBUG] Clicked on element nbilNextButton
[2025-11-17T11:26:48.467Z] [INFO] Sending text 'nuguri.charitha@us.lockton.com.cbqa' to email Id
[2025-11-17T11:26:50.164Z] [DEBUG] Sent text 'nuguri.charitha@us.lockton.com.cbqa' to email Id
[2025-11-17T11:26:55.573Z] [INFO] Clicking on element Done Button
[2025-11-17T11:26:55.961Z] [DEBUG] Clicked on element Done Button
[2025-11-17T11:27:01.901Z] [INFO] Clicking on element Done Button
[2025-11-17T11:27:02.287Z] [DEBUG] Clicked on element Done Button
[2025-11-17T11:27:03.074Z] [INFO] Clicking on element Close NDA/NBIL Flow Button
[2025-11-17T11:27:03.501Z] [DEBUG] Clicked on element Close NDA/NBIL Flow Button
[2025-11-17T11:27:06.715Z] [INFO] Element became visible during scroll.
[2025-11-17T11:27:09.010Z] [INFO] Clicking on element View All Files Button
[2025-11-17T11:27:09.656Z] [DEBUG] Clicked on element View All Files Button
[2025-11-17T11:27:13.073Z] [INFO] Clicking on element Close Files Sub Tab
[2025-11-17T11:27:13.655Z] [DEBUG] Clicked on element Close Files Sub Tab
[2025-11-17T11:27:14.267Z] [INFO] Clicking on element NBIL New Button
[2025-11-17T11:27:15.121Z] [DEBUG] Clicked on element NBIL New Button
[2025-11-17T11:27:17.408Z] [INFO] Clicking on element all Carriers Value 
[2025-11-17T11:27:17.739Z] [DEBUG] Clicked on element all Carriers Value 
[2025-11-17T11:27:18.019Z] [INFO] Clicking on element nbilNextButton
[2025-11-17T11:27:18.591Z] [DEBUG] Clicked on element nbilNextButton
[2025-11-17T11:27:18.596Z] [INFO] Sending text 'nuguri.charitha@us.lockton.com' to email Id
[2025-11-17T11:27:20.509Z] [DEBUG] Sent text 'nuguri.charitha@us.lockton.com' to email Id
[2025-11-17T11:27:20.700Z] [INFO] Subject field is validated successfully with opportunity name.
[2025-11-17T11:27:26.215Z] [INFO] Clicking on element Done Button
[2025-11-17T11:27:26.598Z] [DEBUG] Clicked on element Done Button
[2025-11-17T11:27:32.490Z] [INFO] Clicking on element Done Button
[2025-11-17T11:27:32.840Z] [DEBUG] Clicked on element Done Button
[2025-11-17T11:27:38.423Z] [INFO] Clicking on element Done Button
[2025-11-17T11:27:38.899Z] [DEBUG] Clicked on element Done Button
[2025-11-17T11:27:39.591Z] [INFO] Clicking on element Previous Button
[2025-11-17T11:27:39.968Z] [DEBUG] Clicked on element Previous Button
[2025-11-17T11:27:42.020Z] [INFO] Clicking on element Next Button
[2025-11-17T11:27:42.265Z] [DEBUG] Clicked on element Next Button
[2025-11-17T11:27:45.545Z] [INFO] Sending text 'nuguri.charitha@us.lockton.com' to email Id
[2025-11-17T11:27:45.841Z] [DEBUG] Sent text 'nuguri.charitha@us.lockton.com' to email Id
[2025-11-17T11:27:51.224Z] [INFO] Clicking on element Done Button
[2025-11-17T11:27:51.617Z] [DEBUG] Clicked on element Done Button
[2025-11-17T11:27:57.804Z] [INFO] Clicking on element Done Button
[2025-11-17T11:27:58.194Z] [DEBUG] Clicked on element Done Button
[2025-11-17T11:28:04.234Z] [INFO] Clicking on element Done Button
[2025-11-17T11:28:04.677Z] [DEBUG] Clicked on element Done Button
[2025-11-17T11:28:10.760Z] [INFO] Clicking on element Done Button
[2025-11-17T11:28:11.454Z] [DEBUG] Clicked on element Done Button
[2025-11-17T11:28:13.703Z] [INFO] Clicking on element Close Duplicate Error Button
[2025-11-17T11:28:14.192Z] [DEBUG] Clicked on element Close Duplicate Error Button
[2025-11-17T11:28:14.306Z] [INFO] Clicking on element Delete file button
[2025-11-17T11:28:14.678Z] [DEBUG] Clicked on element Delete file button
[2025-11-17T11:28:14.727Z] [INFO] Clicking on element preview Text
[2025-11-17T11:28:15.103Z] [DEBUG] Clicked on element preview Text
[2025-11-17T11:28:17.125Z] [INFO] Sending text 'This is to inform you that the NBIL request email body has been updated with new Test Information.' to email Body Locator
[2025-11-17T11:28:17.401Z] [DEBUG] Sent text 'This is to inform you that the NBIL request email body has been updated with new Test Information.' to email Body Locator
[2025-11-17T11:28:17.403Z] [INFO] Clicking on element send Button
[2025-11-17T11:28:17.801Z] [DEBUG] Clicked on element send Button
[2025-11-17T11:28:21.298Z] [INFO] Clicking on element successWindow Close Button
[2025-11-17T11:28:21.783Z] [DEBUG] Clicked on element successWindow Close Button
[2025-11-17T11:28:24.538Z] [INFO] Clicking on element activity Tab
[2025-11-17T11:28:29.726Z] [DEBUG] Clicked on element activity Tab
[2025-11-17T11:28:30.299Z] [INFO] Clicking on element Email Request Sent Link
[2025-11-17T11:28:31.869Z] [DEBUG] Clicked on element Email Request Sent Link
[2025-11-17T11:28:31.873Z] [INFO] Clicking on element Email Details Tab
[2025-11-17T11:28:34.235Z] [DEBUG] Clicked on element Email Details Tab
[2025-11-17T11:28:34.238Z] [INFO] Clicking on element Email Details Tab
[2025-11-17T11:28:34.610Z] [DEBUG] Clicked on element Email Details Tab
[2025-11-17T11:28:35.416Z] [INFO] Clicking on element Close NBIL Sub Tab
[2025-11-17T11:28:35.746Z] [DEBUG] Clicked on element Close NBIL Sub Tab
[2025-11-17T11:28:36.226Z] [INFO] Clicking on element activity Tab
[2025-11-17T11:28:36.557Z] [DEBUG] Clicked on element activity Tab
[2025-11-17T11:28:36.794Z] [INFO] Scrolling attempt 1
[2025-11-17T11:28:37.434Z] [INFO] Scrolling attempt 2
[2025-11-17T11:28:38.255Z] [INFO] Scrolling attempt 3
[2025-11-17T11:28:38.963Z] [INFO] Element became visible during scroll.
[2025-11-17T11:28:41.251Z] [INFO] Clicking on element View All Files Button
[2025-11-17T11:28:41.969Z] [DEBUG] Clicked on element View All Files Button
[2025-11-17T11:28:45.233Z] [INFO] Clicking on element Close Files Sub Tab
[2025-11-17T11:28:45.479Z] [DEBUG] Clicked on element Close Files Sub Tab
[2025-11-17T11:28:45.828Z] [INFO] Clicking on element NBIL New Button
[2025-11-17T11:28:46.245Z] [DEBUG] Clicked on element NBIL New Button
[2025-11-17T11:28:50.035Z] [INFO] Clicking on element all Carriers Value 
[2025-11-17T11:28:50.433Z] [DEBUG] Clicked on element all Carriers Value 
[2025-11-17T11:28:50.634Z] [INFO] Clicking on element nbilNextButton
[2025-11-17T11:28:51.026Z] [DEBUG] Clicked on element nbilNextButton
[2025-11-17T11:28:51.028Z] [INFO] Sending text 'nuguri.charitha@us.lockton.com.cbqa' to email Id
[2025-11-17T11:28:52.856Z] [DEBUG] Sent text 'nuguri.charitha@us.lockton.com.cbqa' to email Id
[2025-11-17T11:28:58.131Z] [INFO] Clicking on element Done Button
[2025-11-17T11:28:58.545Z] [DEBUG] Clicked on element Done Button
[2025-11-17T11:29:04.524Z] [INFO] Clicking on element Done Button
[2025-11-17T11:29:04.858Z] [DEBUG] Clicked on element Done Button
[2025-11-17T11:29:05.620Z] [INFO] Clicking on element Close NDA/NBIL Flow Button
[2025-11-17T11:29:06.012Z] [DEBUG] Clicked on element Close NDA/NBIL Flow Button
[2025-11-17T11:29:09.293Z] [INFO] Element became visible during scroll.
[2025-11-17T11:29:11.453Z] [INFO] Clicking on element View All Files Button
[2025-11-17T11:29:11.967Z] [DEBUG] Clicked on element View All Files Button
[2025-11-17T11:29:51.522Z] [INFO] Sending text 'nuguri.charitha@us.lockton.com.cbqa' to username Input Value
[2025-11-17T11:29:51.915Z] [DEBUG] Sent text 'nuguri.charitha@us.lockton.com.cbqa' to username Input Value
[2025-11-17T11:29:51.917Z] [INFO] Sending text 'Charitha@89' to password Input Value
[2025-11-17T11:29:52.046Z] [DEBUG] Sent text 'Charitha@89' to password Input Value
[2025-11-17T11:29:52.050Z] [INFO] Clicking on element login Button
[2025-11-17T11:29:54.041Z] [DEBUG] Clicked on element login Button
[2025-11-17T11:29:59.315Z] [INFO] Clicking on element setUp Icon
[2025-11-17T11:29:59.447Z] [DEBUG] Clicked on element setUp Icon
[2025-11-17T11:30:06.774Z] [INFO] Clicking on element user Search Result
[2025-11-17T11:30:07.202Z] [DEBUG] Clicked on element user Search Result
[2025-11-17T11:30:23.994Z] [INFO] Clicking on element show Navigation Menu
[2025-11-17T11:30:24.302Z] [DEBUG] Clicked on element show Navigation Menu
[2025-11-17T11:30:24.337Z] [INFO] Clicking on element accounts Menu Item
[2025-11-17T11:30:24.608Z] [DEBUG] Clicked on element accounts Menu Item
[2025-11-17T11:30:25.994Z] [INFO] Clicking on element list View Element
[2025-11-17T11:30:26.257Z] [DEBUG] Clicked on element list View Element
[2025-11-17T11:30:26.291Z] [INFO] Sending text 'All Clients' to searchBox ListViewInput
[2025-11-17T11:30:26.434Z] [DEBUG] Sent text 'All Clients' to searchBox ListViewInput
[2025-11-17T11:30:26.480Z] [INFO] Clicking on element all Clients In List View
[2025-11-17T11:30:26.720Z] [DEBUG] Clicked on element all Clients In List View
[2025-11-17T11:30:26.759Z] [INFO] Clicking on element global Search Button
[2025-11-17T11:30:27.078Z] [DEBUG] Clicked on element global Search Button
[2025-11-17T11:30:27.137Z] [INFO] Sending text '1000 Miglia SRL' to global Search Input
[2025-11-17T11:30:27.835Z] [DEBUG] Sent text '1000 Miglia SRL' to global Search Input
[2025-11-17T11:30:28.774Z] [INFO] Clicking on element global Search Result
[2025-11-17T11:30:29.058Z] [DEBUG] Clicked on element global Search Result
[2025-11-17T11:30:29.060Z] [INFO] AccountPage: Validating account record type: Client
[2025-11-17T11:30:33.045Z] [INFO] AccountPage: Account record type 'Client' is visible.
[2025-11-17T11:30:33.048Z] [INFO] Clicking on element new Opportunity Button
[2025-11-17T11:30:36.955Z] [DEBUG] Clicked on element new Opportunity Button
[2025-11-17T11:30:36.957Z] [INFO] Clicking on element intial Intake Button
[2025-11-17T11:30:38.575Z] [DEBUG] Clicked on element intial Intake Button
[2025-11-17T11:30:38.578Z] [INFO] Clicking on element opportunity Next Button
[2025-11-17T11:30:39.013Z] [DEBUG] Clicked on element opportunity Next Button
[2025-11-17T11:30:40.555Z] [INFO] Sending text 'auto cnnri' to opportunity Name
[2025-11-17T11:30:40.830Z] [DEBUG] Sent text 'auto cnnri' to opportunity Name
[2025-11-17T11:30:40.894Z] [INFO] Clicking on element stage DropDown
[2025-11-17T11:30:41.189Z] [DEBUG] Clicked on element stage DropDown
[2025-11-17T11:30:41.241Z] [INFO] Clicking on element stage Value
[2025-11-17T11:30:41.522Z] [DEBUG] Clicked on element stage Value
[2025-11-17T11:30:42.024Z] [INFO] Clicking on element insurance DropDown
[2025-11-17T11:30:42.345Z] [DEBUG] Clicked on element insurance DropDown
[2025-11-17T11:30:42.459Z] [INFO] Clicking on element Insurance Type Option
[2025-11-17T11:30:42.773Z] [DEBUG] Clicked on element Insurance Type Option
[2025-11-17T11:30:42.777Z] [INFO] Clicking on element insurance Sub Type Drop Down
[2025-11-17T11:30:43.096Z] [DEBUG] Clicked on element insurance Sub Type Drop Down
[2025-11-17T11:30:43.100Z] [INFO] Clicking on element insurance Type field
[2025-11-17T11:30:43.433Z] [DEBUG] Clicked on element insurance Type field
[2025-11-17T11:30:45.508Z] [INFO] Clicking on element save Button
[2025-11-17T11:30:45.831Z] [DEBUG] Clicked on element save Button
[2025-11-17T11:30:49.966Z] [INFO] Clicking on element show More Actions DropDown
[2025-11-17T11:30:50.412Z] [DEBUG] Clicked on element show More Actions DropDown
[2025-11-17T11:30:50.414Z] [INFO] Clicking on element manage Opportunity Assignment Option
[2025-11-17T11:30:50.830Z] [DEBUG] Clicked on element manage Opportunity Assignment Option
[2025-11-17T11:30:52.965Z] [INFO] Sending text '100' to Primary Producer Allocation TextBox
[2025-11-17T11:30:53.315Z] [DEBUG] Sent text '100' to Primary Producer Allocation TextBox
[2025-11-17T11:30:53.317Z] [INFO] Clicking on element SaveAndClose Button
[2025-11-17T11:30:53.683Z] [DEBUG] Clicked on element SaveAndClose Button
[2025-11-17T11:30:53.686Z] [INFO] Clicking on element edit Button
[2025-11-17T11:30:55.877Z] [DEBUG] Clicked on element edit Button
[2025-11-17T11:30:58.566Z] [INFO] Sending text '11/17/2026' to quote DueDate Field
[2025-11-17T11:30:59.444Z] [DEBUG] Sent text '11/17/2026' to quote DueDate Field
[2025-11-17T11:30:59.446Z] [INFO] Sending text '700' to enterpriseValueField
[2025-11-17T11:31:00.250Z] [DEBUG] Sent text '700' to enterpriseValueField
[2025-11-17T11:31:00.256Z] [INFO] Sending text 'AAK Foodservice' to target Field
[2025-11-17T11:31:00.733Z] [DEBUG] Sent text 'AAK Foodservice' to target Field
[2025-11-17T11:31:00.738Z] [INFO] Sending text 'Target provides Fats and Oils Refining and Blending' to target Description Field
[2025-11-17T11:31:01.289Z] [DEBUG] Sent text 'Target provides Fats and Oils Refining and Blending' to target Description Field
[2025-11-17T11:31:01.293Z] [INFO] Clicking on element quote DueTime DropDown
[2025-11-17T11:31:01.833Z] [DEBUG] Clicked on element quote DueTime DropDown
[2025-11-17T11:31:01.933Z] [INFO] Clicking on element quote DueTime Value
[2025-11-17T11:31:02.376Z] [DEBUG] Clicked on element quote DueTime Value
[2025-11-17T11:31:02.379Z] [INFO] Clicking on element buyers Council DropDown
[2025-11-17T11:31:02.994Z] [DEBUG] Clicked on element buyers Council DropDown
[2025-11-17T11:31:02.999Z] [INFO] Clicking on element buyers Council DropDown Value
[2025-11-17T11:31:03.617Z] [DEBUG] Clicked on element buyers Council DropDown Value
[2025-11-17T11:31:03.619Z] [INFO] Sending text '110' to limit Requested
[2025-11-17T11:31:04.121Z] [DEBUG] Sent text '110' to limit Requested
[2025-11-17T11:31:04.126Z] [INFO] Clicking on element save Button
[2025-11-17T11:31:04.718Z] [DEBUG] Clicked on element save Button
[2025-11-17T11:31:04.724Z] [INFO] Clicking on element edit Button
[2025-11-17T11:31:07.316Z] [DEBUG] Clicked on element edit Button
[2025-11-17T11:31:08.779Z] [INFO] Sending text '15' to rollover Percentage
[2025-11-17T11:31:09.603Z] [DEBUG] Sent text '15' to rollover Percentage
[2025-11-17T11:31:09.605Z] [INFO] Sending text 'Test Purchase Agreement' to purchase Agreement
[2025-11-17T11:31:10.341Z] [DEBUG] Sent text 'Test Purchase Agreement' to purchase Agreement
[2025-11-17T11:31:10.343Z] [INFO] Clicking on element sellers Council DropDown
[2025-11-17T11:31:11.089Z] [DEBUG] Clicked on element sellers Council DropDown
[2025-11-17T11:31:11.092Z] [INFO] Clicking on element sellers Council Value
[2025-11-17T11:31:11.914Z] [DEBUG] Clicked on element sellers Council Value
[2025-11-17T11:31:11.919Z] [INFO] Sending text '600' to limit Requested2
[2025-11-17T11:31:12.446Z] [DEBUG] Sent text '600' to limit Requested2
[2025-11-17T11:31:12.448Z] [INFO] Clicking on element limit Comments
[2025-11-17T11:31:12.975Z] [DEBUG] Clicked on element limit Comments
[2025-11-17T11:31:12.978Z] [INFO] Sending text 'Test limit Comments' to limit Comments
[2025-11-17T11:31:13.466Z] [DEBUG] Sent text 'Test limit Comments' to limit Comments
[2025-11-17T11:31:13.469Z] [INFO] Clicking on element other Requested Terms
[2025-11-17T11:31:14.231Z] [DEBUG] Clicked on element other Requested Terms
[2025-11-17T11:31:14.235Z] [INFO] Sending text 'Test other requested terms' to other Requested Terms
[2025-11-17T11:31:14.702Z] [DEBUG] Sent text 'Test other requested terms' to other Requested Terms
[2025-11-17T11:31:14.705Z] [INFO] Clicking on element draft Purchase Agreement CheckBox
[2025-11-17T11:31:15.252Z] [DEBUG] Clicked on element draft Purchase Agreement CheckBox
[2025-11-17T11:31:15.256Z] [INFO] Clicking on element type Of Financials DropDown
[2025-11-17T11:31:15.781Z] [DEBUG] Clicked on element type Of Financials DropDown
[2025-11-17T11:31:15.786Z] [INFO] Clicking on element type Of Financials Value
[2025-11-17T11:31:16.322Z] [DEBUG] Clicked on element type Of Financials Value
[2025-11-17T11:31:16.325Z] [INFO] Clicking on element deal Book CheckBox
[2025-11-17T11:31:16.820Z] [DEBUG] Clicked on element deal Book CheckBox
[2025-11-17T11:31:16.827Z] [INFO] Clicking on element legal DropDown
[2025-11-17T11:31:17.684Z] [DEBUG] Clicked on element legal DropDown
[2025-11-17T11:31:17.687Z] [INFO] Clicking on element legal Value
[2025-11-17T11:31:18.350Z] [DEBUG] Clicked on element legal Value
[2025-11-17T11:31:18.354Z] [INFO] Clicking on element financial DropDown
[2025-11-17T11:31:19.018Z] [DEBUG] Clicked on element financial DropDown
[2025-11-17T11:31:19.145Z] [INFO] Clicking on element financial Value
[2025-11-17T11:31:19.834Z] [DEBUG] Clicked on element financial Value
[2025-11-17T11:31:19.838Z] [INFO] Clicking on element tax DropDown
[2025-11-17T11:31:20.561Z] [DEBUG] Clicked on element tax DropDown
[2025-11-17T11:31:20.565Z] [INFO] Clicking on element tax Value
[2025-11-17T11:31:21.320Z] [DEBUG] Clicked on element tax Value
[2025-11-17T11:31:21.323Z] [INFO] Clicking on element save Button
[2025-11-17T11:31:22.099Z] [DEBUG] Clicked on element save Button
[2025-11-17T11:31:22.283Z] [INFO] Clicking on element global Search Button
[2025-11-17T11:31:24.236Z] [DEBUG] Clicked on element global Search Button
[2025-11-17T11:31:24.382Z] [INFO] Sending text 'Ambridge Partners LLC' to global Search Input
[2025-11-17T11:31:24.832Z] [DEBUG] Sent text 'Ambridge Partners LLC' to global Search Input
[2025-11-17T11:31:25.811Z] [INFO] Clicking on element global Search Result
[2025-11-17T11:31:26.087Z] [DEBUG] Clicked on element global Search Result
[2025-11-17T11:31:28.753Z] [INFO] Clicking on element taxCarriers Header
[2025-11-17T11:31:29.186Z] [DEBUG] Clicked on element taxCarriers Header
[2025-11-17T11:31:29.648Z] [INFO] Clicking on element Close Last Account Tab
[2025-11-17T11:31:29.956Z] [DEBUG] Clicked on element Close Last Account Tab
[2025-11-17T11:31:29.961Z] [INFO] Clicking on element opportunity Tab
[2025-11-17T11:31:30.600Z] [DEBUG] Clicked on element opportunity Tab
[2025-11-17T11:31:30.771Z] [INFO] Clicking on element NBIL New Button
[2025-11-17T11:31:31.270Z] [DEBUG] Clicked on element NBIL New Button
[2025-11-17T11:31:33.695Z] [INFO] Clicking on element all Carriers Value 
[2025-11-17T11:31:34.007Z] [DEBUG] Clicked on element all Carriers Value 
[2025-11-17T11:31:34.205Z] [INFO] Clicking on element nbilNextButton
[2025-11-17T11:31:34.497Z] [DEBUG] Clicked on element nbilNextButton
[2025-11-17T11:31:34.500Z] [INFO] Sending text 'nuguri.charitha@us.lockton.com' to email Id
[2025-11-17T11:31:36.581Z] [DEBUG] Sent text 'nuguri.charitha@us.lockton.com' to email Id
[2025-11-17T11:31:36.683Z] [INFO] Subject field is validated successfully with opportunity name.
[2025-11-17T11:31:41.931Z] [INFO] Clicking on element Done Button
[2025-11-17T11:31:42.472Z] [DEBUG] Clicked on element Done Button
[2025-11-17T11:31:48.330Z] [INFO] Clicking on element Done Button
[2025-11-17T11:31:48.665Z] [DEBUG] Clicked on element Done Button
[2025-11-17T11:31:54.683Z] [INFO] Clicking on element Done Button
[2025-11-17T11:31:55.072Z] [DEBUG] Clicked on element Done Button
[2025-11-17T11:31:55.745Z] [INFO] Clicking on element Previous Button
[2025-11-17T11:31:56.036Z] [DEBUG] Clicked on element Previous Button
[2025-11-17T11:31:58.090Z] [INFO] Clicking on element Next Button
[2025-11-17T11:31:58.375Z] [DEBUG] Clicked on element Next Button
[2025-11-17T11:32:01.646Z] [INFO] Sending text 'nuguri.charitha@us.lockton.com' to email Id
[2025-11-17T11:32:01.878Z] [DEBUG] Sent text 'nuguri.charitha@us.lockton.com' to email Id
[2025-11-17T11:32:07.211Z] [INFO] Clicking on element Done Button
[2025-11-17T11:32:07.601Z] [DEBUG] Clicked on element Done Button
[2025-11-17T11:32:13.341Z] [INFO] Clicking on element Done Button
[2025-11-17T11:32:13.828Z] [DEBUG] Clicked on element Done Button
[2025-11-17T11:32:19.549Z] [INFO] Clicking on element Done Button
[2025-11-17T11:32:19.901Z] [DEBUG] Clicked on element Done Button
[2025-11-17T11:32:25.908Z] [INFO] Clicking on element Done Button
[2025-11-17T11:32:26.273Z] [DEBUG] Clicked on element Done Button
[2025-11-17T11:32:28.574Z] [INFO] Clicking on element Close Duplicate Error Button
[2025-11-17T11:32:28.925Z] [DEBUG] Clicked on element Close Duplicate Error Button
[2025-11-17T11:32:29.061Z] [INFO] Clicking on element Delete file button
[2025-11-17T11:32:29.396Z] [DEBUG] Clicked on element Delete file button
[2025-11-17T11:32:29.453Z] [INFO] Clicking on element preview Text
[2025-11-17T11:32:29.807Z] [DEBUG] Clicked on element preview Text
[2025-11-17T11:32:31.163Z] [INFO] Sending text 'This is to inform you that the NBIL request email body has been updated with new Test Information.' to email Body Locator
[2025-11-17T11:32:31.451Z] [DEBUG] Sent text 'This is to inform you that the NBIL request email body has been updated with new Test Information.' to email Body Locator
[2025-11-17T11:32:31.460Z] [INFO] Clicking on element send Button
[2025-11-17T11:32:31.813Z] [DEBUG] Clicked on element send Button
[2025-11-17T11:32:36.803Z] [INFO] Clicking on element successWindow Close Button
[2025-11-17T11:32:37.195Z] [DEBUG] Clicked on element successWindow Close Button
[2025-11-17T11:32:38.300Z] [INFO] Clicking on element activity Tab
[2025-11-17T11:32:41.973Z] [DEBUG] Clicked on element activity Tab
[2025-11-17T11:32:42.529Z] [INFO] Clicking on element Email Request Sent Link
[2025-11-17T11:32:43.458Z] [DEBUG] Clicked on element Email Request Sent Link
[2025-11-17T11:32:43.462Z] [INFO] Clicking on element Email Details Tab
[2025-11-17T11:32:45.692Z] [DEBUG] Clicked on element Email Details Tab
[2025-11-17T11:32:45.696Z] [INFO] Clicking on element Email Details Tab
[2025-11-17T11:32:45.864Z] [DEBUG] Clicked on element Email Details Tab
[2025-11-17T11:32:46.921Z] [INFO] Clicking on element Close NBIL Sub Tab
[2025-11-17T11:32:47.110Z] [DEBUG] Clicked on element Close NBIL Sub Tab
[2025-11-17T11:32:47.162Z] [INFO] Clicking on element Opportunity Tab
[2025-11-17T11:32:47.505Z] [DEBUG] Clicked on element Opportunity Tab
[2025-11-17T11:32:47.511Z] [INFO] Clicking on element activity Tab
[2025-11-17T11:32:47.703Z] [DEBUG] Clicked on element activity Tab
[2025-11-17T11:32:47.805Z] [INFO] Scrolling attempt 1
[2025-11-17T11:32:48.413Z] [INFO] Scrolling attempt 2
[2025-11-17T11:32:49.036Z] [INFO] Element became visible during scroll.
[2025-11-17T11:32:51.134Z] [INFO] Clicking on element View All Files Button
[2025-11-17T11:32:51.405Z] [DEBUG] Clicked on element View All Files Button
[2025-11-17T11:32:54.541Z] [INFO] Clicking on element Close Files Sub Tab
[2025-11-17T11:32:54.688Z] [DEBUG] Clicked on element Close Files Sub Tab
[2025-11-17T11:32:54.749Z] [INFO] Clicking on element Opportunity Tab
[2025-11-17T11:32:55.067Z] [DEBUG] Clicked on element Opportunity Tab
[2025-11-17T11:32:55.068Z] [INFO] Clicking on element NBIL New Button
[2025-11-17T11:32:55.308Z] [DEBUG] Clicked on element NBIL New Button
[2025-11-17T11:32:57.449Z] [INFO] Clicking on element all Carriers Value 
[2025-11-17T11:32:57.632Z] [DEBUG] Clicked on element all Carriers Value 
[2025-11-17T11:32:57.748Z] [INFO] Clicking on element nbilNextButton
[2025-11-17T11:32:57.953Z] [DEBUG] Clicked on element nbilNextButton
[2025-11-17T11:32:57.956Z] [INFO] Sending text 'nuguri.charitha@us.lockton.com.cbqa' to email Id
[2025-11-17T11:32:59.449Z] [DEBUG] Sent text 'nuguri.charitha@us.lockton.com.cbqa' to email Id
[2025-11-17T11:33:04.628Z] [INFO] Clicking on element Done Button
[2025-11-17T11:33:04.878Z] [DEBUG] Clicked on element Done Button
[2025-11-17T11:33:10.523Z] [INFO] Clicking on element Done Button
[2025-11-17T11:33:10.712Z] [DEBUG] Clicked on element Done Button
[2025-11-17T11:33:11.299Z] [INFO] Clicking on element Close NDA/NBIL Flow Button
[2025-11-17T11:33:11.485Z] [DEBUG] Clicked on element Close NDA/NBIL Flow Button
[2025-11-17T11:33:14.690Z] [INFO] Element became visible during scroll.
[2025-11-17T11:33:16.791Z] [INFO] Clicking on element View All Files Button
[2025-11-17T11:33:17.126Z] [DEBUG] Clicked on element View All Files Button
[2025-11-17T11:33:20.251Z] [INFO] Clicking on element Close Files Sub Tab
[2025-11-17T11:33:20.417Z] [DEBUG] Clicked on element Close Files Sub Tab
[2025-11-17T11:33:20.503Z] [INFO] Clicking on element Opportunity Tab
[2025-11-17T11:33:20.834Z] [DEBUG] Clicked on element Opportunity Tab
[2025-11-17T11:33:20.837Z] [INFO] Clicking on element NBIL New Button
[2025-11-17T11:33:21.090Z] [DEBUG] Clicked on element NBIL New Button
[2025-11-17T11:33:23.191Z] [INFO] Clicking on element all Carriers Value 
[2025-11-17T11:33:23.384Z] [DEBUG] Clicked on element all Carriers Value 
[2025-11-17T11:33:23.531Z] [INFO] Clicking on element nbilNextButton
[2025-11-17T11:33:23.737Z] [DEBUG] Clicked on element nbilNextButton
[2025-11-17T11:33:23.739Z] [INFO] Sending text 'nuguri.charitha@us.lockton.com' to email Id
[2025-11-17T11:33:25.212Z] [DEBUG] Sent text 'nuguri.charitha@us.lockton.com' to email Id
[2025-11-17T11:33:25.259Z] [INFO] Subject field is validated successfully with opportunity name.
[2025-11-17T11:33:30.427Z] [INFO] Clicking on element Done Button
[2025-11-17T11:33:30.668Z] [DEBUG] Clicked on element Done Button
[2025-11-17T11:33:36.367Z] [INFO] Clicking on element Done Button
[2025-11-17T11:33:36.539Z] [DEBUG] Clicked on element Done Button
[2025-11-17T11:33:42.155Z] [INFO] Clicking on element Done Button
[2025-11-17T11:33:42.320Z] [DEBUG] Clicked on element Done Button
[2025-11-17T11:33:42.896Z] [INFO] Clicking on element Previous Button
[2025-11-17T11:33:43.103Z] [DEBUG] Clicked on element Previous Button
[2025-11-17T11:33:45.136Z] [INFO] Clicking on element Next Button
[2025-11-17T11:33:45.395Z] [DEBUG] Clicked on element Next Button
[2025-11-17T11:33:48.523Z] [INFO] Sending text 'nuguri.charitha@us.lockton.com' to email Id
[2025-11-17T11:33:48.684Z] [DEBUG] Sent text 'nuguri.charitha@us.lockton.com' to email Id
[2025-11-17T11:33:53.914Z] [INFO] Clicking on element Done Button
[2025-11-17T11:33:54.265Z] [DEBUG] Clicked on element Done Button
[2025-11-17T11:34:00.039Z] [INFO] Clicking on element Done Button
[2025-11-17T11:34:00.304Z] [DEBUG] Clicked on element Done Button
[2025-11-17T11:34:06.080Z] [INFO] Clicking on element Done Button
[2025-11-17T11:34:06.294Z] [DEBUG] Clicked on element Done Button
[2025-11-17T11:34:12.175Z] [INFO] Clicking on element Done Button
[2025-11-17T11:34:12.473Z] [DEBUG] Clicked on element Done Button
[2025-11-17T11:34:14.675Z] [INFO] Clicking on element Close Duplicate Error Button
[2025-11-17T11:34:14.977Z] [DEBUG] Clicked on element Close Duplicate Error Button
[2025-11-17T11:34:15.088Z] [INFO] Clicking on element Delete file button
[2025-11-17T11:34:15.426Z] [DEBUG] Clicked on element Delete file button
[2025-11-17T11:34:15.481Z] [INFO] Clicking on element preview Text
[2025-11-17T11:34:15.790Z] [DEBUG] Clicked on element preview Text
[2025-11-17T11:34:17.135Z] [INFO] Sending text 'This is to inform you that the NBIL request email body has been updated with new Test Information.' to email Body Locator
[2025-11-17T11:34:17.400Z] [DEBUG] Sent text 'This is to inform you that the NBIL request email body has been updated with new Test Information.' to email Body Locator
[2025-11-17T11:34:17.407Z] [INFO] Clicking on element send Button
[2025-11-17T11:34:17.672Z] [DEBUG] Clicked on element send Button
[2025-11-17T11:34:21.593Z] [INFO] Clicking on element successWindow Close Button
[2025-11-17T11:34:21.795Z] [DEBUG] Clicked on element successWindow Close Button
[2025-11-17T11:34:23.225Z] [INFO] Clicking on element activity Tab
[2025-11-17T11:34:28.946Z] [DEBUG] Clicked on element activity Tab
[2025-11-17T11:34:29.840Z] [INFO] Clicking on element Email Request Sent Link
[2025-11-17T11:34:30.195Z] [DEBUG] Clicked on element Email Request Sent Link
[2025-11-17T11:34:30.198Z] [INFO] Clicking on element Email Details Tab
[2025-11-17T11:34:32.155Z] [DEBUG] Clicked on element Email Details Tab
[2025-11-17T11:34:32.159Z] [INFO] Clicking on element Email Details Tab
[2025-11-17T11:34:32.387Z] [DEBUG] Clicked on element Email Details Tab
[2025-11-17T11:34:32.834Z] [INFO] Clicking on element Close NBIL Sub Tab
[2025-11-17T11:34:33.099Z] [DEBUG] Clicked on element Close NBIL Sub Tab
[2025-11-17T11:34:33.434Z] [INFO] Clicking on element activity Tab
[2025-11-17T11:34:33.661Z] [DEBUG] Clicked on element activity Tab
[2025-11-17T11:34:33.746Z] [INFO] Scrolling attempt 1
[2025-11-17T11:34:34.451Z] [INFO] Scrolling attempt 2
[2025-11-17T11:34:35.091Z] [INFO] Element became visible during scroll.
[2025-11-17T11:34:37.207Z] [INFO] Clicking on element View All Files Button
[2025-11-17T11:34:37.653Z] [DEBUG] Clicked on element View All Files Button
[2025-11-17T11:34:40.826Z] [INFO] Clicking on element Close Files Sub Tab
[2025-11-17T11:34:40.999Z] [DEBUG] Clicked on element Close Files Sub Tab
[2025-11-17T11:34:41.083Z] [INFO] Clicking on element Opportunity Tab
[2025-11-17T11:34:41.541Z] [DEBUG] Clicked on element Opportunity Tab
[2025-11-17T11:34:41.543Z] [INFO] Clicking on element NBIL New Button
[2025-11-17T11:34:41.874Z] [DEBUG] Clicked on element NBIL New Button
[2025-11-17T11:34:44.083Z] [INFO] Clicking on element all Carriers Value 
[2025-11-17T11:34:44.289Z] [DEBUG] Clicked on element all Carriers Value 
[2025-11-17T11:34:44.441Z] [INFO] Clicking on element nbilNextButton
[2025-11-17T11:34:44.675Z] [DEBUG] Clicked on element nbilNextButton
[2025-11-17T11:34:44.678Z] [INFO] Sending text 'nuguri.charitha@us.lockton.com.cbqa' to email Id
[2025-11-17T11:34:46.160Z] [DEBUG] Sent text 'nuguri.charitha@us.lockton.com.cbqa' to email Id
[2025-11-17T11:34:51.350Z] [INFO] Clicking on element Done Button
[2025-11-17T11:34:51.672Z] [DEBUG] Clicked on element Done Button
[2025-11-17T11:34:57.321Z] [INFO] Clicking on element Done Button
[2025-11-17T11:34:57.545Z] [DEBUG] Clicked on element Done Button
[2025-11-17T11:34:58.173Z] [INFO] Clicking on element Close NDA/NBIL Flow Button
[2025-11-17T11:34:58.394Z] [DEBUG] Clicked on element Close NDA/NBIL Flow Button
[2025-11-17T11:35:01.625Z] [INFO] Element became visible during scroll.
[2025-11-17T11:35:03.730Z] [INFO] Clicking on element View All Files Button
[2025-11-17T11:35:04.065Z] [DEBUG] Clicked on element View All Files Button
[2025-11-17T11:35:07.205Z] [INFO] Clicking on element Close Files Sub Tab
[2025-11-17T11:35:07.372Z] [DEBUG] Clicked on element Close Files Sub Tab
[2025-11-17T11:35:07.457Z] [INFO] Clicking on element Opportunity Tab
[2025-11-17T11:35:07.873Z] [DEBUG] Clicked on element Opportunity Tab
[2025-11-17T11:35:07.876Z] [INFO] Clicking on element NBIL New Button
[2025-11-17T11:35:08.156Z] [DEBUG] Clicked on element NBIL New Button
[2025-11-17T11:35:10.293Z] [INFO] Clicking on element all Carriers Value 
[2025-11-17T11:35:10.481Z] [DEBUG] Clicked on element all Carriers Value 
[2025-11-17T11:35:10.605Z] [INFO] Clicking on element nbilNextButton
[2025-11-17T11:35:10.832Z] [DEBUG] Clicked on element nbilNextButton
[2025-11-17T11:35:10.836Z] [INFO] Sending text 'nuguri.charitha@us.lockton.com' to email Id
[2025-11-17T11:35:12.388Z] [DEBUG] Sent text 'nuguri.charitha@us.lockton.com' to email Id
[2025-11-17T11:35:12.465Z] [INFO] Subject field is validated successfully with opportunity name.
[2025-11-17T11:35:17.746Z] [INFO] Clicking on element Done Button
[2025-11-17T11:35:17.954Z] [DEBUG] Clicked on element Done Button
[2025-11-17T11:35:23.901Z] [INFO] Clicking on element Done Button
[2025-11-17T11:35:24.114Z] [DEBUG] Clicked on element Done Button
[2025-11-17T11:35:29.878Z] [INFO] Clicking on element Done Button
[2025-11-17T11:35:30.171Z] [DEBUG] Clicked on element Done Button
[2025-11-17T11:35:30.743Z] [INFO] Clicking on element Previous Button
[2025-11-17T11:35:30.956Z] [DEBUG] Clicked on element Previous Button
[2025-11-17T11:35:32.998Z] [INFO] Clicking on element Next Button
[2025-11-17T11:35:33.180Z] [DEBUG] Clicked on element Next Button
[2025-11-17T11:35:36.305Z] [INFO] Sending text 'nuguri.charitha@us.lockton.com' to email Id
[2025-11-17T11:35:36.470Z] [DEBUG] Sent text 'nuguri.charitha@us.lockton.com' to email Id
[2025-11-17T11:35:41.687Z] [INFO] Clicking on element Done Button
[2025-11-17T11:35:41.884Z] [DEBUG] Clicked on element Done Button
[2025-11-17T11:35:47.651Z] [INFO] Clicking on element Done Button
[2025-11-17T11:35:47.925Z] [DEBUG] Clicked on element Done Button
[2025-11-17T11:35:53.644Z] [INFO] Clicking on element Done Button
[2025-11-17T11:35:53.868Z] [DEBUG] Clicked on element Done Button
[2025-11-17T11:35:59.782Z] [INFO] Clicking on element Done Button
[2025-11-17T11:35:59.989Z] [DEBUG] Clicked on element Done Button
[2025-11-17T11:36:02.169Z] [INFO] Clicking on element Close Duplicate Error Button
[2025-11-17T11:36:02.456Z] [DEBUG] Clicked on element Close Duplicate Error Button
[2025-11-17T11:36:02.540Z] [INFO] Clicking on element Delete file button
[2025-11-17T11:36:02.806Z] [DEBUG] Clicked on element Delete file button
[2025-11-17T11:36:02.848Z] [INFO] Clicking on element preview Text
[2025-11-17T11:36:03.095Z] [DEBUG] Clicked on element preview Text
[2025-11-17T11:36:04.299Z] [INFO] Sending text 'This is to inform you that the NBIL request email body has been updated with new Test Information.' to email Body Locator
[2025-11-17T11:36:04.541Z] [DEBUG] Sent text 'This is to inform you that the NBIL request email body has been updated with new Test Information.' to email Body Locator
[2025-11-17T11:36:04.546Z] [INFO] Clicking on element send Button
[2025-11-17T11:36:04.859Z] [DEBUG] Clicked on element send Button
[2025-11-17T11:36:08.824Z] [INFO] Clicking on element successWindow Close Button
[2025-11-17T11:36:09.020Z] [DEBUG] Clicked on element successWindow Close Button
[2025-11-17T11:36:10.670Z] [INFO] Clicking on element activity Tab
[2025-11-17T11:36:14.153Z] [DEBUG] Clicked on element activity Tab
[2025-11-17T11:36:15.199Z] [INFO] Clicking on element Email Request Sent Link
[2025-11-17T11:36:16.047Z] [DEBUG] Clicked on element Email Request Sent Link
[2025-11-17T11:36:16.050Z] [INFO] Clicking on element Email Details Tab
[2025-11-17T11:36:17.922Z] [DEBUG] Clicked on element Email Details Tab
[2025-11-17T11:36:17.925Z] [INFO] Clicking on element Email Details Tab
[2025-11-17T11:36:18.180Z] [DEBUG] Clicked on element Email Details Tab
[2025-11-17T11:36:18.538Z] [INFO] Clicking on element Close NBIL Sub Tab
[2025-11-17T11:36:18.746Z] [DEBUG] Clicked on element Close NBIL Sub Tab
[2025-11-17T11:36:18.827Z] [INFO] Clicking on element Opportunity Tab
[2025-11-17T11:36:19.238Z] [DEBUG] Clicked on element Opportunity Tab
[2025-11-17T11:36:19.240Z] [INFO] Clicking on element activity Tab
[2025-11-17T11:36:19.429Z] [DEBUG] Clicked on element activity Tab
[2025-11-17T11:36:19.554Z] [INFO] Scrolling attempt 1
[2025-11-17T11:36:20.142Z] [INFO] Scrolling attempt 2
[2025-11-17T11:36:20.776Z] [INFO] Scrolling attempt 3
[2025-11-17T11:36:21.342Z] [INFO] Element became visible during scroll.
[2025-11-17T11:36:23.451Z] [INFO] Clicking on element View All Files Button
[2025-11-17T11:36:23.828Z] [DEBUG] Clicked on element View All Files Button
[2025-11-17T11:36:27.098Z] [INFO] Clicking on element Close Files Sub Tab
[2025-11-17T11:36:27.327Z] [DEBUG] Clicked on element Close Files Sub Tab
[2025-11-17T11:36:27.405Z] [INFO] Clicking on element Opportunity Tab
[2025-11-17T11:36:27.806Z] [DEBUG] Clicked on element Opportunity Tab
[2025-11-17T11:36:27.809Z] [INFO] Clicking on element NBIL New Button
[2025-11-17T11:36:28.169Z] [DEBUG] Clicked on element NBIL New Button
[2025-11-17T11:36:30.449Z] [INFO] Clicking on element all Carriers Value 
[2025-11-17T11:36:30.656Z] [DEBUG] Clicked on element all Carriers Value 
[2025-11-17T11:36:30.794Z] [INFO] Clicking on element nbilNextButton
[2025-11-17T11:36:31.024Z] [DEBUG] Clicked on element nbilNextButton
[2025-11-17T11:36:31.031Z] [INFO] Sending text 'nuguri.charitha@us.lockton.com.cbqa' to email Id
[2025-11-17T11:36:32.621Z] [DEBUG] Sent text 'nuguri.charitha@us.lockton.com.cbqa' to email Id
[2025-11-17T11:36:37.876Z] [INFO] Clicking on element Done Button
[2025-11-17T11:36:38.100Z] [DEBUG] Clicked on element Done Button
[2025-11-17T11:36:43.766Z] [INFO] Clicking on element Done Button
[2025-11-17T11:36:44.013Z] [DEBUG] Clicked on element Done Button
[2025-11-17T11:36:44.646Z] [INFO] Clicking on element Close NDA/NBIL Flow Button
[2025-11-17T11:36:44.896Z] [DEBUG] Clicked on element Close NDA/NBIL Flow Button
[2025-11-17T11:36:48.141Z] [INFO] Element became visible during scroll.
[2025-11-17T11:36:50.266Z] [INFO] Clicking on element View All Files Button
[2025-11-17T11:36:50.630Z] [DEBUG] Clicked on element View All Files Button
[2025-11-17T11:37:22.186Z] [INFO] Sending text 'nuguri.charitha@us.lockton.com.cbqa' to username Input Value
[2025-11-17T11:37:22.633Z] [DEBUG] Sent text 'nuguri.charitha@us.lockton.com.cbqa' to username Input Value
[2025-11-17T11:37:22.635Z] [INFO] Sending text 'Charitha@89' to password Input Value
[2025-11-17T11:37:22.730Z] [DEBUG] Sent text 'Charitha@89' to password Input Value
[2025-11-17T11:37:22.732Z] [INFO] Clicking on element login Button
[2025-11-17T11:37:24.663Z] [DEBUG] Clicked on element login Button
[2025-11-17T11:37:30.146Z] [INFO] Clicking on element setUp Icon
[2025-11-17T11:37:30.359Z] [DEBUG] Clicked on element setUp Icon
[2025-11-17T11:37:38.491Z] [INFO] Clicking on element user Search Result
[2025-11-17T11:37:39.078Z] [DEBUG] Clicked on element user Search Result
[2025-11-17T11:37:55.751Z] [INFO] Clicking on element show Navigation Menu
[2025-11-17T11:37:56.422Z] [DEBUG] Clicked on element show Navigation Menu
[2025-11-17T11:37:56.505Z] [INFO] Clicking on element accounts Menu Item
[2025-11-17T11:37:56.860Z] [DEBUG] Clicked on element accounts Menu Item
[2025-11-17T11:37:58.277Z] [INFO] Clicking on element list View Element
[2025-11-17T11:37:58.545Z] [DEBUG] Clicked on element list View Element
[2025-11-17T11:37:58.599Z] [INFO] Sending text 'All Clients' to searchBox ListViewInput
[2025-11-17T11:37:58.810Z] [DEBUG] Sent text 'All Clients' to searchBox ListViewInput
[2025-11-17T11:37:58.863Z] [INFO] Clicking on element all Clients In List View
[2025-11-17T11:37:59.223Z] [DEBUG] Clicked on element all Clients In List View
[2025-11-17T11:37:59.274Z] [INFO] Clicking on element global Search Button
[2025-11-17T11:37:59.629Z] [DEBUG] Clicked on element global Search Button
[2025-11-17T11:37:59.694Z] [INFO] Sending text '1000 Miglia SRL' to global Search Input
[2025-11-17T11:38:00.611Z] [DEBUG] Sent text '1000 Miglia SRL' to global Search Input
[2025-11-17T11:38:01.545Z] [INFO] Clicking on element global Search Result
[2025-11-17T11:38:01.825Z] [DEBUG] Clicked on element global Search Result
[2025-11-17T11:38:01.827Z] [INFO] AccountPage: Validating account record type: Client
[2025-11-17T11:38:05.556Z] [INFO] AccountPage: Account record type 'Client' is visible.
[2025-11-17T11:38:05.559Z] [INFO] Clicking on element new Opportunity Button
[2025-11-17T11:38:08.935Z] [DEBUG] Clicked on element new Opportunity Button
[2025-11-17T11:38:08.938Z] [INFO] Clicking on element intial Intake Button
[2025-11-17T11:38:10.578Z] [DEBUG] Clicked on element intial Intake Button
[2025-11-17T11:38:10.581Z] [INFO] Clicking on element opportunity Next Button
[2025-11-17T11:38:11.113Z] [DEBUG] Clicked on element opportunity Next Button
[2025-11-17T11:38:12.780Z] [INFO] Sending text 'auto yvnbx' to opportunity Name
[2025-11-17T11:38:13.147Z] [DEBUG] Sent text 'auto yvnbx' to opportunity Name
[2025-11-17T11:38:13.229Z] [INFO] Clicking on element stage DropDown
[2025-11-17T11:38:13.625Z] [DEBUG] Clicked on element stage DropDown
[2025-11-17T11:38:13.707Z] [INFO] Clicking on element stage Value
[2025-11-17T11:38:14.076Z] [DEBUG] Clicked on element stage Value
[2025-11-17T11:38:14.418Z] [INFO] Clicking on element insurance Sub Type Drop Down
[2025-11-17T11:38:14.878Z] [DEBUG] Clicked on element insurance Sub Type Drop Down
[2025-11-17T11:38:14.882Z] [INFO] Clicking on element insurance Type field
[2025-11-17T11:38:15.306Z] [DEBUG] Clicked on element insurance Type field
[2025-11-17T11:38:17.398Z] [INFO] Clicking on element save Button
[2025-11-17T11:38:17.781Z] [DEBUG] Clicked on element save Button
[2025-11-17T11:38:21.392Z] [INFO] Clicking on element show More Actions DropDown
[2025-11-17T11:38:22.026Z] [DEBUG] Clicked on element show More Actions DropDown
[2025-11-17T11:38:22.028Z] [INFO] Clicking on element manage Opportunity Assignment Option
[2025-11-17T11:38:22.710Z] [DEBUG] Clicked on element manage Opportunity Assignment Option
[2025-11-17T11:38:25.338Z] [INFO] Sending text '100' to Primary Producer Allocation TextBox
[2025-11-17T11:38:25.779Z] [DEBUG] Sent text '100' to Primary Producer Allocation TextBox
[2025-11-17T11:38:25.783Z] [INFO] Clicking on element SaveAndClose Button
[2025-11-17T11:38:26.257Z] [DEBUG] Clicked on element SaveAndClose Button
[2025-11-17T11:38:26.260Z] [INFO] Clicking on element edit Button
[2025-11-17T11:38:28.212Z] [DEBUG] Clicked on element edit Button
[2025-11-17T11:38:31.241Z] [INFO] Sending text '11/17/2026' to quote DueDate Field
[2025-11-17T11:38:32.372Z] [DEBUG] Sent text '11/17/2026' to quote DueDate Field
[2025-11-17T11:38:32.375Z] [INFO] Sending text '100000' to enterpriseValueField
[2025-11-17T11:38:33.361Z] [DEBUG] Sent text '100000' to enterpriseValueField
[2025-11-17T11:38:33.364Z] [INFO] Sending text 'ImageFIRST Healthcare Laundry Specialists, LLC' to target Field
[2025-11-17T11:38:34.026Z] [DEBUG] Sent text 'ImageFIRST Healthcare Laundry Specialists, LLC' to target Field
[2025-11-17T11:38:34.028Z] [INFO] Sending text 'The traget provides outpatient and specialty healthcare laundry services in the U.S.' to target Description Field
[2025-11-17T11:38:34.659Z] [DEBUG] Sent text 'The traget provides outpatient and specialty healthcare laundry services in the U.S.' to target Description Field
[2025-11-17T11:38:34.662Z] [INFO] Clicking on element quote DueTime DropDown
[2025-11-17T11:38:35.368Z] [DEBUG] Clicked on element quote DueTime DropDown
[2025-11-17T11:38:35.522Z] [INFO] Clicking on element quote DueTime Value
[2025-11-17T11:38:36.192Z] [DEBUG] Clicked on element quote DueTime Value
[2025-11-17T11:38:36.194Z] [INFO] Clicking on element sellers Idemnity
[2025-11-17T11:38:36.871Z] [DEBUG] Clicked on element sellers Idemnity
[2025-11-17T11:38:36.874Z] [INFO] Clicking on element sellers Idemnity Value
[2025-11-17T11:38:37.585Z] [DEBUG] Clicked on element sellers Idemnity Value
[2025-11-17T11:38:37.591Z] [INFO] Clicking on element buyers Council DropDown
[2025-11-17T11:38:38.933Z] [DEBUG] Clicked on element buyers Council DropDown
[2025-11-17T11:38:38.936Z] [INFO] Clicking on element buyers Council DropDown Value
[2025-11-17T11:38:40.150Z] [DEBUG] Clicked on element buyers Council DropDown Value
[2025-11-17T11:38:40.155Z] [INFO] Sending text '102' to limit Requested
[2025-11-17T11:38:41.021Z] [DEBUG] Sent text '102' to limit Requested
[2025-11-17T11:38:41.024Z] [INFO] Clicking on element save Button
[2025-11-17T11:38:42.073Z] [DEBUG] Clicked on element save Button
[2025-11-17T11:38:42.077Z] [INFO] Clicking on element edit Button
[2025-11-17T11:38:46.129Z] [DEBUG] Clicked on element edit Button
[2025-11-17T11:38:47.091Z] [INFO] Sending text '50' to rollover Percentage
[2025-11-17T11:38:48.294Z] [DEBUG] Sent text '50' to rollover Percentage
[2025-11-17T11:38:48.296Z] [INFO] Sending text 'Test Purchase Agreement' to purchase Agreement
[2025-11-17T11:38:49.437Z] [DEBUG] Sent text 'Test Purchase Agreement' to purchase Agreement
[2025-11-17T11:38:49.440Z] [INFO] Clicking on element sellers Council DropDown
[2025-11-17T11:38:50.874Z] [DEBUG] Clicked on element sellers Council DropDown
[2025-11-17T11:38:50.880Z] [INFO] Clicking on element sellers Council Value
[2025-11-17T11:38:52.030Z] [DEBUG] Clicked on element sellers Council Value
[2025-11-17T11:38:52.043Z] [INFO] Sending text '1000' to limit Requested2
[2025-11-17T11:38:52.936Z] [DEBUG] Sent text '1000' to limit Requested2
[2025-11-17T11:38:52.939Z] [INFO] Clicking on element limit Comments
[2025-11-17T11:38:53.728Z] [DEBUG] Clicked on element limit Comments
[2025-11-17T11:38:53.730Z] [INFO] Sending text 'Test limit Comments' to limit Comments
[2025-11-17T11:38:54.447Z] [DEBUG] Sent text 'Test limit Comments' to limit Comments
[2025-11-17T11:38:54.451Z] [INFO] Clicking on element other Requested Terms
[2025-11-17T11:38:55.206Z] [DEBUG] Clicked on element other Requested Terms
[2025-11-17T11:38:55.212Z] [INFO] Sending text 'Test other requested terms' to other Requested Terms
[2025-11-17T11:38:55.904Z] [DEBUG] Sent text 'Test other requested terms' to other Requested Terms
[2025-11-17T11:38:55.906Z] [INFO] Clicking on element draft Purchase Agreement CheckBox
[2025-11-17T11:38:56.732Z] [DEBUG] Clicked on element draft Purchase Agreement CheckBox
[2025-11-17T11:38:56.738Z] [INFO] Clicking on element type Of Financials DropDown
[2025-11-17T11:38:57.474Z] [DEBUG] Clicked on element type Of Financials DropDown
[2025-11-17T11:38:57.480Z] [INFO] Clicking on element type Of Financials Value
[2025-11-17T11:38:58.321Z] [DEBUG] Clicked on element type Of Financials Value
[2025-11-17T11:38:58.324Z] [INFO] Clicking on element deal Book CheckBox
[2025-11-17T11:38:59.104Z] [DEBUG] Clicked on element deal Book CheckBox
[2025-11-17T11:38:59.107Z] [INFO] Clicking on element legal DropDown
[2025-11-17T11:39:00.258Z] [DEBUG] Clicked on element legal DropDown
[2025-11-17T11:39:00.261Z] [INFO] Clicking on element legal Value
[2025-11-17T11:39:01.237Z] [DEBUG] Clicked on element legal Value
[2025-11-17T11:39:01.240Z] [INFO] Clicking on element financial DropDown
[2025-11-17T11:39:02.178Z] [DEBUG] Clicked on element financial DropDown
[2025-11-17T11:39:02.389Z] [INFO] Clicking on element financial Value
[2025-11-17T11:39:03.577Z] [DEBUG] Clicked on element financial Value
[2025-11-17T11:39:03.580Z] [INFO] Clicking on element tax DropDown
[2025-11-17T11:39:04.620Z] [DEBUG] Clicked on element tax DropDown
[2025-11-17T11:39:04.624Z] [INFO] Clicking on element tax Value
[2025-11-17T11:39:05.665Z] [DEBUG] Clicked on element tax Value
[2025-11-17T11:39:05.667Z] [INFO] Clicking on element save Button
[2025-11-17T11:39:06.700Z] [DEBUG] Clicked on element save Button
[2025-11-17T11:39:06.929Z] [INFO] Clicking on element global Search Button
[2025-11-17T11:39:10.543Z] [DEBUG] Clicked on element global Search Button
[2025-11-17T11:39:10.637Z] [INFO] Sending text 'Chubb' to global Search Input
[2025-11-17T11:39:11.049Z] [DEBUG] Sent text 'Chubb' to global Search Input
[2025-11-17T11:39:11.610Z] [INFO] Clicking on element global Search Result
[2025-11-17T11:39:12.021Z] [DEBUG] Clicked on element global Search Result
[2025-11-17T11:39:16.899Z] [INFO] Clicking on element taxCarriers Header
[2025-11-17T11:39:17.443Z] [DEBUG] Clicked on element taxCarriers Header
[2025-11-17T11:39:18.068Z] [INFO] Clicking on element Close Last Account Tab
[2025-11-17T11:39:18.437Z] [DEBUG] Clicked on element Close Last Account Tab
[2025-11-17T11:39:18.440Z] [INFO] Clicking on element opportunity Tab
[2025-11-17T11:39:19.405Z] [DEBUG] Clicked on element opportunity Tab
[2025-11-17T11:39:19.608Z] [INFO] Clicking on element NBIL New Button
[2025-11-17T11:39:20.348Z] [DEBUG] Clicked on element NBIL New Button
[2025-11-17T11:39:22.787Z] [INFO] Clicking on element all Carriers Value 
[2025-11-17T11:39:23.626Z] [DEBUG] Clicked on element all Carriers Value 
[2025-11-17T11:39:23.972Z] [INFO] Clicking on element nbilNextButton
[2025-11-17T11:39:24.381Z] [DEBUG] Clicked on element nbilNextButton
[2025-11-17T11:39:24.385Z] [INFO] Sending text 'nuguri.charitha@us.lockton.com' to email Id
[2025-11-17T11:39:26.559Z] [DEBUG] Sent text 'nuguri.charitha@us.lockton.com' to email Id
[2025-11-17T11:39:26.731Z] [INFO] Subject field is validated successfully with opportunity name.
[2025-11-17T11:39:32.068Z] [INFO] Clicking on element Done Button
[2025-11-17T11:39:32.617Z] [DEBUG] Clicked on element Done Button
[2025-11-17T11:39:38.495Z] [INFO] Clicking on element Done Button
[2025-11-17T11:39:38.918Z] [DEBUG] Clicked on element Done Button
[2025-11-17T11:39:44.763Z] [INFO] Clicking on element Done Button
[2025-11-17T11:39:45.434Z] [DEBUG] Clicked on element Done Button
[2025-11-17T11:39:46.257Z] [INFO] Clicking on element Previous Button
[2025-11-17T11:39:46.800Z] [DEBUG] Clicked on element Previous Button
[2025-11-17T11:39:48.876Z] [INFO] Clicking on element Next Button
[2025-11-17T11:39:49.171Z] [DEBUG] Clicked on element Next Button
[2025-11-17T11:39:52.398Z] [INFO] Sending text 'nuguri.charitha@us.lockton.com' to email Id
[2025-11-17T11:39:52.716Z] [DEBUG] Sent text 'nuguri.charitha@us.lockton.com' to email Id
[2025-11-17T11:39:58.147Z] [INFO] Clicking on element Done Button
[2025-11-17T11:39:58.567Z] [DEBUG] Clicked on element Done Button
[2025-11-17T11:40:04.371Z] [INFO] Clicking on element Done Button
[2025-11-17T11:40:04.806Z] [DEBUG] Clicked on element Done Button
[2025-11-17T11:40:10.865Z] [INFO] Clicking on element Done Button
[2025-11-17T11:40:11.304Z] [DEBUG] Clicked on element Done Button
[2025-11-17T11:40:17.438Z] [INFO] Clicking on element Done Button
[2025-11-17T11:40:17.906Z] [DEBUG] Clicked on element Done Button
[2025-11-17T11:40:20.310Z] [INFO] Clicking on element Close Duplicate Error Button
[2025-11-17T11:40:20.797Z] [DEBUG] Clicked on element Close Duplicate Error Button
[2025-11-17T11:40:20.959Z] [INFO] Clicking on element Delete file button
[2025-11-17T11:40:21.325Z] [DEBUG] Clicked on element Delete file button
[2025-11-17T11:40:21.408Z] [INFO] Clicking on element preview Text
[2025-11-17T11:40:21.869Z] [DEBUG] Clicked on element preview Text
[2025-11-17T11:40:24.399Z] [INFO] Sending text 'This is to inform you that the NBIL request has been updated with new static Test Information.' to static Carrier Text
[2025-11-17T11:40:24.720Z] [DEBUG] Sent text 'This is to inform you that the NBIL request has been updated with new static Test Information.' to static Carrier Text
[2025-11-17T11:40:24.726Z] [INFO] Clicking on element send Button
[2025-11-17T11:40:25.096Z] [DEBUG] Clicked on element send Button
[2025-11-17T11:40:29.607Z] [INFO] Clicking on element successWindow Close Button
[2025-11-17T11:40:30.129Z] [DEBUG] Clicked on element successWindow Close Button
[2025-11-17T11:40:31.561Z] [INFO] Clicking on element activity Tab
[2025-11-17T11:40:36.154Z] [DEBUG] Clicked on element activity Tab
[2025-11-17T11:40:36.280Z] [INFO] Clicking on element Email Request Sent Link
[2025-11-17T11:40:37.372Z] [DEBUG] Clicked on element Email Request Sent Link
[2025-11-17T11:40:37.377Z] [INFO] Clicking on element Email Details Tab
[2025-11-17T11:40:39.337Z] [DEBUG] Clicked on element Email Details Tab
[2025-11-17T11:40:39.341Z] [INFO] Clicking on element Email Details Tab
[2025-11-17T11:40:39.599Z] [DEBUG] Clicked on element Email Details Tab
[2025-11-17T11:40:40.219Z] [INFO] Clicking on element Close NBIL Sub Tab
[2025-11-17T11:40:40.482Z] [DEBUG] Clicked on element Close NBIL Sub Tab
[2025-11-17T11:40:40.780Z] [INFO] Clicking on element activity Tab
[2025-11-17T11:40:40.981Z] [DEBUG] Clicked on element activity Tab
[2025-11-17T11:40:41.093Z] [INFO] Scrolling attempt 1
[2025-11-17T11:40:41.805Z] [INFO] Scrolling attempt 2
[2025-11-17T11:40:42.469Z] [INFO] Element became visible during scroll.
[2025-11-17T11:40:44.583Z] [INFO] Clicking on element View All Files Button
[2025-11-17T11:40:44.959Z] [DEBUG] Clicked on element View All Files Button
[2025-11-17T11:40:48.124Z] [INFO] Clicking on element Close Files Sub Tab
[2025-11-17T11:40:48.306Z] [DEBUG] Clicked on element Close Files Sub Tab
[2025-11-17T11:40:48.400Z] [INFO] Clicking on element Opportunity Tab
[2025-11-17T11:40:48.793Z] [DEBUG] Clicked on element Opportunity Tab
[2025-11-17T11:40:48.797Z] [INFO] Clicking on element NBIL New Button
[2025-11-17T11:40:49.113Z] [DEBUG] Clicked on element NBIL New Button
[2025-11-17T11:40:51.303Z] [INFO] Clicking on element all Carriers Value 
[2025-11-17T11:40:51.565Z] [DEBUG] Clicked on element all Carriers Value 
[2025-11-17T11:40:51.728Z] [INFO] Clicking on element nbilNextButton
[2025-11-17T11:40:51.961Z] [DEBUG] Clicked on element nbilNextButton
[2025-11-17T11:40:51.964Z] [INFO] Sending text 'nuguri.charitha@us.lockton.com.cbqa' to email Id
[2025-11-17T11:40:53.667Z] [DEBUG] Sent text 'nuguri.charitha@us.lockton.com.cbqa' to email Id
[2025-11-17T11:40:58.830Z] [INFO] Clicking on element Done Button
[2025-11-17T11:40:59.170Z] [DEBUG] Clicked on element Done Button
[2025-11-17T11:41:04.880Z] [INFO] Clicking on element Done Button
[2025-11-17T11:41:05.139Z] [DEBUG] Clicked on element Done Button
[2025-11-17T11:41:05.839Z] [INFO] Clicking on element Close NDA/NBIL Flow Button
[2025-11-17T11:41:06.081Z] [DEBUG] Clicked on element Close NDA/NBIL Flow Button
[2025-11-17T11:41:09.289Z] [INFO] Element became visible during scroll.
[2025-11-17T11:41:11.508Z] [INFO] Clicking on element View All Files Button
[2025-11-17T11:41:11.981Z] [DEBUG] Clicked on element View All Files Button
[2025-11-17T11:41:15.144Z] [INFO] Clicking on element Close Files Sub Tab
[2025-11-17T11:41:15.326Z] [DEBUG] Clicked on element Close Files Sub Tab
[2025-11-17T11:41:15.599Z] [INFO] Clicking on element NBIL New Button
[2025-11-17T11:41:15.982Z] [DEBUG] Clicked on element NBIL New Button
[2025-11-17T11:41:21.636Z] [INFO] Clicking on element all Carriers Value 
[2025-11-17T11:41:21.879Z] [DEBUG] Clicked on element all Carriers Value 
[2025-11-17T11:41:22.104Z] [INFO] Clicking on element nbilNextButton
[2025-11-17T11:41:22.338Z] [DEBUG] Clicked on element nbilNextButton
[2025-11-17T11:41:22.340Z] [INFO] Sending text 'nuguri.charitha@us.lockton.com' to email Id
[2025-11-17T11:41:23.837Z] [DEBUG] Sent text 'nuguri.charitha@us.lockton.com' to email Id
[2025-11-17T11:41:23.916Z] [INFO] Subject field is validated successfully with opportunity name.
[2025-11-17T11:41:29.117Z] [INFO] Clicking on element Done Button
[2025-11-17T11:41:29.292Z] [DEBUG] Clicked on element Done Button
[2025-11-17T11:41:35.174Z] [INFO] Clicking on element Done Button
[2025-11-17T11:41:35.405Z] [DEBUG] Clicked on element Done Button
[2025-11-17T11:41:41.228Z] [INFO] Clicking on element Done Button
[2025-11-17T11:41:41.452Z] [DEBUG] Clicked on element Done Button
[2025-11-17T11:41:42.001Z] [INFO] Clicking on element Previous Button
[2025-11-17T11:41:42.232Z] [DEBUG] Clicked on element Previous Button
[2025-11-17T11:41:44.266Z] [INFO] Clicking on element Next Button
[2025-11-17T11:41:44.480Z] [DEBUG] Clicked on element Next Button
[2025-11-17T11:41:47.643Z] [INFO] Sending text 'nuguri.charitha@us.lockton.com' to email Id
[2025-11-17T11:41:47.878Z] [DEBUG] Sent text 'nuguri.charitha@us.lockton.com' to email Id
[2025-11-17T11:41:53.090Z] [INFO] Clicking on element Done Button
[2025-11-17T11:41:53.258Z] [DEBUG] Clicked on element Done Button
[2025-11-17T11:41:58.985Z] [INFO] Clicking on element Done Button
[2025-11-17T11:41:59.332Z] [DEBUG] Clicked on element Done Button
[2025-11-17T11:42:05.017Z] [INFO] Clicking on element Done Button
[2025-11-17T11:42:05.190Z] [DEBUG] Clicked on element Done Button
[2025-11-17T11:42:11.100Z] [INFO] Clicking on element Done Button
[2025-11-17T11:42:11.360Z] [DEBUG] Clicked on element Done Button
[2025-11-17T11:42:13.524Z] [INFO] Clicking on element Close Duplicate Error Button
[2025-11-17T11:42:13.806Z] [DEBUG] Clicked on element Close Duplicate Error Button
[2025-11-17T11:42:13.907Z] [INFO] Clicking on element Delete file button
[2025-11-17T11:42:14.223Z] [DEBUG] Clicked on element Delete file button
[2025-11-17T11:42:14.263Z] [INFO] Clicking on element preview Text
[2025-11-17T11:42:14.555Z] [DEBUG] Clicked on element preview Text
[2025-11-17T11:42:16.039Z] [INFO] Sending text 'This is to inform you that the NBIL request has been updated with new static Test Information.' to static Carrier Text
[2025-11-17T11:42:16.248Z] [DEBUG] Sent text 'This is to inform you that the NBIL request has been updated with new static Test Information.' to static Carrier Text
[2025-11-17T11:42:16.252Z] [INFO] Clicking on element send Button
[2025-11-17T11:42:16.523Z] [DEBUG] Clicked on element send Button
[2025-11-17T11:42:20.477Z] [INFO] Clicking on element successWindow Close Button
[2025-11-17T11:42:20.740Z] [DEBUG] Clicked on element successWindow Close Button
[2025-11-17T11:42:22.002Z] [INFO] Clicking on element activity Tab
[2025-11-17T11:42:26.292Z] [DEBUG] Clicked on element activity Tab
[2025-11-17T11:42:27.262Z] [INFO] Clicking on element Email Request Sent Link
[2025-11-17T11:42:27.989Z] [DEBUG] Clicked on element Email Request Sent Link
[2025-11-17T11:42:27.993Z] [INFO] Clicking on element Email Details Tab
[2025-11-17T11:42:30.080Z] [DEBUG] Clicked on element Email Details Tab
[2025-11-17T11:42:30.083Z] [INFO] Clicking on element Email Details Tab
[2025-11-17T11:42:30.310Z] [DEBUG] Clicked on element Email Details Tab
[2025-11-17T11:42:31.007Z] [INFO] Clicking on element Close NBIL Sub Tab
[2025-11-17T11:42:31.198Z] [DEBUG] Clicked on element Close NBIL Sub Tab
[2025-11-17T11:42:31.284Z] [INFO] Clicking on element Opportunity Tab
[2025-11-17T11:42:31.696Z] [DEBUG] Clicked on element Opportunity Tab
[2025-11-17T11:42:31.698Z] [INFO] Clicking on element activity Tab
[2025-11-17T11:42:32.001Z] [DEBUG] Clicked on element activity Tab
[2025-11-17T11:42:32.093Z] [INFO] Scrolling attempt 1
[2025-11-17T11:42:32.688Z] [INFO] Scrolling attempt 2
[2025-11-17T11:42:33.352Z] [INFO] Element became visible during scroll.
[2025-11-17T11:42:35.533Z] [INFO] Clicking on element View All Files Button
[2025-11-17T11:42:36.041Z] [DEBUG] Clicked on element View All Files Button
[2025-11-17T11:42:39.179Z] [INFO] Clicking on element Close Files Sub Tab
[2025-11-17T11:42:39.336Z] [DEBUG] Clicked on element Close Files Sub Tab
[2025-11-17T11:42:39.619Z] [INFO] Clicking on element Opportunity Tab
[2025-11-17T11:42:39.875Z] [DEBUG] Clicked on element Opportunity Tab
[2025-11-17T11:42:39.877Z] [INFO] Clicking on element NBIL New Button
[2025-11-17T11:42:40.275Z] [DEBUG] Clicked on element NBIL New Button
[2025-11-17T11:42:42.498Z] [INFO] Clicking on element all Carriers Value 
[2025-11-17T11:42:42.693Z] [DEBUG] Clicked on element all Carriers Value 
[2025-11-17T11:42:42.835Z] [INFO] Clicking on element nbilNextButton
[2025-11-17T11:42:43.084Z] [DEBUG] Clicked on element nbilNextButton
[2025-11-17T11:42:43.089Z] [INFO] Sending text 'nuguri.charitha@us.lockton.com.cbqa' to email Id
[2025-11-17T11:42:44.638Z] [DEBUG] Sent text 'nuguri.charitha@us.lockton.com.cbqa' to email Id
[2025-11-17T11:42:49.842Z] [INFO] Clicking on element Done Button
[2025-11-17T11:42:50.022Z] [DEBUG] Clicked on element Done Button
[2025-11-17T11:42:55.661Z] [INFO] Clicking on element Done Button
[2025-11-17T11:42:55.929Z] [DEBUG] Clicked on element Done Button
[2025-11-17T11:42:56.586Z] [INFO] Clicking on element Close NDA/NBIL Flow Button
[2025-11-17T11:42:56.832Z] [DEBUG] Clicked on element Close NDA/NBIL Flow Button
[2025-11-17T11:42:59.966Z] [INFO] Element became visible during scroll.
[2025-11-17T11:43:02.083Z] [INFO] Clicking on element View All Files Button
[2025-11-17T11:43:02.556Z] [DEBUG] Clicked on element View All Files Button
[2025-11-17T11:43:05.695Z] [INFO] Clicking on element Close Files Sub Tab
[2025-11-17T11:43:05.915Z] [DEBUG] Clicked on element Close Files Sub Tab
[2025-11-17T11:43:06.202Z] [INFO] Clicking on element NBIL New Button
[2025-11-17T11:43:06.543Z] [DEBUG] Clicked on element NBIL New Button
[2025-11-17T11:43:08.701Z] [INFO] Clicking on element all Carriers Value 
[2025-11-17T11:43:08.924Z] [DEBUG] Clicked on element all Carriers Value 
[2025-11-17T11:43:09.066Z] [INFO] Clicking on element nbilNextButton
[2025-11-17T11:43:09.288Z] [DEBUG] Clicked on element nbilNextButton
[2025-11-17T11:43:09.291Z] [INFO] Sending text 'nuguri.charitha@us.lockton.com' to email Id
[2025-11-17T11:43:10.814Z] [DEBUG] Sent text 'nuguri.charitha@us.lockton.com' to email Id
[2025-11-17T11:43:10.902Z] [INFO] Subject field is validated successfully with opportunity name.
[2025-11-17T11:43:16.193Z] [INFO] Clicking on element Done Button
[2025-11-17T11:43:16.442Z] [DEBUG] Clicked on element Done Button
[2025-11-17T11:43:22.122Z] [INFO] Clicking on element Done Button
[2025-11-17T11:43:22.393Z] [DEBUG] Clicked on element Done Button
[2025-11-17T11:43:28.090Z] [INFO] Clicking on element Done Button
[2025-11-17T11:43:28.318Z] [DEBUG] Clicked on element Done Button
[2025-11-17T11:43:28.882Z] [INFO] Clicking on element Previous Button
[2025-11-17T11:43:29.100Z] [DEBUG] Clicked on element Previous Button
[2025-11-17T11:43:31.132Z] [INFO] Clicking on element Next Button
[2025-11-17T11:43:31.305Z] [DEBUG] Clicked on element Next Button
[2025-11-17T11:43:34.446Z] [INFO] Sending text 'nuguri.charitha@us.lockton.com' to email Id
[2025-11-17T11:43:34.605Z] [DEBUG] Sent text 'nuguri.charitha@us.lockton.com' to email Id
[2025-11-17T11:43:39.820Z] [INFO] Clicking on element Done Button
[2025-11-17T11:43:40.114Z] [DEBUG] Clicked on element Done Button
[2025-11-17T11:43:45.822Z] [INFO] Clicking on element Done Button
[2025-11-17T11:43:46.058Z] [DEBUG] Clicked on element Done Button
[2025-11-17T11:43:51.759Z] [INFO] Clicking on element Done Button
[2025-11-17T11:43:51.946Z] [DEBUG] Clicked on element Done Button
[2025-11-17T11:43:57.731Z] [INFO] Clicking on element Done Button
[2025-11-17T11:43:57.952Z] [DEBUG] Clicked on element Done Button
[2025-11-17T11:44:00.127Z] [INFO] Clicking on element Close Duplicate Error Button
[2025-11-17T11:44:00.348Z] [DEBUG] Clicked on element Close Duplicate Error Button
[2025-11-17T11:44:00.486Z] [INFO] Clicking on element Delete file button
[2025-11-17T11:44:00.793Z] [DEBUG] Clicked on element Delete file button
[2025-11-17T11:44:00.827Z] [INFO] Clicking on element preview Text
[2025-11-17T11:44:01.058Z] [DEBUG] Clicked on element preview Text
[2025-11-17T11:44:02.328Z] [INFO] Sending text 'This is to inform you that the NBIL request has been updated with new static Test Information.' to static Carrier Text
[2025-11-17T11:44:02.512Z] [DEBUG] Sent text 'This is to inform you that the NBIL request has been updated with new static Test Information.' to static Carrier Text
[2025-11-17T11:44:02.517Z] [INFO] Clicking on element send Button
[2025-11-17T11:44:02.851Z] [DEBUG] Clicked on element send Button
[2025-11-17T11:44:07.310Z] [INFO] Clicking on element successWindow Close Button
[2025-11-17T11:44:07.467Z] [DEBUG] Clicked on element successWindow Close Button
[2025-11-17T11:44:08.618Z] [INFO] Clicking on element activity Tab
[2025-11-17T11:44:12.562Z] [DEBUG] Clicked on element activity Tab
[2025-11-17T11:44:13.016Z] [INFO] Clicking on element Email Request Sent Link
[2025-11-17T11:44:13.395Z] [DEBUG] Clicked on element Email Request Sent Link
[2025-11-17T11:44:13.398Z] [INFO] Clicking on element Email Details Tab
[2025-11-17T11:44:16.115Z] [DEBUG] Clicked on element Email Details Tab
[2025-11-17T11:44:16.119Z] [INFO] Clicking on element Email Details Tab
[2025-11-17T11:44:16.340Z] [DEBUG] Clicked on element Email Details Tab
[2025-11-17T11:44:16.906Z] [INFO] Clicking on element Close NBIL Sub Tab
[2025-11-17T11:44:18.107Z] [DEBUG] Clicked on element Close NBIL Sub Tab
[2025-11-17T11:44:18.475Z] [INFO] Clicking on element activity Tab
[2025-11-17T11:44:18.757Z] [DEBUG] Clicked on element activity Tab
[2025-11-17T11:44:18.871Z] [INFO] Scrolling attempt 1
[2025-11-17T11:44:19.497Z] [INFO] Element became visible during scroll.
[2025-11-17T11:44:21.632Z] [INFO] Clicking on element View All Files Button
[2025-11-17T11:44:22.011Z] [DEBUG] Clicked on element View All Files Button
[2025-11-17T11:44:25.212Z] [INFO] Clicking on element Close Files Sub Tab
[2025-11-17T11:44:25.446Z] [DEBUG] Clicked on element Close Files Sub Tab
[2025-11-17T11:44:25.528Z] [INFO] Clicking on element Opportunity Tab
[2025-11-17T11:44:25.951Z] [DEBUG] Clicked on element Opportunity Tab
[2025-11-17T11:44:25.953Z] [INFO] Clicking on element NBIL New Button
[2025-11-17T11:44:26.275Z] [DEBUG] Clicked on element NBIL New Button
[2025-11-17T11:44:31.940Z] [INFO] Clicking on element all Carriers Value 
[2025-11-17T11:44:32.302Z] [DEBUG] Clicked on element all Carriers Value 
[2025-11-17T11:44:32.443Z] [INFO] Clicking on element nbilNextButton
[2025-11-17T11:44:32.691Z] [DEBUG] Clicked on element nbilNextButton
[2025-11-17T11:44:32.693Z] [INFO] Sending text 'nuguri.charitha@us.lockton.com.cbqa' to email Id
[2025-11-17T11:44:37.268Z] [DEBUG] Sent text 'nuguri.charitha@us.lockton.com.cbqa' to email Id
[2025-11-17T11:44:42.496Z] [INFO] Clicking on element Done Button
[2025-11-17T11:44:42.743Z] [DEBUG] Clicked on element Done Button
[2025-11-17T11:44:48.614Z] [INFO] Clicking on element Done Button
[2025-11-17T11:44:48.926Z] [DEBUG] Clicked on element Done Button
[2025-11-17T11:44:49.606Z] [INFO] Clicking on element Close NDA/NBIL Flow Button
[2025-11-17T11:44:49.855Z] [DEBUG] Clicked on element Close NDA/NBIL Flow Button
[2025-11-17T11:44:53.029Z] [INFO] Element became visible during scroll.
[2025-11-17T11:44:55.143Z] [INFO] Clicking on element View All Files Button
[2025-11-17T11:44:55.635Z] [DEBUG] Clicked on element View All Files Button
[2025-11-17T11:45:29.492Z] [INFO] Sending text 'nuguri.charitha@us.lockton.com.cbqa' to username Input Value
[2025-11-17T11:45:29.816Z] [DEBUG] Sent text 'nuguri.charitha@us.lockton.com.cbqa' to username Input Value
[2025-11-17T11:45:29.819Z] [INFO] Sending text 'Charitha@89' to password Input Value
[2025-11-17T11:45:29.889Z] [DEBUG] Sent text 'Charitha@89' to password Input Value
[2025-11-17T11:45:29.891Z] [INFO] Clicking on element login Button
[2025-11-17T11:45:32.440Z] [DEBUG] Clicked on element login Button
[2025-11-17T11:45:37.903Z] [INFO] Clicking on element setUp Icon
[2025-11-17T11:45:38.128Z] [DEBUG] Clicked on element setUp Icon
[2025-11-17T11:45:44.331Z] [INFO] Clicking on element user Search Result
[2025-11-17T11:45:48.784Z] [DEBUG] Clicked on element user Search Result
[2025-11-17T11:46:05.763Z] [INFO] Clicking on element show Navigation Menu
[2025-11-17T11:46:08.133Z] [DEBUG] Clicked on element show Navigation Menu
[2025-11-17T11:46:08.247Z] [INFO] Clicking on element accounts Menu Item
[2025-11-17T11:46:08.667Z] [DEBUG] Clicked on element accounts Menu Item
[2025-11-17T11:46:10.238Z] [INFO] Clicking on element list View Element
[2025-11-17T11:46:10.609Z] [DEBUG] Clicked on element list View Element
[2025-11-17T11:46:10.656Z] [INFO] Sending text 'All Clients' to searchBox ListViewInput
[2025-11-17T11:46:10.817Z] [DEBUG] Sent text 'All Clients' to searchBox ListViewInput
[2025-11-17T11:46:10.879Z] [INFO] Clicking on element all Clients In List View
[2025-11-17T11:46:11.178Z] [DEBUG] Clicked on element all Clients In List View
[2025-11-17T11:46:11.219Z] [INFO] Clicking on element global Search Button
[2025-11-17T11:46:11.555Z] [DEBUG] Clicked on element global Search Button
[2025-11-17T11:46:12.148Z] [INFO] Sending text '1000 Miglia SRL' to global Search Input
[2025-11-17T11:46:12.395Z] [DEBUG] Sent text '1000 Miglia SRL' to global Search Input
[2025-11-17T11:46:13.335Z] [INFO] Clicking on element global Search Result
[2025-11-17T11:46:13.660Z] [DEBUG] Clicked on element global Search Result
[2025-11-17T11:46:13.663Z] [INFO] AccountPage: Validating account record type: Client
[2025-11-17T11:46:17.055Z] [INFO] AccountPage: Account record type 'Client' is visible.
[2025-11-17T11:46:17.058Z] [INFO] Clicking on element new Opportunity Button
[2025-11-17T11:46:18.936Z] [DEBUG] Clicked on element new Opportunity Button
[2025-11-17T11:46:18.938Z] [INFO] Clicking on element intial Intake Button
[2025-11-17T11:46:20.167Z] [DEBUG] Clicked on element intial Intake Button
[2025-11-17T11:46:20.169Z] [INFO] Clicking on element opportunity Next Button
[2025-11-17T11:46:20.758Z] [DEBUG] Clicked on element opportunity Next Button
[2025-11-17T11:46:22.476Z] [INFO] Sending text 'auto sdxhg' to opportunity Name
[2025-11-17T11:46:22.940Z] [DEBUG] Sent text 'auto sdxhg' to opportunity Name
[2025-11-17T11:46:22.998Z] [INFO] Clicking on element stage DropDown
[2025-11-17T11:46:23.382Z] [DEBUG] Clicked on element stage DropDown
[2025-11-17T11:46:23.452Z] [INFO] Clicking on element stage Value
[2025-11-17T11:46:23.794Z] [DEBUG] Clicked on element stage Value
[2025-11-17T11:46:24.173Z] [INFO] Clicking on element insurance Sub Type Drop Down
[2025-11-17T11:46:24.515Z] [DEBUG] Clicked on element insurance Sub Type Drop Down
[2025-11-17T11:46:24.519Z] [INFO] Clicking on element insurance Type field
[2025-11-17T11:46:24.912Z] [DEBUG] Clicked on element insurance Type field
[2025-11-17T11:46:26.988Z] [INFO] Clicking on element save Button
[2025-11-17T11:46:27.340Z] [DEBUG] Clicked on element save Button
[2025-11-17T11:46:31.109Z] [INFO] Clicking on element show More Actions DropDown
[2025-11-17T11:46:31.677Z] [DEBUG] Clicked on element show More Actions DropDown
[2025-11-17T11:46:31.681Z] [INFO] Clicking on element manage Opportunity Assignment Option
[2025-11-17T11:46:32.358Z] [DEBUG] Clicked on element manage Opportunity Assignment Option
[2025-11-17T11:46:34.784Z] [INFO] Sending text '100' to Primary Producer Allocation TextBox
[2025-11-17T11:46:35.307Z] [DEBUG] Sent text '100' to Primary Producer Allocation TextBox
[2025-11-17T11:46:35.309Z] [INFO] Clicking on element SaveAndClose Button
[2025-11-17T11:46:35.876Z] [DEBUG] Clicked on element SaveAndClose Button
[2025-11-17T11:46:35.888Z] [INFO] Clicking on element edit Button
[2025-11-17T11:46:38.438Z] [DEBUG] Clicked on element edit Button
[2025-11-17T11:46:41.157Z] [INFO] Sending text '11/17/2026' to quote DueDate Field
[2025-11-17T11:46:41.879Z] [DEBUG] Sent text '11/17/2026' to quote DueDate Field
[2025-11-17T11:46:41.881Z] [INFO] Sending text '2000' to enterpriseValueField
[2025-11-17T11:46:42.751Z] [DEBUG] Sent text '2000' to enterpriseValueField
[2025-11-17T11:46:42.752Z] [INFO] Sending text 'Goldman Sachs Asset Management' to target Field
[2025-11-17T11:46:43.371Z] [DEBUG] Sent text 'Goldman Sachs Asset Management' to target Field
[2025-11-17T11:46:43.372Z] [INFO] Sending text 'This target company provides healthcare laundry services in the U.S.' to target Description Field
[2025-11-17T11:46:44.144Z] [DEBUG] Sent text 'This target company provides healthcare laundry services in the U.S.' to target Description Field
[2025-11-17T11:46:44.146Z] [INFO] Clicking on element quote DueTime DropDown
[2025-11-17T11:46:44.722Z] [DEBUG] Clicked on element quote DueTime DropDown
[2025-11-17T11:46:44.853Z] [INFO] Clicking on element quote DueTime Value
[2025-11-17T11:46:45.513Z] [DEBUG] Clicked on element quote DueTime Value
[2025-11-17T11:46:45.515Z] [INFO] Clicking on element sellers Idemnity
[2025-11-17T11:46:46.024Z] [DEBUG] Clicked on element sellers Idemnity
[2025-11-17T11:46:46.027Z] [INFO] Clicking on element sellers Idemnity Value
[2025-11-17T11:46:46.464Z] [DEBUG] Clicked on element sellers Idemnity Value
[2025-11-17T11:46:46.467Z] [INFO] Clicking on element buyers Council DropDown
[2025-11-17T11:46:47.278Z] [DEBUG] Clicked on element buyers Council DropDown
[2025-11-17T11:46:47.280Z] [INFO] Clicking on element buyers Council DropDown Value
[2025-11-17T11:46:48.008Z] [DEBUG] Clicked on element buyers Council DropDown Value
[2025-11-17T11:46:48.010Z] [INFO] Sending text '103' to limit Requested
[2025-11-17T11:46:48.702Z] [DEBUG] Sent text '103' to limit Requested
[2025-11-17T11:46:48.706Z] [INFO] Clicking on element save Button
[2025-11-17T11:46:49.388Z] [DEBUG] Clicked on element save Button
[2025-11-17T11:46:49.399Z] [INFO] Clicking on element edit Button
[2025-11-17T11:46:52.219Z] [DEBUG] Clicked on element edit Button
[2025-11-17T11:46:53.241Z] [INFO] Sending text '35' to rollover Percentage
[2025-11-17T11:46:54.809Z] [DEBUG] Sent text '35' to rollover Percentage
[2025-11-17T11:46:54.811Z] [INFO] Sending text 'Test Purchase Agreement' to purchase Agreement
[2025-11-17T11:46:55.299Z] [DEBUG] Sent text 'Test Purchase Agreement' to purchase Agreement
[2025-11-17T11:46:55.303Z] [INFO] Clicking on element sellers Council DropDown
[2025-11-17T11:46:56.097Z] [DEBUG] Clicked on element sellers Council DropDown
[2025-11-17T11:46:56.099Z] [INFO] Clicking on element sellers Council Value
[2025-11-17T11:46:57.074Z] [DEBUG] Clicked on element sellers Council Value
[2025-11-17T11:46:57.076Z] [INFO] Sending text '500' to limit Requested2
[2025-11-17T11:46:57.795Z] [DEBUG] Sent text '500' to limit Requested2
[2025-11-17T11:46:57.797Z] [INFO] Clicking on element limit Comments
[2025-11-17T11:46:58.692Z] [DEBUG] Clicked on element limit Comments
[2025-11-17T11:46:58.694Z] [INFO] Sending text 'Test limit Comments' to limit Comments
[2025-11-17T11:46:59.482Z] [DEBUG] Sent text 'Test limit Comments' to limit Comments
[2025-11-17T11:46:59.484Z] [INFO] Clicking on element other Requested Terms
[2025-11-17T11:47:00.250Z] [DEBUG] Clicked on element other Requested Terms
[2025-11-17T11:47:00.252Z] [INFO] Sending text 'Test other requested terms' to other Requested Terms
[2025-11-17T11:47:00.915Z] [DEBUG] Sent text 'Test other requested terms' to other Requested Terms
[2025-11-17T11:47:00.920Z] [INFO] Clicking on element draft Purchase Agreement CheckBox
[2025-11-17T11:47:01.713Z] [DEBUG] Clicked on element draft Purchase Agreement CheckBox
[2025-11-17T11:47:01.715Z] [INFO] Clicking on element type Of Financials DropDown
[2025-11-17T11:47:02.583Z] [DEBUG] Clicked on element type Of Financials DropDown
[2025-11-17T11:47:02.588Z] [INFO] Clicking on element type Of Financials Value
[2025-11-17T11:47:03.538Z] [DEBUG] Clicked on element type Of Financials Value
[2025-11-17T11:47:03.542Z] [INFO] Clicking on element deal Book CheckBox
[2025-11-17T11:47:04.505Z] [DEBUG] Clicked on element deal Book CheckBox
[2025-11-17T11:47:04.509Z] [INFO] Clicking on element legal DropDown
[2025-11-17T11:47:05.820Z] [DEBUG] Clicked on element legal DropDown
[2025-11-17T11:47:05.825Z] [INFO] Clicking on element legal Value
[2025-11-17T11:47:06.928Z] [DEBUG] Clicked on element legal Value
[2025-11-17T11:47:06.930Z] [INFO] Clicking on element financial DropDown
[2025-11-17T11:47:07.670Z] [DEBUG] Clicked on element financial DropDown
[2025-11-17T11:47:07.851Z] [INFO] Clicking on element financial Value
[2025-11-17T11:47:08.740Z] [DEBUG] Clicked on element financial Value
[2025-11-17T11:47:08.742Z] [INFO] Clicking on element tax DropDown
[2025-11-17T11:47:09.605Z] [DEBUG] Clicked on element tax DropDown
[2025-11-17T11:47:09.609Z] [INFO] Clicking on element tax Value
[2025-11-17T11:47:10.485Z] [DEBUG] Clicked on element tax Value
[2025-11-17T11:47:10.487Z] [INFO] Clicking on element save Button
[2025-11-17T11:47:11.300Z] [DEBUG] Clicked on element save Button
[2025-11-17T11:47:11.504Z] [INFO] Clicking on element global Search Button
[2025-11-17T11:47:14.347Z] [DEBUG] Clicked on element global Search Button
[2025-11-17T11:47:14.482Z] [INFO] Sending text 'AIG Specialty Insurance Company' to global Search Input
[2025-11-17T11:47:14.958Z] [DEBUG] Sent text 'AIG Specialty Insurance Company' to global Search Input
[2025-11-17T11:47:15.515Z] [INFO] Clicking on element global Search Result
[2025-11-17T11:47:15.874Z] [DEBUG] Clicked on element global Search Result
[2025-11-17T11:47:18.488Z] [INFO] Clicking on element taxCarriers Header
[2025-11-17T11:47:19.126Z] [DEBUG] Clicked on element taxCarriers Header
[2025-11-17T11:47:19.640Z] [INFO] Clicking on element Close Last Account Tab
[2025-11-17T11:47:20.200Z] [DEBUG] Clicked on element Close Last Account Tab
[2025-11-17T11:47:20.202Z] [INFO] Clicking on element opportunity Tab
[2025-11-17T11:47:21.005Z] [DEBUG] Clicked on element opportunity Tab
[2025-11-17T11:47:21.191Z] [INFO] Clicking on element NBIL New Button
[2025-11-17T11:47:21.790Z] [DEBUG] Clicked on element NBIL New Button
[2025-11-17T11:47:24.251Z] [INFO] Clicking on element all Carriers Value 
[2025-11-17T11:47:24.654Z] [DEBUG] Clicked on element all Carriers Value 
[2025-11-17T11:47:24.910Z] [INFO] Clicking on element nbilNextButton
[2025-11-17T11:47:25.292Z] [DEBUG] Clicked on element nbilNextButton
[2025-11-17T11:47:25.296Z] [INFO] Sending text 'nuguri.charitha@us.lockton.com' to email Id
[2025-11-17T11:47:27.205Z] [DEBUG] Sent text 'nuguri.charitha@us.lockton.com' to email Id
[2025-11-17T11:47:27.384Z] [INFO] Subject field is validated successfully with opportunity name.
[2025-11-17T11:47:32.795Z] [INFO] Clicking on element Done Button
[2025-11-17T11:47:33.372Z] [DEBUG] Clicked on element Done Button
[2025-11-17T11:47:39.341Z] [INFO] Clicking on element Done Button
[2025-11-17T11:47:39.739Z] [DEBUG] Clicked on element Done Button
[2025-11-17T11:47:45.672Z] [INFO] Clicking on element Done Button
[2025-11-17T11:47:46.138Z] [DEBUG] Clicked on element Done Button
[2025-11-17T11:47:46.785Z] [INFO] Clicking on element Previous Button
[2025-11-17T11:47:47.176Z] [DEBUG] Clicked on element Previous Button
[2025-11-17T11:47:49.242Z] [INFO] Clicking on element Next Button
[2025-11-17T11:47:49.575Z] [DEBUG] Clicked on element Next Button
[2025-11-17T11:47:52.892Z] [INFO] Sending text 'nuguri.charitha@us.lockton.com' to email Id
[2025-11-17T11:47:53.235Z] [DEBUG] Sent text 'nuguri.charitha@us.lockton.com' to email Id
[2025-11-17T11:47:58.789Z] [INFO] Clicking on element Done Button
[2025-11-17T11:47:59.207Z] [DEBUG] Clicked on element Done Button
[2025-11-17T11:48:05.073Z] [INFO] Clicking on element Done Button
[2025-11-17T11:48:05.571Z] [DEBUG] Clicked on element Done Button
[2025-11-17T11:48:11.443Z] [INFO] Clicking on element Done Button
[2025-11-17T11:48:11.911Z] [DEBUG] Clicked on element Done Button
[2025-11-17T11:48:18.194Z] [INFO] Clicking on element Done Button
[2025-11-17T11:48:18.679Z] [DEBUG] Clicked on element Done Button
[2025-11-17T11:48:21.081Z] [INFO] Clicking on element Close Duplicate Error Button
[2025-11-17T11:48:21.517Z] [DEBUG] Clicked on element Close Duplicate Error Button
[2025-11-17T11:48:21.693Z] [INFO] Clicking on element Delete file button
[2025-11-17T11:48:22.149Z] [DEBUG] Clicked on element Delete file button
[2025-11-17T11:48:22.242Z] [INFO] Clicking on element preview Text
[2025-11-17T11:48:22.598Z] [DEBUG] Clicked on element preview Text
[2025-11-17T11:48:25.019Z] [INFO] Sending text 'This is to inform you that the NBIL request has been updated with new static Test Information.' to static Carrier Text
[2025-11-17T11:48:25.376Z] [DEBUG] Sent text 'This is to inform you that the NBIL request has been updated with new static Test Information.' to static Carrier Text
[2025-11-17T11:48:25.382Z] [INFO] Clicking on element send Button
[2025-11-17T11:48:25.766Z] [DEBUG] Clicked on element send Button
[2025-11-17T11:48:30.745Z] [INFO] Clicking on element successWindow Close Button
[2025-11-17T11:48:31.106Z] [DEBUG] Clicked on element successWindow Close Button
[2025-11-17T11:48:33.035Z] [INFO] Clicking on element activity Tab
[2025-11-17T11:48:37.055Z] [DEBUG] Clicked on element activity Tab
[2025-11-17T11:48:37.157Z] [INFO] Clicking on element Email Request Sent Link
[2025-11-17T11:48:37.472Z] [DEBUG] Clicked on element Email Request Sent Link
[2025-11-17T11:48:37.487Z] [INFO] Clicking on element Email Details Tab
[2025-11-17T11:48:39.718Z] [DEBUG] Clicked on element Email Details Tab
[2025-11-17T11:48:39.723Z] [INFO] Clicking on element Email Details Tab
[2025-11-17T11:48:40.027Z] [DEBUG] Clicked on element Email Details Tab
[2025-11-17T11:48:40.448Z] [INFO] Clicking on element Close NBIL Sub Tab
[2025-11-17T11:48:40.667Z] [DEBUG] Clicked on element Close NBIL Sub Tab
[2025-11-17T11:48:40.735Z] [INFO] Clicking on element Opportunity Tab
[2025-11-17T11:48:41.145Z] [DEBUG] Clicked on element Opportunity Tab
[2025-11-17T11:48:41.148Z] [INFO] Clicking on element activity Tab
[2025-11-17T11:48:41.379Z] [DEBUG] Clicked on element activity Tab
[2025-11-17T11:48:41.514Z] [INFO] Scrolling attempt 1
[2025-11-17T11:48:42.114Z] [INFO] Scrolling attempt 2
[2025-11-17T11:48:42.763Z] [INFO] Element became visible during scroll.
[2025-11-17T11:48:44.863Z] [INFO] Clicking on element View All Files Button
[2025-11-17T11:48:45.193Z] [DEBUG] Clicked on element View All Files Button
[2025-11-17T11:48:48.351Z] [INFO] Clicking on element Close Files Sub Tab
[2025-11-17T11:48:48.677Z] [DEBUG] Clicked on element Close Files Sub Tab
[2025-11-17T11:48:48.992Z] [INFO] Clicking on element NBIL New Button
[2025-11-17T11:48:49.346Z] [DEBUG] Clicked on element NBIL New Button
[2025-11-17T11:48:51.609Z] [INFO] Clicking on element all Carriers Value 
[2025-11-17T11:48:51.791Z] [DEBUG] Clicked on element all Carriers Value 
[2025-11-17T11:48:51.946Z] [INFO] Clicking on element nbilNextButton
[2025-11-17T11:48:52.195Z] [DEBUG] Clicked on element nbilNextButton
[2025-11-17T11:48:52.197Z] [INFO] Sending text 'nuguri.charitha@us.lockton.com.cbqa' to email Id
[2025-11-17T11:48:53.707Z] [DEBUG] Sent text 'nuguri.charitha@us.lockton.com.cbqa' to email Id
[2025-11-17T11:48:58.889Z] [INFO] Clicking on element Done Button
[2025-11-17T11:48:59.182Z] [DEBUG] Clicked on element Done Button
[2025-11-17T11:49:04.853Z] [INFO] Clicking on element Done Button
[2025-11-17T11:49:05.067Z] [DEBUG] Clicked on element Done Button
[2025-11-17T11:49:05.696Z] [INFO] Clicking on element Close NDA/NBIL Flow Button
[2025-11-17T11:49:05.979Z] [DEBUG] Clicked on element Close NDA/NBIL Flow Button
[2025-11-17T11:49:09.159Z] [INFO] Element became visible during scroll.
[2025-11-17T11:49:11.268Z] [INFO] Clicking on element View All Files Button
[2025-11-17T11:49:11.733Z] [DEBUG] Clicked on element View All Files Button
[2025-11-17T11:49:14.869Z] [INFO] Clicking on element Close Files Sub Tab
[2025-11-17T11:49:15.068Z] [DEBUG] Clicked on element Close Files Sub Tab
[2025-11-17T11:49:15.332Z] [INFO] Clicking on element NBIL New Button
[2025-11-17T11:49:15.660Z] [DEBUG] Clicked on element NBIL New Button
[2025-11-17T11:49:17.802Z] [INFO] Clicking on element all Carriers Value 
[2025-11-17T11:49:18.096Z] [DEBUG] Clicked on element all Carriers Value 
[2025-11-17T11:49:18.271Z] [INFO] Clicking on element nbilNextButton
[2025-11-17T11:49:18.565Z] [DEBUG] Clicked on element nbilNextButton
[2025-11-17T11:49:18.568Z] [INFO] Sending text 'nuguri.charitha@us.lockton.com' to email Id
[2025-11-17T11:49:20.129Z] [DEBUG] Sent text 'nuguri.charitha@us.lockton.com' to email Id
[2025-11-17T11:49:20.223Z] [INFO] Subject field is validated successfully with opportunity name.
[2025-11-17T11:49:25.464Z] [INFO] Clicking on element Done Button
[2025-11-17T11:49:25.705Z] [DEBUG] Clicked on element Done Button
[2025-11-17T11:49:31.366Z] [INFO] Clicking on element Done Button
[2025-11-17T11:49:31.595Z] [DEBUG] Clicked on element Done Button
[2025-11-17T11:49:37.246Z] [INFO] Clicking on element Done Button
[2025-11-17T11:49:37.536Z] [DEBUG] Clicked on element Done Button
[2025-11-17T11:49:38.109Z] [INFO] Clicking on element Previous Button
[2025-11-17T11:49:38.348Z] [DEBUG] Clicked on element Previous Button
[2025-11-17T11:49:40.379Z] [INFO] Clicking on element Next Button
[2025-11-17T11:49:40.557Z] [DEBUG] Clicked on element Next Button
[2025-11-17T11:49:43.700Z] [INFO] Sending text 'nuguri.charitha@us.lockton.com' to email Id
[2025-11-17T11:49:43.896Z] [DEBUG] Sent text 'nuguri.charitha@us.lockton.com' to email Id
[2025-11-17T11:49:49.221Z] [INFO] Clicking on element Done Button
[2025-11-17T11:49:49.414Z] [DEBUG] Clicked on element Done Button
[2025-11-17T11:49:55.149Z] [INFO] Clicking on element Done Button
[2025-11-17T11:49:55.358Z] [DEBUG] Clicked on element Done Button
[2025-11-17T11:50:01.105Z] [INFO] Clicking on element Done Button
[2025-11-17T11:50:01.454Z] [DEBUG] Clicked on element Done Button
[2025-11-17T11:50:07.320Z] [INFO] Clicking on element Done Button
[2025-11-17T11:50:07.530Z] [DEBUG] Clicked on element Done Button
[2025-11-17T11:50:09.718Z] [INFO] Clicking on element Close Duplicate Error Button
[2025-11-17T11:50:09.932Z] [DEBUG] Clicked on element Close Duplicate Error Button
[2025-11-17T11:50:10.012Z] [INFO] Clicking on element Delete file button
[2025-11-17T11:50:10.303Z] [DEBUG] Clicked on element Delete file button
[2025-11-17T11:50:10.344Z] [INFO] Clicking on element preview Text
[2025-11-17T11:50:10.627Z] [DEBUG] Clicked on element preview Text
[2025-11-17T11:50:11.905Z] [INFO] Sending text 'This is to inform you that the NBIL request has been updated with new static Test Information.' to static Carrier Text
[2025-11-17T11:50:12.137Z] [DEBUG] Sent text 'This is to inform you that the NBIL request has been updated with new static Test Information.' to static Carrier Text
[2025-11-17T11:50:12.146Z] [INFO] Clicking on element send Button
[2025-11-17T11:50:12.488Z] [DEBUG] Clicked on element send Button
[2025-11-17T11:50:16.425Z] [INFO] Clicking on element successWindow Close Button
[2025-11-17T11:50:16.694Z] [DEBUG] Clicked on element successWindow Close Button
[2025-11-17T11:50:18.281Z] [INFO] Clicking on element activity Tab
[2025-11-17T11:50:21.603Z] [DEBUG] Clicked on element activity Tab
[2025-11-17T11:50:22.123Z] [INFO] Clicking on element Email Request Sent Link
[2025-11-17T11:50:23.214Z] [DEBUG] Clicked on element Email Request Sent Link
[2025-11-17T11:50:23.220Z] [INFO] Clicking on element Email Details Tab
[2025-11-17T11:50:25.743Z] [DEBUG] Clicked on element Email Details Tab
[2025-11-17T11:50:25.746Z] [INFO] Clicking on element Email Details Tab
[2025-11-17T11:50:25.987Z] [DEBUG] Clicked on element Email Details Tab
[2025-11-17T11:50:26.990Z] [INFO] Clicking on element Close NBIL Sub Tab
[2025-11-17T11:50:27.170Z] [DEBUG] Clicked on element Close NBIL Sub Tab
[2025-11-17T11:50:27.348Z] [INFO] Clicking on element Opportunity Tab
[2025-11-17T11:50:27.669Z] [DEBUG] Clicked on element Opportunity Tab
[2025-11-17T11:50:27.671Z] [INFO] Clicking on element activity Tab
[2025-11-17T11:50:27.944Z] [DEBUG] Clicked on element activity Tab
[2025-11-17T11:50:28.024Z] [INFO] Scrolling attempt 1
[2025-11-17T11:50:28.605Z] [INFO] Scrolling attempt 2
[2025-11-17T11:50:29.227Z] [INFO] Scrolling attempt 3
[2025-11-17T11:50:29.823Z] [INFO] Element became visible during scroll.
[2025-11-17T11:50:31.922Z] [INFO] Clicking on element View All Files Button
[2025-11-17T11:50:32.265Z] [DEBUG] Clicked on element View All Files Button
[2025-11-17T11:50:35.430Z] [INFO] Clicking on element Close Files Sub Tab
[2025-11-17T11:50:35.581Z] [DEBUG] Clicked on element Close Files Sub Tab
[2025-11-17T11:50:35.660Z] [INFO] Clicking on element Opportunity Tab
[2025-11-17T11:50:36.093Z] [DEBUG] Clicked on element Opportunity Tab
[2025-11-17T11:50:36.095Z] [INFO] Clicking on element NBIL New Button
[2025-11-17T11:50:36.473Z] [DEBUG] Clicked on element NBIL New Button
[2025-11-17T11:50:38.703Z] [INFO] Clicking on element all Carriers Value 
[2025-11-17T11:50:38.892Z] [DEBUG] Clicked on element all Carriers Value 
[2025-11-17T11:50:39.035Z] [INFO] Clicking on element nbilNextButton
[2025-11-17T11:50:39.247Z] [DEBUG] Clicked on element nbilNextButton
[2025-11-17T11:50:39.251Z] [INFO] Sending text 'nuguri.charitha@us.lockton.com.cbqa' to email Id
[2025-11-17T11:50:40.757Z] [DEBUG] Sent text 'nuguri.charitha@us.lockton.com.cbqa' to email Id
[2025-11-17T11:50:45.931Z] [INFO] Clicking on element Done Button
[2025-11-17T11:50:46.145Z] [DEBUG] Clicked on element Done Button
[2025-11-17T11:50:51.954Z] [INFO] Clicking on element Done Button
[2025-11-17T11:50:52.161Z] [DEBUG] Clicked on element Done Button
[2025-11-17T11:50:52.836Z] [INFO] Clicking on element Close NDA/NBIL Flow Button
[2025-11-17T11:50:53.072Z] [DEBUG] Clicked on element Close NDA/NBIL Flow Button
[2025-11-17T11:50:56.247Z] [INFO] Element became visible during scroll.
[2025-11-17T11:50:58.367Z] [INFO] Clicking on element View All Files Button
[2025-11-17T11:50:58.859Z] [DEBUG] Clicked on element View All Files Button
[2025-11-17T11:51:02.013Z] [INFO] Clicking on element Close Files Sub Tab
[2025-11-17T11:51:02.175Z] [DEBUG] Clicked on element Close Files Sub Tab
[2025-11-17T11:51:02.261Z] [INFO] Clicking on element Opportunity Tab
[2025-11-17T11:51:02.767Z] [DEBUG] Clicked on element Opportunity Tab
[2025-11-17T11:51:02.771Z] [INFO] Clicking on element NBIL New Button
[2025-11-17T11:51:03.052Z] [DEBUG] Clicked on element NBIL New Button
[2025-11-17T11:51:05.224Z] [INFO] Clicking on element all Carriers Value 
[2025-11-17T11:51:05.423Z] [DEBUG] Clicked on element all Carriers Value 
[2025-11-17T11:51:05.566Z] [INFO] Clicking on element nbilNextButton
[2025-11-17T11:51:05.773Z] [DEBUG] Clicked on element nbilNextButton
[2025-11-17T11:51:05.776Z] [INFO] Sending text 'nuguri.charitha@us.lockton.com' to email Id
[2025-11-17T11:51:07.355Z] [DEBUG] Sent text 'nuguri.charitha@us.lockton.com' to email Id
[2025-11-17T11:51:07.445Z] [INFO] Subject field is validated successfully with opportunity name.
[2025-11-17T11:51:12.801Z] [INFO] Clicking on element Done Button
[2025-11-17T11:51:13.031Z] [DEBUG] Clicked on element Done Button
[2025-11-17T11:51:18.740Z] [INFO] Clicking on element Done Button
[2025-11-17T11:51:18.961Z] [DEBUG] Clicked on element Done Button
[2025-11-17T11:51:24.699Z] [INFO] Clicking on element Done Button
[2025-11-17T11:51:24.907Z] [DEBUG] Clicked on element Done Button
[2025-11-17T11:51:25.629Z] [INFO] Clicking on element Previous Button
[2025-11-17T11:51:25.861Z] [DEBUG] Clicked on element Previous Button
[2025-11-17T11:51:27.894Z] [INFO] Clicking on element Next Button
[2025-11-17T11:51:28.119Z] [DEBUG] Clicked on element Next Button
[2025-11-17T11:51:31.308Z] [INFO] Sending text 'nuguri.charitha@us.lockton.com' to email Id
[2025-11-17T11:51:31.654Z] [DEBUG] Sent text 'nuguri.charitha@us.lockton.com' to email Id
[2025-11-17T11:51:36.951Z] [INFO] Clicking on element Done Button
[2025-11-17T11:51:37.192Z] [DEBUG] Clicked on element Done Button
[2025-11-17T11:51:42.806Z] [INFO] Clicking on element Done Button
[2025-11-17T11:51:43.129Z] [DEBUG] Clicked on element Done Button
[2025-11-17T11:51:48.956Z] [INFO] Clicking on element Done Button
[2025-11-17T11:51:49.162Z] [DEBUG] Clicked on element Done Button
[2025-11-17T11:51:54.998Z] [INFO] Clicking on element Done Button
[2025-11-17T11:51:55.188Z] [DEBUG] Clicked on element Done Button
[2025-11-17T11:51:57.380Z] [INFO] Clicking on element Close Duplicate Error Button
[2025-11-17T11:51:57.708Z] [DEBUG] Clicked on element Close Duplicate Error Button
[2025-11-17T11:51:57.873Z] [INFO] Clicking on element Delete file button
[2025-11-17T11:51:58.102Z] [DEBUG] Clicked on element Delete file button
[2025-11-17T11:51:58.134Z] [INFO] Clicking on element preview Text
[2025-11-17T11:51:58.387Z] [DEBUG] Clicked on element preview Text
[2025-11-17T11:51:59.757Z] [INFO] Sending text 'This is to inform you that the NBIL request has been updated with new static Test Information.' to static Carrier Text
[2025-11-17T11:51:59.959Z] [DEBUG] Sent text 'This is to inform you that the NBIL request has been updated with new static Test Information.' to static Carrier Text
[2025-11-17T11:51:59.967Z] [INFO] Clicking on element send Button
[2025-11-17T11:52:00.358Z] [DEBUG] Clicked on element send Button
[2025-11-17T11:52:04.840Z] [INFO] Clicking on element successWindow Close Button
[2025-11-17T11:52:05.022Z] [DEBUG] Clicked on element successWindow Close Button
[2025-11-17T11:52:06.910Z] [INFO] Clicking on element activity Tab
[2025-11-17T11:52:10.684Z] [DEBUG] Clicked on element activity Tab
[2025-11-17T11:52:11.670Z] [INFO] Clicking on element Email Request Sent Link
[2025-11-17T11:52:12.466Z] [DEBUG] Clicked on element Email Request Sent Link
[2025-11-17T11:52:12.468Z] [INFO] Clicking on element Email Details Tab
[2025-11-17T11:52:14.560Z] [DEBUG] Clicked on element Email Details Tab
[2025-11-17T11:52:14.564Z] [INFO] Clicking on element Email Details Tab
[2025-11-17T11:52:14.770Z] [DEBUG] Clicked on element Email Details Tab
[2025-11-17T11:52:15.323Z] [INFO] Clicking on element Close NBIL Sub Tab
[2025-11-17T11:52:15.593Z] [DEBUG] Clicked on element Close NBIL Sub Tab
[2025-11-17T11:52:15.676Z] [INFO] Clicking on element Opportunity Tab
[2025-11-17T11:52:16.114Z] [DEBUG] Clicked on element Opportunity Tab
[2025-11-17T11:52:16.116Z] [INFO] Clicking on element activity Tab
[2025-11-17T11:52:16.381Z] [DEBUG] Clicked on element activity Tab
[2025-11-17T11:52:16.460Z] [INFO] Scrolling attempt 1
[2025-11-17T11:52:17.041Z] [INFO] Scrolling attempt 2
[2025-11-17T11:52:17.689Z] [INFO] Element became visible during scroll.
[2025-11-17T11:52:19.850Z] [INFO] Clicking on element View All Files Button
[2025-11-17T11:52:20.233Z] [DEBUG] Clicked on element View All Files Button
[2025-11-17T11:52:23.521Z] [INFO] Clicking on element Close Files Sub Tab
[2025-11-17T11:52:23.719Z] [DEBUG] Clicked on element Close Files Sub Tab
[2025-11-17T11:52:23.799Z] [INFO] Clicking on element Opportunity Tab
[2025-11-17T11:52:24.192Z] [DEBUG] Clicked on element Opportunity Tab
[2025-11-17T11:52:24.194Z] [INFO] Clicking on element NBIL New Button
[2025-11-17T11:52:24.541Z] [DEBUG] Clicked on element NBIL New Button
[2025-11-17T11:52:26.825Z] [INFO] Clicking on element all Carriers Value 
[2025-11-17T11:52:27.018Z] [DEBUG] Clicked on element all Carriers Value 
[2025-11-17T11:52:27.173Z] [INFO] Clicking on element nbilNextButton
[2025-11-17T11:52:27.424Z] [DEBUG] Clicked on element nbilNextButton
[2025-11-17T11:52:27.426Z] [INFO] Sending text 'nuguri.charitha@us.lockton.com.cbqa' to email Id
[2025-11-17T11:52:28.943Z] [DEBUG] Sent text 'nuguri.charitha@us.lockton.com.cbqa' to email Id
[2025-11-17T11:52:34.139Z] [INFO] Clicking on element Done Button
[2025-11-17T11:52:34.443Z] [DEBUG] Clicked on element Done Button
[2025-11-17T11:52:40.047Z] [INFO] Clicking on element Done Button
[2025-11-17T11:52:40.241Z] [DEBUG] Clicked on element Done Button
[2025-11-17T11:52:41.008Z] [INFO] Clicking on element Close NDA/NBIL Flow Button
[2025-11-17T11:52:41.257Z] [DEBUG] Clicked on element Close NDA/NBIL Flow Button
[2025-11-17T11:52:44.441Z] [INFO] Element became visible during scroll.
[2025-11-17T11:52:46.548Z] [INFO] Clicking on element View All Files Button
[2025-11-17T11:52:46.903Z] [DEBUG] Clicked on element View All Files Button
[2025-11-17T11:53:22.869Z] [INFO] Sending text 'nuguri.charitha@us.lockton.com.cbqa' to username Input Value
[2025-11-17T11:53:23.375Z] [DEBUG] Sent text 'nuguri.charitha@us.lockton.com.cbqa' to username Input Value
[2025-11-17T11:53:23.383Z] [INFO] Sending text 'Charitha@89' to password Input Value
[2025-11-17T11:53:23.579Z] [DEBUG] Sent text 'Charitha@89' to password Input Value
[2025-11-17T11:53:23.582Z] [INFO] Clicking on element login Button
[2025-11-17T11:53:26.789Z] [DEBUG] Clicked on element login Button
[2025-11-17T11:53:32.893Z] [INFO] Clicking on element setUp Icon
[2025-11-17T11:53:33.472Z] [DEBUG] Clicked on element setUp Icon
[2025-11-17T11:53:40.837Z] [INFO] Clicking on element user Search Result
[2025-11-17T11:53:45.323Z] [DEBUG] Clicked on element user Search Result
[2025-11-17T11:54:03.026Z] [INFO] Clicking on element show Navigation Menu
[2025-11-17T11:54:03.326Z] [DEBUG] Clicked on element show Navigation Menu
[2025-11-17T11:54:03.367Z] [INFO] Clicking on element accounts Menu Item
[2025-11-17T11:54:03.582Z] [DEBUG] Clicked on element accounts Menu Item
[2025-11-17T11:54:06.987Z] [INFO] Clicking on element list View Element
[2025-11-17T11:54:08.451Z] [DEBUG] Clicked on element list View Element
[2025-11-17T11:54:08.551Z] [INFO] Sending text 'All Clients' to searchBox ListViewInput
[2025-11-17T11:54:08.949Z] [DEBUG] Sent text 'All Clients' to searchBox ListViewInput
[2025-11-17T11:54:09.063Z] [INFO] Clicking on element all Clients In List View
[2025-11-17T11:54:09.616Z] [DEBUG] Clicked on element all Clients In List View
[2025-11-17T11:54:09.724Z] [INFO] Clicking on element global Search Button
[2025-11-17T11:54:10.504Z] [DEBUG] Clicked on element global Search Button
[2025-11-17T11:54:10.691Z] [INFO] Sending text '1000 Miglia SRL' to global Search Input
[2025-11-17T11:54:11.235Z] [DEBUG] Sent text '1000 Miglia SRL' to global Search Input
[2025-11-17T11:54:11.850Z] [INFO] Clicking on element global Search Result
[2025-11-17T11:54:13.041Z] [DEBUG] Clicked on element global Search Result
[2025-11-17T11:54:13.044Z] [INFO] AccountPage: Validating account record type: Client
[2025-11-17T11:54:17.233Z] [INFO] AccountPage: Account record type 'Client' is visible.
[2025-11-17T11:54:17.239Z] [INFO] Clicking on element new Opportunity Button
[2025-11-17T11:54:20.861Z] [DEBUG] Clicked on element new Opportunity Button
[2025-11-17T11:54:20.863Z] [INFO] Clicking on element intial Intake Button
[2025-11-17T11:54:22.333Z] [DEBUG] Clicked on element intial Intake Button
[2025-11-17T11:54:22.335Z] [INFO] Clicking on element opportunity Next Button
[2025-11-17T11:54:23.022Z] [DEBUG] Clicked on element opportunity Next Button
[2025-11-17T11:54:25.348Z] [INFO] Sending text 'auto vbwky' to opportunity Name
[2025-11-17T11:54:25.851Z] [DEBUG] Sent text 'auto vbwky' to opportunity Name
[2025-11-17T11:54:25.963Z] [INFO] Clicking on element stage DropDown
[2025-11-17T11:54:26.454Z] [DEBUG] Clicked on element stage DropDown
[2025-11-17T11:54:36.526Z] [INFO] Sending text 'nuguri.charitha@us.lockton.com.cbqa' to username Input Value
[2025-11-17T11:54:36.731Z] [DEBUG] Sent text 'nuguri.charitha@us.lockton.com.cbqa' to username Input Value
[2025-11-17T11:54:36.733Z] [INFO] Sending text 'Charitha@89' to password Input Value
[2025-11-17T11:54:36.832Z] [DEBUG] Sent text 'Charitha@89' to password Input Value
[2025-11-17T11:54:36.833Z] [INFO] Clicking on element login Button
[2025-11-17T11:54:38.921Z] [DEBUG] Clicked on element login Button
[2025-11-17T11:54:44.504Z] [INFO] Clicking on element setUp Icon
[2025-11-17T11:54:44.905Z] [DEBUG] Clicked on element setUp Icon
[2025-11-17T11:54:54.045Z] [INFO] Clicking on element user Search Result
[2025-11-17T11:54:56.917Z] [DEBUG] Clicked on element user Search Result
[2025-11-17T11:55:15.418Z] [INFO] Clicking on element show Navigation Menu
[2025-11-17T11:55:15.630Z] [DEBUG] Clicked on element show Navigation Menu
[2025-11-17T11:55:15.668Z] [INFO] Clicking on element accounts Menu Item
[2025-11-17T11:55:15.955Z] [DEBUG] Clicked on element accounts Menu Item
[2025-11-17T11:55:18.763Z] [INFO] Clicking on element list View Element
[2025-11-17T11:55:19.203Z] [DEBUG] Clicked on element list View Element
[2025-11-17T11:55:19.262Z] [INFO] Sending text 'All Clients' to searchBox ListViewInput
[2025-11-17T11:55:19.411Z] [DEBUG] Sent text 'All Clients' to searchBox ListViewInput
[2025-11-17T11:55:19.470Z] [INFO] Clicking on element all Clients In List View
[2025-11-17T11:55:19.759Z] [DEBUG] Clicked on element all Clients In List View
[2025-11-17T11:55:19.791Z] [INFO] Clicking on element global Search Button
[2025-11-17T11:55:20.123Z] [DEBUG] Clicked on element global Search Button
[2025-11-17T11:55:20.166Z] [INFO] Sending text '1000 Miglia SRL' to global Search Input
[2025-11-17T11:55:20.591Z] [DEBUG] Sent text '1000 Miglia SRL' to global Search Input
[2025-11-17T11:55:21.123Z] [INFO] Clicking on element global Search Result
[2025-11-17T11:55:21.607Z] [DEBUG] Clicked on element global Search Result
[2025-11-17T11:55:21.610Z] [INFO] AccountPage: Validating account record type: Client
[2025-11-17T11:55:25.083Z] [INFO] AccountPage: Account record type 'Client' is visible.
[2025-11-17T11:55:25.086Z] [INFO] Clicking on element new Opportunity Button
[2025-11-17T11:55:29.606Z] [DEBUG] Clicked on element new Opportunity Button
[2025-11-17T11:55:29.607Z] [INFO] Clicking on element intial Intake Button
[2025-11-17T11:55:31.449Z] [ERROR] Failed to click on element intial Intake Button: Error: locator.waitFor: Target page, context or browser has been closed
Call log:
[2m  - waiting for locator('//span[text()=\'Initial Intake\'][last()]')[22m

[2025-11-17T11:57:40.416Z] [INFO] Sending text 'nuguri.charitha@us.lockton.com.cbqa' to username Input Value
[2025-11-17T11:57:40.801Z] [DEBUG] Sent text 'nuguri.charitha@us.lockton.com.cbqa' to username Input Value
[2025-11-17T11:57:40.806Z] [INFO] Sending text 'Charitha@89' to password Input Value
[2025-11-17T11:57:40.944Z] [DEBUG] Sent text 'Charitha@89' to password Input Value
[2025-11-17T11:57:40.953Z] [INFO] Clicking on element login Button
[2025-11-17T11:57:43.224Z] [DEBUG] Clicked on element login Button
[2025-11-17T11:57:48.928Z] [INFO] Clicking on element setUp Icon
[2025-11-17T11:57:49.271Z] [DEBUG] Clicked on element setUp Icon
[2025-11-17T11:57:57.134Z] [INFO] Clicking on element user Search Result
[2025-11-17T11:58:01.127Z] [DEBUG] Clicked on element user Search Result
[2025-11-17T11:58:19.327Z] [INFO] Clicking on element show Navigation Menu
[2025-11-17T11:58:20.046Z] [DEBUG] Clicked on element show Navigation Menu
[2025-11-17T11:58:21.285Z] [INFO] Clicking on element accounts Menu Item
[2025-11-17T11:58:23.054Z] [DEBUG] Clicked on element accounts Menu Item
[2025-11-17T11:58:25.075Z] [INFO] Clicking on element list View Element
[2025-11-17T11:58:25.974Z] [DEBUG] Clicked on element list View Element
[2025-11-17T11:58:26.142Z] [INFO] Sending text 'All Clients' to searchBox ListViewInput
[2025-11-17T11:58:26.749Z] [DEBUG] Sent text 'All Clients' to searchBox ListViewInput
[2025-11-17T11:58:26.914Z] [INFO] Clicking on element all Clients In List View
[2025-11-17T11:58:28.225Z] [DEBUG] Clicked on element all Clients In List View
[2025-11-17T11:58:28.365Z] [INFO] Clicking on element global Search Button
[2025-11-17T11:58:31.067Z] [DEBUG] Clicked on element global Search Button
[2025-11-17T11:58:31.256Z] [INFO] Sending text '1000 Miglia SRL' to global Search Input
[2025-11-17T11:58:32.303Z] [DEBUG] Sent text '1000 Miglia SRL' to global Search Input
[2025-11-17T11:58:33.009Z] [INFO] Clicking on element global Search Result
[2025-11-17T11:58:33.975Z] [DEBUG] Clicked on element global Search Result
[2025-11-17T11:58:33.988Z] [INFO] AccountPage: Validating account record type: Client
[2025-11-17T11:58:39.325Z] [INFO] AccountPage: Account record type 'Client' is visible.
[2025-11-17T11:58:39.331Z] [INFO] Clicking on element new Opportunity Button
[2025-11-17T11:58:46.430Z] [DEBUG] Clicked on element new Opportunity Button
[2025-11-17T11:58:46.436Z] [INFO] Clicking on element intial Intake Button
[2025-11-17T11:58:49.176Z] [DEBUG] Clicked on element intial Intake Button
[2025-11-17T11:58:49.180Z] [INFO] Clicking on element opportunity Next Button
[2025-11-17T11:58:50.709Z] [DEBUG] Clicked on element opportunity Next Button
[2025-11-17T11:58:53.324Z] [INFO] Sending text 'auto rokmf' to opportunity Name
[2025-11-17T11:58:55.095Z] [DEBUG] Sent text 'auto rokmf' to opportunity Name
[2025-11-17T11:58:55.405Z] [INFO] Clicking on element stage DropDown
[2025-11-17T11:58:56.596Z] [DEBUG] Clicked on element stage DropDown
[2025-11-17T11:58:56.749Z] [INFO] Clicking on element stage Value
[2025-11-17T11:58:57.761Z] [DEBUG] Clicked on element stage Value
[2025-11-17T11:58:58.865Z] [INFO] Clicking on element insurance Sub Type Drop Down
[2025-11-17T11:58:59.892Z] [DEBUG] Clicked on element insurance Sub Type Drop Down
[2025-11-17T11:58:59.894Z] [INFO] Clicking on element insurance Type field
[2025-11-17T11:59:01.143Z] [DEBUG] Clicked on element insurance Type field
[2025-11-17T11:59:03.378Z] [INFO] Clicking on element save Button
[2025-11-17T11:59:04.671Z] [DEBUG] Clicked on element save Button
[2025-11-17T11:59:04.696Z] [INFO] Clicking on element Actions dropdown
[2025-11-17T11:59:11.035Z] [DEBUG] Clicked on element Actions dropdown
[2025-11-17T11:59:11.038Z] [INFO] Clicking on element Coverage builder option
[2025-11-17T11:59:13.250Z] [DEBUG] Clicked on element Coverage builder option
[2025-11-17T11:59:23.884Z] [INFO] Coverage not visible — need to add new coverage.
[2025-11-17T11:59:23.893Z] [INFO] No coverage found — creating new coverage now...
[2025-11-17T11:59:24.152Z] [INFO] CoveragePage: Coverage Builder page is displayed.
[2025-11-17T11:59:24.165Z] [INFO] Clicking on element New Coverage Button
[2025-11-17T11:59:25.610Z] [DEBUG] Clicked on element New Coverage Button
[2025-11-17T11:59:25.617Z] [INFO] Clicking on element Standalone Coverage Type
[2025-11-17T11:59:27.838Z] [DEBUG] Clicked on element Standalone Coverage Type
[2025-11-17T11:59:27.845Z] [INFO] Clicking on element Front Row Button
[2025-11-17T11:59:28.990Z] [DEBUG] Clicked on element Front Row Button
[2025-11-17T11:59:29.194Z] [INFO] Clicking on element Confirm Button
[2025-11-17T11:59:30.505Z] [DEBUG] Clicked on element Confirm Button
[2025-11-17T11:59:31.526Z] [INFO] Clicking on element Coverage Close Button
[2025-11-17T11:59:33.153Z] [DEBUG] Clicked on element Coverage Close Button
[2025-11-17T11:59:33.191Z] [INFO] New Coverages added and closed the coverage window.
[2025-11-17T11:59:33.227Z] [INFO] Clicking on element show More Actions DropDown
[2025-11-17T11:59:36.694Z] [DEBUG] Clicked on element show More Actions DropDown
[2025-11-17T11:59:36.700Z] [INFO] Clicking on element manage Opportunity Assignment Option
[2025-11-17T11:59:38.361Z] [DEBUG] Clicked on element manage Opportunity Assignment Option
[2025-11-17T11:59:40.399Z] [INFO] Sending text '100' to Producer Allocation Textbox
[2025-11-17T11:59:41.626Z] [DEBUG] Sent text '100' to Producer Allocation Textbox
[2025-11-17T11:59:41.629Z] [INFO] Clicking on element SaveAndClose Button
[2025-11-17T11:59:43.079Z] [DEBUG] Clicked on element SaveAndClose Button
[2025-11-17T11:59:43.306Z] [INFO] Stage "Underwriting" is not current. Updating stage...
[2025-11-17T11:59:43.311Z] [INFO] Clicking on element Stage
[2025-11-17T11:59:46.454Z] [DEBUG] Clicked on element Stage
[2025-11-17T11:59:46.458Z] [INFO] Clicking on element Mark As Current State Button
[2025-11-17T11:59:48.502Z] [DEBUG] Clicked on element Mark As Current State Button
[2025-11-17T11:59:48.860Z] [INFO] Stage "Underwriting" has been successfully marked as current.
[2025-11-17T11:59:54.980Z] [INFO] Scrolling attempt 1
[2025-11-17T11:59:56.711Z] [INFO] Scrolling attempt 2
[2025-11-17T11:59:58.155Z] [INFO] Element became visible during scroll.
[2025-11-17T11:59:58.163Z] [INFO] Clicking on element New Policy dropdown
[2025-11-17T12:00:00.418Z] [DEBUG] Clicked on element New Policy dropdown
[2025-11-17T12:00:00.426Z] [INFO] Clicking on element New Policy Button
[2025-11-17T12:00:02.668Z] [DEBUG] Clicked on element New Policy Button
[2025-11-17T12:00:08.844Z] [INFO] Sending text 'Polxlziw' to Policy Number
[2025-11-17T12:00:10.318Z] [DEBUG] Sent text 'Polxlziw' to Policy Number
[2025-11-17T12:00:10.322Z] [INFO] Sending text '11/17/2025' to Policy Effective Date
[2025-11-17T12:00:13.228Z] [DEBUG] Sent text '11/17/2025' to Policy Effective Date
[2025-11-17T12:00:13.235Z] [INFO] Sending text '11/17/2032' to Policy Effective Date
[2025-11-17T12:00:14.686Z] [DEBUG] Sent text '11/17/2032' to Policy Effective Date
[2025-11-17T12:00:16.703Z] [INFO] Sending text 'Deshuot' to Policy Description
[2025-11-17T12:00:18.426Z] [DEBUG] Sent text 'Deshuot' to Policy Description
[2025-11-17T12:00:19.381Z] [INFO] Selecting value from 'BillToContact' Dropdown
[2025-11-17T12:00:19.662Z] [INFO] Selecting dropdown value by index: 1
[2025-11-17T12:00:20.710Z] [INFO] ✅ Successfully selected "1" from 'BillToContact' Dropdown
[2025-11-17T12:00:21.638Z] [INFO] Selecting value from 'BillToLocation' Dropdown
[2025-11-17T12:00:21.959Z] [INFO] Selecting dropdown value by index: 1
[2025-11-17T12:00:22.999Z] [INFO] ✅ Successfully selected "1" from 'BillToLocation' Dropdown
[2025-11-17T12:00:23.005Z] [INFO] Clicking on element Edit Save Button
[2025-11-17T12:00:24.624Z] [DEBUG] Clicked on element Edit Save Button
[2025-11-17T12:00:25.479Z] [INFO] Scrolling attempt 1
[2025-11-17T12:00:27.282Z] [INFO] Scrolling attempt 2
[2025-11-17T12:00:29.034Z] [INFO] Element became visible during scroll.
[2025-11-17T12:00:29.039Z] [INFO] Clicking on element add coverage button
[2025-11-17T12:00:33.170Z] [DEBUG] Clicked on element add coverage button
[2025-11-17T12:00:33.173Z] [INFO] Clicking on element Coverage ID Dropdown
[2025-11-17T12:00:34.490Z] [DEBUG] Clicked on element Coverage ID Dropdown
[2025-11-17T12:00:34.500Z] [INFO] Clicking on element Coverage ID Option
[2025-11-17T12:00:36.180Z] [DEBUG] Clicked on element Coverage ID Option
[2025-11-17T12:00:36.435Z] [INFO] Clicking on element Save For Later Button
[2025-11-17T12:00:38.122Z] [DEBUG] Clicked on element Save For Later Button
[2025-11-17T12:00:38.127Z] [INFO] Waiting for NX sync spinner to disappear...
[2025-11-17T12:00:38.709Z] [INFO] NX policy sync completed successfully.
[2025-11-17T12:00:49.063Z] [INFO] 🔍 Verifying Policy Page for Policy Number: Polxlziw
[2025-11-17T12:01:59.669Z] [INFO] Sending text 'nuguri.charitha@us.lockton.com.cbqa' to username Input Value
[2025-11-17T12:02:00.334Z] [DEBUG] Sent text 'nuguri.charitha@us.lockton.com.cbqa' to username Input Value
[2025-11-17T12:02:00.342Z] [INFO] Sending text 'Charitha@89' to password Input Value
[2025-11-17T12:02:00.573Z] [DEBUG] Sent text 'Charitha@89' to password Input Value
[2025-11-17T12:02:00.582Z] [INFO] Clicking on element login Button
[2025-11-17T12:02:03.515Z] [DEBUG] Clicked on element login Button
[2025-11-17T12:02:10.244Z] [INFO] Clicking on element setUp Icon
[2025-11-17T12:02:11.203Z] [DEBUG] Clicked on element setUp Icon
[2025-11-17T12:02:21.042Z] [INFO] Clicking on element user Search Result
[2025-11-17T12:02:26.463Z] [DEBUG] Clicked on element user Search Result
[2025-11-17T12:02:51.462Z] [INFO] Clicking on element show Navigation Menu
[2025-11-17T12:02:53.557Z] [DEBUG] Clicked on element show Navigation Menu
[2025-11-17T12:02:53.741Z] [INFO] Clicking on element accounts Menu Item
[2025-11-17T12:02:54.650Z] [DEBUG] Clicked on element accounts Menu Item
[2025-11-17T12:02:56.586Z] [INFO] Clicking on element list View Element
[2025-11-17T12:02:57.444Z] [DEBUG] Clicked on element list View Element
[2025-11-17T12:02:57.620Z] [INFO] Sending text 'All Clients' to searchBox ListViewInput
[2025-11-17T12:02:58.344Z] [DEBUG] Sent text 'All Clients' to searchBox ListViewInput
[2025-11-17T12:02:58.528Z] [INFO] Clicking on element all Clients In List View
[2025-11-17T12:02:59.589Z] [DEBUG] Clicked on element all Clients In List View
[2025-11-17T12:02:59.743Z] [INFO] Clicking on element global Search Button
[2025-11-17T12:03:03.177Z] [DEBUG] Clicked on element global Search Button
[2025-11-17T12:03:03.375Z] [INFO] Sending text '1000 Miglia SRL' to global Search Input
[2025-11-17T12:03:04.482Z] [DEBUG] Sent text '1000 Miglia SRL' to global Search Input
[2025-11-17T12:03:05.189Z] [INFO] Clicking on element global Search Result
[2025-11-17T12:03:06.434Z] [DEBUG] Clicked on element global Search Result
[2025-11-17T12:03:06.440Z] [INFO] AccountPage: Validating account record type: Client
[2025-11-17T12:03:10.530Z] [INFO] AccountPage: Account record type 'Client' is visible.
[2025-11-17T12:03:10.535Z] [INFO] Clicking on element new Opportunity Button
[2025-11-17T12:03:17.145Z] [DEBUG] Clicked on element new Opportunity Button
[2025-11-17T12:03:17.149Z] [INFO] Clicking on element intial Intake Button
[2025-11-17T12:03:20.228Z] [DEBUG] Clicked on element intial Intake Button
[2025-11-17T12:03:20.230Z] [INFO] Clicking on element opportunity Next Button
[2025-11-17T12:03:21.065Z] [DEBUG] Clicked on element opportunity Next Button
[2025-11-17T12:03:23.001Z] [INFO] Sending text 'auto irewk' to opportunity Name
[2025-11-17T12:03:23.955Z] [DEBUG] Sent text 'auto irewk' to opportunity Name
[2025-11-17T12:03:24.042Z] [INFO] Clicking on element stage DropDown
[2025-11-17T12:03:24.590Z] [DEBUG] Clicked on element stage DropDown
[2025-11-17T12:03:24.971Z] [INFO] Clicking on element stage Value
[2025-11-17T12:03:26.309Z] [DEBUG] Clicked on element stage Value
[2025-11-17T12:03:26.904Z] [INFO] Clicking on element insurance Sub Type Drop Down
[2025-11-17T12:03:27.467Z] [DEBUG] Clicked on element insurance Sub Type Drop Down
[2025-11-17T12:03:27.473Z] [INFO] Clicking on element insurance Type field
[2025-11-17T12:03:28.318Z] [DEBUG] Clicked on element insurance Type field
[2025-11-17T12:03:30.416Z] [INFO] Clicking on element save Button
[2025-11-17T12:03:31.319Z] [DEBUG] Clicked on element save Button
[2025-11-17T12:03:31.325Z] [INFO] Clicking on element Actions dropdown
[2025-11-17T12:03:37.106Z] [DEBUG] Clicked on element Actions dropdown
[2025-11-17T12:03:37.108Z] [INFO] Clicking on element Coverage builder option
[2025-11-17T12:03:38.585Z] [DEBUG] Clicked on element Coverage builder option
[2025-11-17T12:03:48.871Z] [INFO] Coverage not visible — need to add new coverage.
[2025-11-17T12:03:48.874Z] [INFO] No coverage found — creating new coverage now...
[2025-11-17T12:03:49.017Z] [INFO] CoveragePage: Coverage Builder page is displayed.
[2025-11-17T12:03:49.020Z] [INFO] Clicking on element New Coverage Button
[2025-11-17T12:03:49.786Z] [DEBUG] Clicked on element New Coverage Button
[2025-11-17T12:03:49.790Z] [INFO] Clicking on element Standalone Coverage Type
[2025-11-17T12:03:51.404Z] [DEBUG] Clicked on element Standalone Coverage Type
[2025-11-17T12:03:51.406Z] [INFO] Clicking on element Front Row Button
[2025-11-17T12:03:51.953Z] [DEBUG] Clicked on element Front Row Button
[2025-11-17T12:03:52.124Z] [INFO] Clicking on element Confirm Button
[2025-11-17T12:03:52.805Z] [DEBUG] Clicked on element Confirm Button
[2025-11-17T12:03:53.847Z] [INFO] Clicking on element Coverage Close Button
[2025-11-17T12:03:54.545Z] [DEBUG] Clicked on element Coverage Close Button
[2025-11-17T12:03:54.556Z] [INFO] New Coverages added and closed the coverage window.
[2025-11-17T12:03:54.571Z] [INFO] Clicking on element show More Actions DropDown
[2025-11-17T12:03:55.518Z] [DEBUG] Clicked on element show More Actions DropDown
[2025-11-17T12:03:55.522Z] [INFO] Clicking on element manage Opportunity Assignment Option
[2025-11-17T12:03:56.412Z] [DEBUG] Clicked on element manage Opportunity Assignment Option
[2025-11-17T12:03:57.772Z] [INFO] Sending text '100' to Producer Allocation Textbox
[2025-11-17T12:03:58.581Z] [DEBUG] Sent text '100' to Producer Allocation Textbox
[2025-11-17T12:03:58.593Z] [INFO] Clicking on element SaveAndClose Button
[2025-11-17T12:03:59.059Z] [DEBUG] Clicked on element SaveAndClose Button
[2025-11-17T12:03:59.139Z] [INFO] Stage "Underwriting" is not current. Updating stage...
[2025-11-17T12:03:59.141Z] [INFO] Clicking on element Stage
[2025-11-17T12:04:00.918Z] [DEBUG] Clicked on element Stage
[2025-11-17T12:04:00.922Z] [INFO] Clicking on element Mark As Current State Button
[2025-11-17T12:04:01.352Z] [DEBUG] Clicked on element Mark As Current State Button
[2025-11-17T12:04:01.399Z] [INFO] Stage "Underwriting" has been successfully marked as current.
[2025-11-17T12:04:06.545Z] [INFO] Element became visible during scroll.
[2025-11-17T12:04:06.548Z] [INFO] Clicking on element New Policy dropdown
[2025-11-17T12:04:07.150Z] [DEBUG] Clicked on element New Policy dropdown
[2025-11-17T12:04:07.152Z] [INFO] Clicking on element New Policy Button
[2025-11-17T12:04:07.950Z] [DEBUG] Clicked on element New Policy Button
[2025-11-17T12:04:12.630Z] [INFO] Sending text 'Polvvifz' to Policy Number
[2025-11-17T12:04:12.978Z] [DEBUG] Sent text 'Polvvifz' to Policy Number
[2025-11-17T12:04:12.980Z] [INFO] Sending text '11/17/2025' to Policy Effective Date
[2025-11-17T12:04:13.427Z] [DEBUG] Sent text '11/17/2025' to Policy Effective Date
[2025-11-17T12:04:13.431Z] [INFO] Sending text '11/17/2032' to Policy Effective Date
[2025-11-17T12:04:13.979Z] [DEBUG] Sent text '11/17/2032' to Policy Effective Date
[2025-11-17T12:04:15.510Z] [INFO] Sending text 'Deskpwz' to Policy Description
[2025-11-17T12:04:16.165Z] [DEBUG] Sent text 'Deskpwz' to Policy Description
[2025-11-17T12:04:16.449Z] [INFO] Selecting value from 'BillToContact' Dropdown
[2025-11-17T12:04:16.536Z] [INFO] Selecting dropdown value by index: 1
[2025-11-17T12:04:16.845Z] [INFO] ✅ Successfully selected "1" from 'BillToContact' Dropdown
[2025-11-17T12:04:17.055Z] [INFO] Selecting value from 'BillToLocation' Dropdown
[2025-11-17T12:04:17.154Z] [INFO] Selecting dropdown value by index: 1
[2025-11-17T12:04:17.455Z] [INFO] ✅ Successfully selected "1" from 'BillToLocation' Dropdown
[2025-11-17T12:04:17.457Z] [INFO] Clicking on element Edit Save Button
[2025-11-17T12:04:17.982Z] [DEBUG] Clicked on element Edit Save Button
[2025-11-17T12:04:18.217Z] [INFO] Scrolling attempt 1
[2025-11-17T12:04:19.150Z] [INFO] Scrolling attempt 2
[2025-11-17T12:04:20.022Z] [INFO] Scrolling attempt 3
[2025-11-17T12:04:21.008Z] [INFO] Scrolling attempt 4
[2025-11-17T12:04:21.927Z] [INFO] Element became visible during scroll.
[2025-11-17T12:04:21.930Z] [INFO] Clicking on element add coverage button
[2025-11-17T12:04:22.467Z] [DEBUG] Clicked on element add coverage button
[2025-11-17T12:04:22.473Z] [INFO] Clicking on element Coverage ID Dropdown
[2025-11-17T12:04:23.943Z] [DEBUG] Clicked on element Coverage ID Dropdown
[2025-11-17T12:04:23.946Z] [INFO] Clicking on element Coverage ID Option
[2025-11-17T12:04:24.504Z] [DEBUG] Clicked on element Coverage ID Option
[2025-11-17T12:04:24.580Z] [INFO] Clicking on element Save For Later Button
[2025-11-17T12:04:25.229Z] [DEBUG] Clicked on element Save For Later Button
[2025-11-17T12:04:25.234Z] [INFO] Waiting for NX sync spinner to disappear...
[2025-11-17T12:04:25.438Z] [INFO] NX policy sync completed successfully.
[2025-11-17T12:04:35.570Z] [INFO] 🔍 Verifying Policy Page for Policy Number: Polvvifz
[2025-11-17T12:05:12.936Z] [INFO] Sending text 'nuguri.charitha@us.lockton.com.cbqa' to username Input Value
[2025-11-17T12:05:14.554Z] [DEBUG] Sent text 'nuguri.charitha@us.lockton.com.cbqa' to username Input Value
[2025-11-17T12:05:14.560Z] [INFO] Sending text 'Charitha@89' to password Input Value
[2025-11-17T12:05:14.736Z] [DEBUG] Sent text 'Charitha@89' to password Input Value
[2025-11-17T12:05:14.741Z] [INFO] Clicking on element login Button
[2025-11-17T12:05:16.706Z] [DEBUG] Clicked on element login Button
[2025-11-17T12:05:22.076Z] [INFO] Clicking on element setUp Icon
[2025-11-17T12:05:22.350Z] [DEBUG] Clicked on element setUp Icon
[2025-11-17T12:05:29.570Z] [INFO] Clicking on element user Search Result
[2025-11-17T12:05:33.992Z] [DEBUG] Clicked on element user Search Result
[2025-11-17T12:05:55.425Z] [INFO] Clicking on element show Navigation Menu
[2025-11-17T12:05:55.742Z] [DEBUG] Clicked on element show Navigation Menu
[2025-11-17T12:05:55.782Z] [INFO] Clicking on element accounts Menu Item
[2025-11-17T12:05:56.026Z] [DEBUG] Clicked on element accounts Menu Item
[2025-11-17T12:05:57.578Z] [INFO] Clicking on element list View Element
[2025-11-17T12:05:58.068Z] [DEBUG] Clicked on element list View Element
[2025-11-17T12:05:58.105Z] [INFO] Sending text 'All Clients' to searchBox ListViewInput
[2025-11-17T12:05:58.270Z] [DEBUG] Sent text 'All Clients' to searchBox ListViewInput
[2025-11-17T12:05:58.378Z] [INFO] Clicking on element all Clients In List View
[2025-11-17T12:05:58.775Z] [DEBUG] Clicked on element all Clients In List View
[2025-11-17T12:05:58.836Z] [INFO] Clicking on element global Search Button
[2025-11-17T12:05:59.183Z] [DEBUG] Clicked on element global Search Button
[2025-11-17T12:05:59.227Z] [INFO] Sending text '1000 Miglia SRL' to global Search Input
[2025-11-17T12:05:59.877Z] [DEBUG] Sent text '1000 Miglia SRL' to global Search Input
[2025-11-17T12:06:00.803Z] [INFO] Clicking on element global Search Result
[2025-11-17T12:06:01.076Z] [DEBUG] Clicked on element global Search Result
[2025-11-17T12:06:01.081Z] [INFO] AccountPage: Validating account record type: Client
[2025-11-17T12:06:03.792Z] [INFO] AccountPage: Account record type 'Client' is visible.
[2025-11-17T12:06:03.796Z] [INFO] Clicking on element new Opportunity Button
[2025-11-17T12:06:05.915Z] [DEBUG] Clicked on element new Opportunity Button
[2025-11-17T12:06:05.917Z] [INFO] Clicking on element intial Intake Button
[2025-11-17T12:06:08.208Z] [DEBUG] Clicked on element intial Intake Button
[2025-11-17T12:06:08.210Z] [INFO] Clicking on element opportunity Next Button
[2025-11-17T12:06:08.748Z] [DEBUG] Clicked on element opportunity Next Button
[2025-11-17T12:06:10.390Z] [INFO] Sending text 'auto gxyab' to opportunity Name
[2025-11-17T12:06:10.842Z] [DEBUG] Sent text 'auto gxyab' to opportunity Name
[2025-11-17T12:06:10.957Z] [INFO] Clicking on element stage DropDown
[2025-11-17T12:06:11.576Z] [DEBUG] Clicked on element stage DropDown
[2025-11-17T12:06:11.636Z] [INFO] Clicking on element stage Value
[2025-11-17T12:06:12.004Z] [DEBUG] Clicked on element stage Value
[2025-11-17T12:06:12.326Z] [INFO] Clicking on element insurance Sub Type Drop Down
[2025-11-17T12:06:12.678Z] [DEBUG] Clicked on element insurance Sub Type Drop Down
[2025-11-17T12:06:12.682Z] [INFO] Clicking on element insurance Type field
[2025-11-17T12:06:13.092Z] [DEBUG] Clicked on element insurance Type field
[2025-11-17T12:06:15.177Z] [INFO] Clicking on element save Button
[2025-11-17T12:06:15.646Z] [DEBUG] Clicked on element save Button
[2025-11-17T12:06:15.656Z] [INFO] Clicking on element Actions dropdown
[2025-11-17T12:06:19.764Z] [DEBUG] Clicked on element Actions dropdown
[2025-11-17T12:06:19.767Z] [INFO] Clicking on element Coverage builder option
[2025-11-17T12:06:20.392Z] [DEBUG] Clicked on element Coverage builder option
[2025-11-17T12:06:30.617Z] [INFO] Coverage not visible — need to add new coverage.
[2025-11-17T12:06:30.621Z] [INFO] No coverage found — creating new coverage now...
[2025-11-17T12:06:30.742Z] [INFO] CoveragePage: Coverage Builder page is displayed.
[2025-11-17T12:06:30.747Z] [INFO] Clicking on element New Coverage Button
[2025-11-17T12:06:31.221Z] [DEBUG] Clicked on element New Coverage Button
[2025-11-17T12:06:31.230Z] [INFO] Clicking on element Standalone Coverage Type
[2025-11-17T12:06:32.528Z] [DEBUG] Clicked on element Standalone Coverage Type
[2025-11-17T12:06:32.530Z] [INFO] Clicking on element Front Row Button
[2025-11-17T12:06:33.014Z] [DEBUG] Clicked on element Front Row Button
[2025-11-17T12:06:33.085Z] [INFO] Clicking on element Confirm Button
[2025-11-17T12:06:33.459Z] [DEBUG] Clicked on element Confirm Button
[2025-11-17T12:06:34.480Z] [INFO] Clicking on element Coverage Close Button
[2025-11-17T12:06:35.077Z] [DEBUG] Clicked on element Coverage Close Button
[2025-11-17T12:06:35.081Z] [INFO] New Coverages added and closed the coverage window.
[2025-11-17T12:06:35.092Z] [INFO] Clicking on element show More Actions DropDown
[2025-11-17T12:06:35.940Z] [DEBUG] Clicked on element show More Actions DropDown
[2025-11-17T12:06:35.943Z] [INFO] Clicking on element manage Opportunity Assignment Option
[2025-11-17T12:06:36.724Z] [DEBUG] Clicked on element manage Opportunity Assignment Option
[2025-11-17T12:06:38.504Z] [INFO] Sending text '100' to Producer Allocation Textbox
[2025-11-17T12:06:38.885Z] [DEBUG] Sent text '100' to Producer Allocation Textbox
[2025-11-17T12:06:38.891Z] [INFO] Clicking on element SaveAndClose Button
[2025-11-17T12:06:39.485Z] [DEBUG] Clicked on element SaveAndClose Button
[2025-11-17T12:06:39.547Z] [INFO] Stage "Underwriting" is not current. Updating stage...
[2025-11-17T12:06:39.553Z] [INFO] Clicking on element Stage
[2025-11-17T12:06:42.218Z] [DEBUG] Clicked on element Stage
[2025-11-17T12:06:42.221Z] [INFO] Clicking on element Mark As Current State Button
[2025-11-17T12:06:43.053Z] [DEBUG] Clicked on element Mark As Current State Button
[2025-11-17T12:06:43.150Z] [INFO] Stage "Underwriting" has been successfully marked as current.
[2025-11-17T12:06:48.313Z] [INFO] Element became visible during scroll.
[2025-11-17T12:06:48.316Z] [INFO] Clicking on element New Policy dropdown
[2025-11-17T12:06:48.956Z] [DEBUG] Clicked on element New Policy dropdown
[2025-11-17T12:06:48.959Z] [INFO] Clicking on element New Policy Button
[2025-11-17T12:06:50.227Z] [DEBUG] Clicked on element New Policy Button
[2025-11-17T12:06:54.100Z] [INFO] Sending text 'Polimbvg' to Policy Number
[2025-11-17T12:06:54.500Z] [DEBUG] Sent text 'Polimbvg' to Policy Number
[2025-11-17T12:06:54.503Z] [INFO] Sending text '11/17/2025' to Policy Effective Date
[2025-11-17T12:06:54.978Z] [DEBUG] Sent text '11/17/2025' to Policy Effective Date
[2025-11-17T12:06:54.985Z] [INFO] Sending text '11/17/2032' to Policy Effective Date
[2025-11-17T12:06:55.424Z] [DEBUG] Sent text '11/17/2032' to Policy Effective Date
[2025-11-17T12:06:57.191Z] [INFO] Sending text 'Desgrki' to Policy Description
[2025-11-17T12:06:57.694Z] [DEBUG] Sent text 'Desgrki' to Policy Description
[2025-11-17T12:06:57.974Z] [INFO] Selecting value from 'BillToContact' Dropdown
[2025-11-17T12:06:58.045Z] [INFO] Selecting dropdown value by index: 1
[2025-11-17T12:06:58.288Z] [INFO] ✅ Successfully selected "1" from 'BillToContact' Dropdown
[2025-11-17T12:06:58.594Z] [INFO] Selecting value from 'BillToLocation' Dropdown
[2025-11-17T12:06:58.690Z] [INFO] Selecting dropdown value by index: 1
[2025-11-17T12:06:59.303Z] [INFO] ✅ Successfully selected "1" from 'BillToLocation' Dropdown
[2025-11-17T12:06:59.307Z] [INFO] Clicking on element Edit Save Button
[2025-11-17T12:07:00.077Z] [DEBUG] Clicked on element Edit Save Button
[2025-11-17T12:07:00.349Z] [INFO] Scrolling attempt 1
[2025-11-17T12:07:01.263Z] [INFO] Scrolling attempt 2
[2025-11-17T12:07:02.552Z] [INFO] Scrolling attempt 3
[2025-11-17T12:07:03.495Z] [INFO] Element became visible during scroll.
[2025-11-17T12:07:03.498Z] [INFO] Clicking on element add coverage button
[2025-11-17T12:07:04.259Z] [DEBUG] Clicked on element add coverage button
[2025-11-17T12:07:04.267Z] [INFO] Clicking on element Coverage ID Dropdown
[2025-11-17T12:07:04.939Z] [DEBUG] Clicked on element Coverage ID Dropdown
[2025-11-17T12:07:04.941Z] [INFO] Clicking on element Coverage ID Option
[2025-11-17T12:07:06.019Z] [DEBUG] Clicked on element Coverage ID Option
[2025-11-17T12:07:06.093Z] [INFO] Clicking on element Save For Later Button
[2025-11-17T12:07:06.747Z] [DEBUG] Clicked on element Save For Later Button
[2025-11-17T12:07:06.750Z] [INFO] Waiting for NX sync spinner to disappear...
[2025-11-17T12:07:06.943Z] [INFO] NX policy sync completed successfully.
[2025-11-17T12:07:17.101Z] [INFO] 🔍 Verifying Policy Page for Policy Number: Polimbvg
[2025-11-17T12:07:50.562Z] [INFO] Sending text 'nuguri.charitha@us.lockton.com.cbqa' to username Input Value
[2025-11-17T12:07:51.048Z] [DEBUG] Sent text 'nuguri.charitha@us.lockton.com.cbqa' to username Input Value
[2025-11-17T12:07:51.052Z] [INFO] Sending text 'Charitha@89' to password Input Value
[2025-11-17T12:07:51.227Z] [DEBUG] Sent text 'Charitha@89' to password Input Value
[2025-11-17T12:07:51.230Z] [INFO] Clicking on element login Button
[2025-11-17T12:07:53.158Z] [DEBUG] Clicked on element login Button
[2025-11-17T12:07:58.499Z] [INFO] Clicking on element setUp Icon
[2025-11-17T12:07:58.698Z] [DEBUG] Clicked on element setUp Icon
[2025-11-17T12:08:05.292Z] [INFO] Clicking on element user Search Result
[2025-11-17T12:08:05.782Z] [DEBUG] Clicked on element user Search Result
[2025-11-17T12:08:22.806Z] [INFO] Clicking on element show Navigation Menu
[2025-11-17T12:08:23.136Z] [DEBUG] Clicked on element show Navigation Menu
[2025-11-17T12:08:23.192Z] [INFO] Clicking on element accounts Menu Item
[2025-11-17T12:08:23.524Z] [DEBUG] Clicked on element accounts Menu Item
[2025-11-17T12:08:24.925Z] [INFO] Clicking on element list View Element
[2025-11-17T12:08:25.308Z] [DEBUG] Clicked on element list View Element
[2025-11-17T12:08:25.381Z] [INFO] Sending text 'All Clients' to searchBox ListViewInput
[2025-11-17T12:08:25.565Z] [DEBUG] Sent text 'All Clients' to searchBox ListViewInput
[2025-11-17T12:08:25.602Z] [INFO] Clicking on element all Clients In List View
[2025-11-17T12:08:25.901Z] [DEBUG] Clicked on element all Clients In List View
[2025-11-17T12:08:25.934Z] [INFO] Clicking on element global Search Button
[2025-11-17T12:08:26.326Z] [DEBUG] Clicked on element global Search Button
[2025-11-17T12:08:26.783Z] [INFO] Sending text '1000 Miglia SRL' to global Search Input
[2025-11-17T12:08:27.041Z] [DEBUG] Sent text '1000 Miglia SRL' to global Search Input
[2025-11-17T12:08:27.500Z] [INFO] Clicking on element global Search Result
[2025-11-17T12:08:27.829Z] [DEBUG] Clicked on element global Search Result
[2025-11-17T12:08:27.836Z] [INFO] AccountPage: Validating account record type: Client
[2025-11-17T12:08:32.005Z] [INFO] AccountPage: Account record type 'Client' is visible.
[2025-11-17T12:08:32.009Z] [INFO] Clicking on element new Opportunity Button
[2025-11-17T12:08:35.088Z] [DEBUG] Clicked on element new Opportunity Button
[2025-11-17T12:08:35.093Z] [INFO] Clicking on element intial Intake Button
[2025-11-17T12:08:36.501Z] [DEBUG] Clicked on element intial Intake Button
[2025-11-17T12:08:36.503Z] [INFO] Clicking on element opportunity Next Button
[2025-11-17T12:08:36.972Z] [DEBUG] Clicked on element opportunity Next Button
[2025-11-17T12:08:38.557Z] [INFO] Sending text 'auto mbalw' to opportunity Name
[2025-11-17T12:08:38.905Z] [DEBUG] Sent text 'auto mbalw' to opportunity Name
[2025-11-17T12:08:38.950Z] [INFO] Clicking on element stage DropDown
[2025-11-17T12:08:39.317Z] [DEBUG] Clicked on element stage DropDown
[2025-11-17T12:08:39.366Z] [INFO] Clicking on element stage Value
[2025-11-17T12:08:39.748Z] [DEBUG] Clicked on element stage Value
[2025-11-17T12:08:40.259Z] [INFO] Clicking on element insurance DropDown
[2025-11-17T12:08:40.564Z] [DEBUG] Clicked on element insurance DropDown
[2025-11-17T12:08:40.695Z] [INFO] Clicking on element Insurance Type Option
[2025-11-17T12:08:41.026Z] [DEBUG] Clicked on element Insurance Type Option
[2025-11-17T12:08:41.029Z] [INFO] Clicking on element insurance Sub Type Drop Down
[2025-11-17T12:08:41.378Z] [DEBUG] Clicked on element insurance Sub Type Drop Down
[2025-11-17T12:08:41.381Z] [INFO] Clicking on element insurance Type field
[2025-11-17T12:08:41.697Z] [DEBUG] Clicked on element insurance Type field
[2025-11-17T12:08:43.789Z] [INFO] Clicking on element save Button
[2025-11-17T12:08:44.149Z] [DEBUG] Clicked on element save Button
[2025-11-17T12:08:44.157Z] [INFO] Clicking on element Actions dropdown
[2025-11-17T12:08:48.246Z] [DEBUG] Clicked on element Actions dropdown
[2025-11-17T12:08:48.248Z] [INFO] Clicking on element Coverage builder option
[2025-11-17T12:08:48.739Z] [DEBUG] Clicked on element Coverage builder option
[2025-11-17T12:08:59.136Z] [INFO] Coverage not visible — need to add new coverage.
[2025-11-17T12:08:59.141Z] [INFO] No coverage found — creating new coverage now...
[2025-11-17T12:08:59.247Z] [INFO] CoveragePage: Coverage Builder page is displayed.
[2025-11-17T12:08:59.252Z] [INFO] Clicking on element New Coverage Button
[2025-11-17T12:08:59.838Z] [DEBUG] Clicked on element New Coverage Button
[2025-11-17T12:08:59.847Z] [INFO] Clicking on element Standalone Coverage Type
[2025-11-17T12:09:01.228Z] [DEBUG] Clicked on element Standalone Coverage Type
[2025-11-17T12:09:01.232Z] [INFO] Clicking on element Front Row Button
[2025-11-17T12:09:01.716Z] [DEBUG] Clicked on element Front Row Button
[2025-11-17T12:09:01.799Z] [INFO] Clicking on element Confirm Button
[2025-11-17T12:09:02.260Z] [DEBUG] Clicked on element Confirm Button
[2025-11-17T12:09:03.249Z] [INFO] Clicking on element Coverage Close Button
[2025-11-17T12:09:03.796Z] [DEBUG] Clicked on element Coverage Close Button
[2025-11-17T12:09:03.799Z] [INFO] New Coverages added and closed the coverage window.
[2025-11-17T12:09:03.807Z] [INFO] Clicking on element show More Actions DropDown
[2025-11-17T12:09:04.943Z] [DEBUG] Clicked on element show More Actions DropDown
[2025-11-17T12:09:04.946Z] [INFO] Clicking on element manage Opportunity Assignment Option
[2025-11-17T12:09:05.687Z] [DEBUG] Clicked on element manage Opportunity Assignment Option
[2025-11-17T12:09:08.154Z] [INFO] Sending text '100' to Producer Allocation Textbox
[2025-11-17T12:09:08.567Z] [DEBUG] Sent text '100' to Producer Allocation Textbox
[2025-11-17T12:09:08.569Z] [INFO] Clicking on element SaveAndClose Button
[2025-11-17T12:09:09.248Z] [DEBUG] Clicked on element SaveAndClose Button
[2025-11-17T12:09:09.347Z] [INFO] Stage "Underwriting" is not current. Updating stage...
[2025-11-17T12:09:09.350Z] [INFO] Clicking on element Stage
[2025-11-17T12:09:11.229Z] [DEBUG] Clicked on element Stage
[2025-11-17T12:09:11.235Z] [INFO] Clicking on element Mark As Current State Button
[2025-11-17T12:09:11.686Z] [DEBUG] Clicked on element Mark As Current State Button
[2025-11-17T12:09:11.793Z] [INFO] Stage "Underwriting" has been successfully marked as current.
[2025-11-17T12:09:16.971Z] [INFO] Element became visible during scroll.
[2025-11-17T12:09:16.977Z] [INFO] Clicking on element New Policy dropdown
[2025-11-17T12:09:17.819Z] [DEBUG] Clicked on element New Policy dropdown
[2025-11-17T12:09:17.823Z] [INFO] Clicking on element New Policy Button
[2025-11-17T12:09:18.390Z] [DEBUG] Clicked on element New Policy Button
[2025-11-17T12:09:23.283Z] [INFO] Sending text 'Polgyrfb' to Policy Number
[2025-11-17T12:09:24.016Z] [DEBUG] Sent text 'Polgyrfb' to Policy Number
[2025-11-17T12:09:24.019Z] [INFO] Sending text '11/17/2025' to Policy Effective Date
[2025-11-17T12:09:24.323Z] [DEBUG] Sent text '11/17/2025' to Policy Effective Date
[2025-11-17T12:09:24.327Z] [INFO] Sending text '11/17/2032' to Policy Effective Date
[2025-11-17T12:09:24.604Z] [DEBUG] Sent text '11/17/2032' to Policy Effective Date
[2025-11-17T12:09:25.516Z] [INFO] Sending text 'Desgzdc' to Policy Description
[2025-11-17T12:09:25.943Z] [DEBUG] Sent text 'Desgzdc' to Policy Description
[2025-11-17T12:09:26.190Z] [INFO] Selecting value from 'BillToContact' Dropdown
[2025-11-17T12:09:26.255Z] [INFO] Selecting dropdown value by index: 1
[2025-11-17T12:09:26.583Z] [INFO] ✅ Successfully selected "1" from 'BillToContact' Dropdown
[2025-11-17T12:09:26.901Z] [INFO] Selecting value from 'BillToLocation' Dropdown
[2025-11-17T12:09:27.101Z] [INFO] Selecting dropdown value by index: 1
[2025-11-17T12:09:27.538Z] [INFO] ✅ Successfully selected "1" from 'BillToLocation' Dropdown
[2025-11-17T12:09:27.543Z] [INFO] Clicking on element Edit Save Button
[2025-11-17T12:09:28.145Z] [DEBUG] Clicked on element Edit Save Button
[2025-11-17T12:09:28.381Z] [INFO] Scrolling attempt 1
[2025-11-17T12:09:29.258Z] [INFO] Scrolling attempt 2
[2025-11-17T12:09:30.109Z] [INFO] Scrolling attempt 3
[2025-11-17T12:09:31.066Z] [INFO] Element became visible during scroll.
[2025-11-17T12:09:31.069Z] [INFO] Clicking on element add coverage button
[2025-11-17T12:09:31.763Z] [DEBUG] Clicked on element add coverage button
[2025-11-17T12:09:31.770Z] [INFO] Clicking on element Coverage ID Dropdown
[2025-11-17T12:09:32.380Z] [DEBUG] Clicked on element Coverage ID Dropdown
[2025-11-17T12:09:32.383Z] [INFO] Clicking on element Coverage ID Option
[2025-11-17T12:09:32.977Z] [DEBUG] Clicked on element Coverage ID Option
[2025-11-17T12:09:33.055Z] [INFO] Clicking on element Save For Later Button
[2025-11-17T12:09:34.418Z] [DEBUG] Clicked on element Save For Later Button
[2025-11-17T12:09:34.420Z] [INFO] Waiting for NX sync spinner to disappear...
[2025-11-17T12:09:34.571Z] [INFO] NX policy sync completed successfully.
[2025-11-17T12:09:44.761Z] [INFO] 🔍 Verifying Policy Page for Policy Number: Polgyrfb
[2025-11-17T12:10:18.233Z] [INFO] Sending text 'nuguri.charitha@us.lockton.com.cbqa' to username Input Value
[2025-11-17T12:10:18.684Z] [DEBUG] Sent text 'nuguri.charitha@us.lockton.com.cbqa' to username Input Value
[2025-11-17T12:10:18.688Z] [INFO] Sending text 'Charitha@89' to password Input Value
[2025-11-17T12:10:18.931Z] [DEBUG] Sent text 'Charitha@89' to password Input Value
[2025-11-17T12:10:18.936Z] [INFO] Clicking on element login Button
[2025-11-17T12:10:21.129Z] [DEBUG] Clicked on element login Button
[2025-11-17T12:10:26.247Z] [INFO] Clicking on element setUp Icon
[2025-11-17T12:10:26.570Z] [DEBUG] Clicked on element setUp Icon
[2025-11-17T12:10:34.270Z] [INFO] Clicking on element user Search Result
[2025-11-17T12:10:38.882Z] [DEBUG] Clicked on element user Search Result
[2025-11-17T12:10:56.790Z] [INFO] Clicking on element show Navigation Menu
[2025-11-17T12:10:57.076Z] [DEBUG] Clicked on element show Navigation Menu
[2025-11-17T12:10:57.130Z] [INFO] Clicking on element accounts Menu Item
[2025-11-17T12:10:57.446Z] [DEBUG] Clicked on element accounts Menu Item
[2025-11-17T12:11:01.197Z] [INFO] Clicking on element list View Element
[2025-11-17T12:11:01.687Z] [DEBUG] Clicked on element list View Element
[2025-11-17T12:11:01.769Z] [INFO] Sending text 'All Clients' to searchBox ListViewInput
[2025-11-17T12:11:01.994Z] [DEBUG] Sent text 'All Clients' to searchBox ListViewInput
[2025-11-17T12:11:02.067Z] [INFO] Clicking on element all Clients In List View
[2025-11-17T12:11:02.549Z] [DEBUG] Clicked on element all Clients In List View
[2025-11-17T12:11:02.650Z] [INFO] Clicking on element global Search Button
[2025-11-17T12:11:03.073Z] [DEBUG] Clicked on element global Search Button
[2025-11-17T12:11:03.421Z] [INFO] Sending text '1000 Miglia SRL' to global Search Input
[2025-11-17T12:11:04.322Z] [DEBUG] Sent text '1000 Miglia SRL' to global Search Input
[2025-11-17T12:11:05.167Z] [INFO] Clicking on element global Search Result
[2025-11-17T12:11:05.565Z] [DEBUG] Clicked on element global Search Result
[2025-11-17T12:11:05.570Z] [INFO] AccountPage: Validating account record type: Client
[2025-11-17T12:11:09.062Z] [INFO] AccountPage: Account record type 'Client' is visible.
[2025-11-17T12:11:09.067Z] [INFO] Clicking on element new Opportunity Button
[2025-11-17T12:11:11.843Z] [DEBUG] Clicked on element new Opportunity Button
[2025-11-17T12:11:11.845Z] [INFO] Clicking on element intial Intake Button
[2025-11-17T12:11:13.555Z] [DEBUG] Clicked on element intial Intake Button
[2025-11-17T12:11:13.557Z] [INFO] Clicking on element opportunity Next Button
[2025-11-17T12:11:14.146Z] [DEBUG] Clicked on element opportunity Next Button
[2025-11-17T12:11:16.497Z] [INFO] Sending text 'auto woxzl' to opportunity Name
[2025-11-17T12:11:16.907Z] [DEBUG] Sent text 'auto woxzl' to opportunity Name
[2025-11-17T12:11:16.971Z] [INFO] Clicking on element stage DropDown
[2025-11-17T12:11:17.398Z] [DEBUG] Clicked on element stage DropDown
[2025-11-17T12:11:29.643Z] [INFO] Sending text 'nuguri.charitha@us.lockton.com.cbqa' to username Input Value
[2025-11-17T12:11:30.022Z] [DEBUG] Sent text 'nuguri.charitha@us.lockton.com.cbqa' to username Input Value
[2025-11-17T12:11:30.024Z] [INFO] Sending text 'Charitha@89' to password Input Value
[2025-11-17T12:11:30.133Z] [DEBUG] Sent text 'Charitha@89' to password Input Value
[2025-11-17T12:11:30.138Z] [INFO] Clicking on element login Button
[2025-11-17T12:11:32.420Z] [DEBUG] Clicked on element login Button
[2025-11-17T12:11:37.810Z] [INFO] Clicking on element setUp Icon
[2025-11-17T12:11:38.080Z] [DEBUG] Clicked on element setUp Icon
[2025-11-17T12:11:44.810Z] [INFO] Clicking on element user Search Result
[2025-11-17T12:11:47.885Z] [DEBUG] Clicked on element user Search Result
[2025-11-17T12:12:04.250Z] [INFO] Clicking on element show Navigation Menu
[2025-11-17T12:12:04.547Z] [DEBUG] Clicked on element show Navigation Menu
[2025-11-17T12:12:04.570Z] [INFO] Clicking on element accounts Menu Item
[2025-11-17T12:12:04.888Z] [DEBUG] Clicked on element accounts Menu Item
[2025-11-17T12:12:08.135Z] [INFO] Clicking on element list View Element
[2025-11-17T12:12:08.783Z] [DEBUG] Clicked on element list View Element
[2025-11-17T12:12:08.825Z] [INFO] Sending text 'All Clients' to searchBox ListViewInput
[2025-11-17T12:12:08.989Z] [DEBUG] Sent text 'All Clients' to searchBox ListViewInput
[2025-11-17T12:12:09.062Z] [INFO] Clicking on element all Clients In List View
[2025-11-17T12:12:09.400Z] [DEBUG] Clicked on element all Clients In List View
[2025-11-17T12:12:09.432Z] [INFO] Clicking on element global Search Button
[2025-11-17T12:12:09.795Z] [DEBUG] Clicked on element global Search Button
[2025-11-17T12:12:09.902Z] [INFO] Sending text '1000 Miglia SRL' to global Search Input
[2025-11-17T12:12:10.763Z] [DEBUG] Sent text '1000 Miglia SRL' to global Search Input
[2025-11-17T12:12:11.236Z] [INFO] Clicking on element global Search Result
[2025-11-17T12:12:12.192Z] [DEBUG] Clicked on element global Search Result
[2025-11-17T12:12:12.195Z] [INFO] AccountPage: Validating account record type: Client
[2025-11-17T12:12:15.499Z] [INFO] AccountPage: Account record type 'Client' is visible.
[2025-11-17T12:12:15.505Z] [INFO] Clicking on element new Opportunity Button
[2025-11-17T12:12:18.660Z] [DEBUG] Clicked on element new Opportunity Button
[2025-11-17T12:12:18.662Z] [INFO] Clicking on element intial Intake Button
[2025-11-17T12:12:20.408Z] [DEBUG] Clicked on element intial Intake Button
[2025-11-17T12:12:20.410Z] [INFO] Clicking on element opportunity Next Button
[2025-11-17T12:12:21.032Z] [DEBUG] Clicked on element opportunity Next Button
[2025-11-17T12:12:23.135Z] [INFO] Sending text 'auto ukcvm' to opportunity Name
[2025-11-17T12:12:23.647Z] [DEBUG] Sent text 'auto ukcvm' to opportunity Name
[2025-11-17T12:12:23.740Z] [INFO] Clicking on element stage DropDown
[2025-11-17T12:12:24.191Z] [DEBUG] Clicked on element stage DropDown
[2025-11-17T12:12:34.024Z] [INFO] Sending text 'nuguri.charitha@us.lockton.com.cbqa' to username Input Value
[2025-11-17T12:12:34.331Z] [DEBUG] Sent text 'nuguri.charitha@us.lockton.com.cbqa' to username Input Value
[2025-11-17T12:12:34.336Z] [INFO] Sending text 'Charitha@89' to password Input Value
[2025-11-17T12:12:34.591Z] [DEBUG] Sent text 'Charitha@89' to password Input Value
[2025-11-17T12:12:34.594Z] [INFO] Clicking on element login Button
[2025-11-17T12:12:36.372Z] [DEBUG] Clicked on element login Button
[2025-11-17T12:12:42.028Z] [INFO] Clicking on element setUp Icon
[2025-11-17T12:12:42.399Z] [DEBUG] Clicked on element setUp Icon
[2025-11-17T12:12:48.803Z] [INFO] Clicking on element user Search Result
[2025-11-17T12:12:52.353Z] [DEBUG] Clicked on element user Search Result
[2025-11-17T12:13:11.450Z] [INFO] Clicking on element show Navigation Menu
[2025-11-17T12:13:12.464Z] [DEBUG] Clicked on element show Navigation Menu
[2025-11-17T12:13:12.505Z] [INFO] Clicking on element accounts Menu Item
[2025-11-17T12:13:12.787Z] [DEBUG] Clicked on element accounts Menu Item
[2025-11-17T12:13:14.238Z] [INFO] Clicking on element list View Element
[2025-11-17T12:13:14.637Z] [DEBUG] Clicked on element list View Element
[2025-11-17T12:13:14.727Z] [INFO] Sending text 'All Clients' to searchBox ListViewInput
[2025-11-17T12:13:14.903Z] [DEBUG] Sent text 'All Clients' to searchBox ListViewInput
[2025-11-17T12:13:14.978Z] [INFO] Clicking on element all Clients In List View
[2025-11-17T12:13:15.442Z] [DEBUG] Clicked on element all Clients In List View
[2025-11-17T12:13:15.472Z] [INFO] Clicking on element global Search Button
[2025-11-17T12:13:15.900Z] [DEBUG] Clicked on element global Search Button
[2025-11-17T12:13:16.504Z] [INFO] Sending text '1000 Miglia SRL' to global Search Input
[2025-11-17T12:13:16.769Z] [DEBUG] Sent text '1000 Miglia SRL' to global Search Input
[2025-11-17T12:13:17.706Z] [INFO] Clicking on element global Search Result
[2025-11-17T12:13:18.016Z] [DEBUG] Clicked on element global Search Result
[2025-11-17T12:13:18.020Z] [INFO] AccountPage: Validating account record type: Client
[2025-11-17T12:13:21.661Z] [INFO] AccountPage: Account record type 'Client' is visible.
[2025-11-17T12:13:21.663Z] [INFO] Clicking on element new Opportunity Button
[2025-11-17T12:13:23.788Z] [DEBUG] Clicked on element new Opportunity Button
[2025-11-17T12:13:23.791Z] [INFO] Clicking on element intial Intake Button
[2025-11-17T12:13:25.491Z] [DEBUG] Clicked on element intial Intake Button
[2025-11-17T12:13:25.493Z] [INFO] Clicking on element opportunity Next Button
[2025-11-17T12:13:26.199Z] [DEBUG] Clicked on element opportunity Next Button
[2025-11-17T12:13:27.820Z] [INFO] Sending text 'auto rgcis' to opportunity Name
[2025-11-17T12:13:28.280Z] [DEBUG] Sent text 'auto rgcis' to opportunity Name
[2025-11-17T12:13:28.365Z] [INFO] Clicking on element stage DropDown
[2025-11-17T12:13:28.890Z] [DEBUG] Clicked on element stage DropDown
[2025-11-17T12:13:28.953Z] [INFO] Clicking on element stage Value
[2025-11-17T12:13:29.266Z] [DEBUG] Clicked on element stage Value
[2025-11-17T12:13:29.727Z] [INFO] Clicking on element insurance DropDown
[2025-11-17T12:13:30.154Z] [DEBUG] Clicked on element insurance DropDown
[2025-11-17T12:13:30.267Z] [INFO] Clicking on element Insurance Type Option
[2025-11-17T12:13:30.568Z] [DEBUG] Clicked on element Insurance Type Option
[2025-11-17T12:13:30.570Z] [INFO] Clicking on element insurance Sub Type Drop Down
[2025-11-17T12:13:30.869Z] [DEBUG] Clicked on element insurance Sub Type Drop Down
[2025-11-17T12:13:30.871Z] [INFO] Clicking on element insurance Type field
[2025-11-17T12:13:31.222Z] [DEBUG] Clicked on element insurance Type field
[2025-11-17T12:13:33.277Z] [INFO] Clicking on element save Button
[2025-11-17T12:13:33.901Z] [DEBUG] Clicked on element save Button
[2025-11-17T12:13:33.918Z] [INFO] Clicking on element Actions dropdown
[2025-11-17T12:13:38.108Z] [DEBUG] Clicked on element Actions dropdown
[2025-11-17T12:13:38.115Z] [INFO] Clicking on element Coverage builder option
[2025-11-17T12:13:39.157Z] [DEBUG] Clicked on element Coverage builder option
[2025-11-17T12:13:49.446Z] [INFO] Coverage not visible — need to add new coverage.
[2025-11-17T12:13:49.451Z] [INFO] No coverage found — creating new coverage now...
[2025-11-17T12:13:49.560Z] [INFO] CoveragePage: Coverage Builder page is displayed.
[2025-11-17T12:13:49.564Z] [INFO] Clicking on element New Coverage Button
[2025-11-17T12:13:49.966Z] [DEBUG] Clicked on element New Coverage Button
[2025-11-17T12:13:49.969Z] [INFO] Clicking on element Standalone Coverage Type
[2025-11-17T12:13:51.476Z] [DEBUG] Clicked on element Standalone Coverage Type
[2025-11-17T12:13:51.481Z] [INFO] Clicking on element Front Row Button
[2025-11-17T12:13:52.060Z] [DEBUG] Clicked on element Front Row Button
[2025-11-17T12:13:52.153Z] [INFO] Clicking on element Confirm Button
[2025-11-17T12:13:52.505Z] [DEBUG] Clicked on element Confirm Button
[2025-11-17T12:13:53.446Z] [INFO] Clicking on element Coverage Close Button
[2025-11-17T12:13:53.903Z] [DEBUG] Clicked on element Coverage Close Button
[2025-11-17T12:13:53.910Z] [INFO] New Coverages added and closed the coverage window.
[2025-11-17T12:13:53.928Z] [INFO] Clicking on element show More Actions DropDown
[2025-11-17T12:13:55.109Z] [DEBUG] Clicked on element show More Actions DropDown
[2025-11-17T12:13:55.113Z] [INFO] Clicking on element manage Opportunity Assignment Option
[2025-11-17T12:13:55.771Z] [DEBUG] Clicked on element manage Opportunity Assignment Option
[2025-11-17T12:13:57.797Z] [INFO] Sending text '100' to Producer Allocation Textbox
[2025-11-17T12:13:58.157Z] [DEBUG] Sent text '100' to Producer Allocation Textbox
[2025-11-17T12:13:58.168Z] [INFO] Clicking on element SaveAndClose Button
[2025-11-17T12:13:58.654Z] [DEBUG] Clicked on element SaveAndClose Button
[2025-11-17T12:13:58.737Z] [INFO] Stage "Underwriting" is not current. Updating stage...
[2025-11-17T12:13:58.740Z] [INFO] Clicking on element Stage
[2025-11-17T12:14:01.024Z] [DEBUG] Clicked on element Stage
[2025-11-17T12:14:01.028Z] [INFO] Clicking on element Mark As Current State Button
[2025-11-17T12:14:01.502Z] [DEBUG] Clicked on element Mark As Current State Button
[2025-11-17T12:14:01.565Z] [INFO] Stage "Underwriting" has been successfully marked as current.
[2025-11-17T12:14:06.717Z] [INFO] Element became visible during scroll.
[2025-11-17T12:14:06.721Z] [INFO] Clicking on element New Policy dropdown
[2025-11-17T12:14:07.251Z] [DEBUG] Clicked on element New Policy dropdown
[2025-11-17T12:14:07.259Z] [INFO] Clicking on element New Policy Button
[2025-11-17T12:14:08.528Z] [DEBUG] Clicked on element New Policy Button
[2025-11-17T12:14:14.763Z] [INFO] Sending text 'Pollvoab' to Policy Number
[2025-11-17T12:14:15.534Z] [DEBUG] Sent text 'Pollvoab' to Policy Number
[2025-11-17T12:14:15.542Z] [INFO] Sending text '11/17/2025' to Policy Effective Date
[2025-11-17T12:14:16.212Z] [DEBUG] Sent text '11/17/2025' to Policy Effective Date
[2025-11-17T12:14:16.215Z] [INFO] Sending text '11/17/2032' to Policy Effective Date
[2025-11-17T12:14:16.523Z] [DEBUG] Sent text '11/17/2032' to Policy Effective Date
[2025-11-17T12:14:17.448Z] [INFO] Sending text 'Desffda' to Policy Description
[2025-11-17T12:14:17.911Z] [DEBUG] Sent text 'Desffda' to Policy Description
[2025-11-17T12:14:18.155Z] [INFO] Selecting value from 'BillToContact' Dropdown
[2025-11-17T12:14:18.227Z] [INFO] Selecting dropdown value by index: 1
[2025-11-17T12:14:18.514Z] [INFO] ✅ Successfully selected "1" from 'BillToContact' Dropdown
[2025-11-17T12:14:18.715Z] [INFO] Selecting value from 'BillToLocation' Dropdown
[2025-11-17T12:14:18.787Z] [INFO] Selecting dropdown value by index: 1
[2025-11-17T12:14:19.079Z] [INFO] ✅ Successfully selected "1" from 'BillToLocation' Dropdown
[2025-11-17T12:14:19.082Z] [INFO] Clicking on element Edit Save Button
[2025-11-17T12:14:19.553Z] [DEBUG] Clicked on element Edit Save Button
[2025-11-17T12:14:19.761Z] [INFO] Scrolling attempt 1
[2025-11-17T12:14:20.607Z] [INFO] Scrolling attempt 2
[2025-11-17T12:14:21.605Z] [INFO] Scrolling attempt 3
[2025-11-17T12:14:22.518Z] [INFO] Element became visible during scroll.
[2025-11-17T12:14:22.521Z] [INFO] Clicking on element add coverage button
[2025-11-17T12:14:23.339Z] [DEBUG] Clicked on element add coverage button
[2025-11-17T12:14:23.348Z] [INFO] Clicking on element Coverage ID Dropdown
[2025-11-17T12:14:24.735Z] [DEBUG] Clicked on element Coverage ID Dropdown
[2025-11-17T12:14:24.737Z] [INFO] Clicking on element Coverage ID Option
[2025-11-17T12:14:25.251Z] [DEBUG] Clicked on element Coverage ID Option
[2025-11-17T12:14:25.328Z] [INFO] Clicking on element Save For Later Button
[2025-11-17T12:14:26.102Z] [DEBUG] Clicked on element Save For Later Button
[2025-11-17T12:14:26.107Z] [INFO] Waiting for NX sync spinner to disappear...
[2025-11-17T12:14:26.336Z] [INFO] NX policy sync completed successfully.
[2025-11-17T12:14:36.461Z] [INFO] 🔍 Verifying Policy Page for Policy Number: Pollvoab
[2025-11-17T12:15:11.315Z] [INFO] Sending text 'nuguri.charitha@us.lockton.com.cbqa' to username Input Value
[2025-11-17T12:15:11.703Z] [DEBUG] Sent text 'nuguri.charitha@us.lockton.com.cbqa' to username Input Value
[2025-11-17T12:15:11.707Z] [INFO] Sending text 'Charitha@89' to password Input Value
[2025-11-17T12:15:11.803Z] [DEBUG] Sent text 'Charitha@89' to password Input Value
[2025-11-17T12:15:11.806Z] [INFO] Clicking on element login Button
[2025-11-17T12:15:14.894Z] [DEBUG] Clicked on element login Button
[2025-11-17T12:15:20.969Z] [INFO] Clicking on element setUp Icon
[2025-11-17T12:15:21.202Z] [DEBUG] Clicked on element setUp Icon
[2025-11-17T12:15:28.113Z] [INFO] Clicking on element user Search Result
[2025-11-17T12:15:28.750Z] [DEBUG] Clicked on element user Search Result
[2025-11-17T12:15:46.057Z] [INFO] Clicking on element show Navigation Menu
[2025-11-17T12:15:46.718Z] [DEBUG] Clicked on element show Navigation Menu
[2025-11-17T12:15:46.767Z] [INFO] Clicking on element accounts Menu Item
[2025-11-17T12:15:47.071Z] [DEBUG] Clicked on element accounts Menu Item
[2025-11-17T12:15:48.614Z] [INFO] Clicking on element list View Element
[2025-11-17T12:15:49.021Z] [DEBUG] Clicked on element list View Element
[2025-11-17T12:15:49.106Z] [INFO] Sending text 'All Clients' to searchBox ListViewInput
[2025-11-17T12:15:49.333Z] [DEBUG] Sent text 'All Clients' to searchBox ListViewInput
[2025-11-17T12:15:49.383Z] [INFO] Clicking on element all Clients In List View
[2025-11-17T12:15:49.707Z] [DEBUG] Clicked on element all Clients In List View
[2025-11-17T12:15:49.736Z] [INFO] Clicking on element global Search Button
[2025-11-17T12:15:50.110Z] [DEBUG] Clicked on element global Search Button
[2025-11-17T12:15:50.171Z] [INFO] Sending text '1000 Miglia SRL' to global Search Input
[2025-11-17T12:15:51.137Z] [DEBUG] Sent text '1000 Miglia SRL' to global Search Input
[2025-11-17T12:15:51.608Z] [INFO] Clicking on element global Search Result
[2025-11-17T12:15:52.159Z] [DEBUG] Clicked on element global Search Result
[2025-11-17T12:15:52.167Z] [INFO] AccountPage: Validating account record type: Client
[2025-11-17T12:15:56.205Z] [INFO] AccountPage: Account record type 'Client' is visible.
[2025-11-17T12:15:56.208Z] [INFO] Clicking on element new Opportunity Button
[2025-11-17T12:16:00.683Z] [DEBUG] Clicked on element new Opportunity Button
[2025-11-17T12:16:00.685Z] [INFO] Clicking on element intial Intake Button
[2025-11-17T12:16:02.393Z] [DEBUG] Clicked on element intial Intake Button
[2025-11-17T12:16:02.395Z] [INFO] Clicking on element opportunity Next Button
[2025-11-17T12:16:02.880Z] [DEBUG] Clicked on element opportunity Next Button
[2025-11-17T12:16:04.513Z] [INFO] Sending text 'auto gufqu' to opportunity Name
[2025-11-17T12:16:04.942Z] [DEBUG] Sent text 'auto gufqu' to opportunity Name
[2025-11-17T12:16:05.102Z] [INFO] Clicking on element stage DropDown
[2025-11-17T12:16:05.569Z] [DEBUG] Clicked on element stage DropDown
[2025-11-17T12:16:05.621Z] [INFO] Clicking on element stage Value
[2025-11-17T12:16:05.988Z] [DEBUG] Clicked on element stage Value
[2025-11-17T12:16:06.508Z] [INFO] Clicking on element insurance DropDown
[2025-11-17T12:16:06.862Z] [DEBUG] Clicked on element insurance DropDown
[2025-11-17T12:16:06.994Z] [INFO] Clicking on element Insurance Type Option
[2025-11-17T12:16:07.325Z] [DEBUG] Clicked on element Insurance Type Option
[2025-11-17T12:16:07.329Z] [INFO] Clicking on element insurance Sub Type Drop Down
[2025-11-17T12:16:07.725Z] [DEBUG] Clicked on element insurance Sub Type Drop Down
[2025-11-17T12:16:07.728Z] [INFO] Clicking on element insurance Type field
[2025-11-17T12:16:08.092Z] [DEBUG] Clicked on element insurance Type field
[2025-11-17T12:16:10.188Z] [INFO] Clicking on element save Button
[2025-11-17T12:16:10.616Z] [DEBUG] Clicked on element save Button
[2025-11-17T12:16:10.627Z] [INFO] Clicking on element Actions dropdown
[2025-11-17T12:16:14.753Z] [DEBUG] Clicked on element Actions dropdown
[2025-11-17T12:16:14.755Z] [INFO] Clicking on element Coverage builder option
[2025-11-17T12:16:15.580Z] [DEBUG] Clicked on element Coverage builder option
[2025-11-17T12:16:25.803Z] [INFO] Coverage not visible — need to add new coverage.
[2025-11-17T12:16:25.806Z] [INFO] No coverage found — creating new coverage now...
[2025-11-17T12:16:25.886Z] [INFO] CoveragePage: Coverage Builder page is displayed.
[2025-11-17T12:16:25.893Z] [INFO] Clicking on element New Coverage Button
[2025-11-17T12:16:26.472Z] [DEBUG] Clicked on element New Coverage Button
[2025-11-17T12:16:26.479Z] [INFO] Clicking on element Standalone Coverage Type
[2025-11-17T12:16:28.777Z] [DEBUG] Clicked on element Standalone Coverage Type
[2025-11-17T12:16:28.780Z] [INFO] Clicking on element Front Row Button
[2025-11-17T12:16:29.353Z] [DEBUG] Clicked on element Front Row Button
[2025-11-17T12:16:29.434Z] [INFO] Clicking on element Confirm Button
[2025-11-17T12:16:29.856Z] [DEBUG] Clicked on element Confirm Button
[2025-11-17T12:16:30.909Z] [INFO] Clicking on element Coverage Close Button
[2025-11-17T12:16:31.501Z] [DEBUG] Clicked on element Coverage Close Button
[2025-11-17T12:16:31.515Z] [INFO] New Coverages added and closed the coverage window.
[2025-11-17T12:16:31.528Z] [INFO] Clicking on element show More Actions DropDown
[2025-11-17T12:16:32.405Z] [DEBUG] Clicked on element show More Actions DropDown
[2025-11-17T12:16:32.410Z] [INFO] Clicking on element manage Opportunity Assignment Option
[2025-11-17T12:16:33.150Z] [DEBUG] Clicked on element manage Opportunity Assignment Option
[2025-11-17T12:16:34.885Z] [INFO] Sending text '100' to Producer Allocation Textbox
[2025-11-17T12:16:35.960Z] [DEBUG] Sent text '100' to Producer Allocation Textbox
[2025-11-17T12:16:35.963Z] [INFO] Clicking on element SaveAndClose Button
[2025-11-17T12:16:36.516Z] [DEBUG] Clicked on element SaveAndClose Button
[2025-11-17T12:16:36.623Z] [INFO] Stage "Underwriting" is not current. Updating stage...
[2025-11-17T12:16:36.630Z] [INFO] Clicking on element Stage
[2025-11-17T12:16:38.790Z] [DEBUG] Clicked on element Stage
[2025-11-17T12:16:38.793Z] [INFO] Clicking on element Mark As Current State Button
[2025-11-17T12:16:39.293Z] [DEBUG] Clicked on element Mark As Current State Button
[2025-11-17T12:16:39.353Z] [INFO] Stage "Underwriting" has been successfully marked as current.
[2025-11-17T12:16:44.532Z] [INFO] Element became visible during scroll.
[2025-11-17T12:16:44.534Z] [INFO] Clicking on element New Policy dropdown
[2025-11-17T12:16:45.057Z] [DEBUG] Clicked on element New Policy dropdown
[2025-11-17T12:16:45.062Z] [INFO] Clicking on element New Policy Button
[2025-11-17T12:16:46.588Z] [DEBUG] Clicked on element New Policy Button
[2025-11-17T12:16:50.796Z] [INFO] Sending text 'Poldbcqm' to Policy Number
[2025-11-17T12:16:51.617Z] [DEBUG] Sent text 'Poldbcqm' to Policy Number
[2025-11-17T12:16:51.624Z] [INFO] Sending text '11/17/2025' to Policy Effective Date
[2025-11-17T12:16:52.191Z] [DEBUG] Sent text '11/17/2025' to Policy Effective Date
[2025-11-17T12:16:52.194Z] [INFO] Sending text '11/17/2032' to Policy Effective Date
[2025-11-17T12:16:53.394Z] [DEBUG] Sent text '11/17/2032' to Policy Effective Date
[2025-11-17T12:16:54.318Z] [INFO] Sending text 'Desjkbc' to Policy Description
[2025-11-17T12:16:55.006Z] [DEBUG] Sent text 'Desjkbc' to Policy Description
[2025-11-17T12:16:55.279Z] [INFO] Selecting value from 'BillToContact' Dropdown
[2025-11-17T12:16:55.360Z] [INFO] Selecting dropdown value by index: 1
[2025-11-17T12:16:55.655Z] [INFO] ✅ Successfully selected "1" from 'BillToContact' Dropdown
[2025-11-17T12:16:55.851Z] [INFO] Selecting value from 'BillToLocation' Dropdown
[2025-11-17T12:16:55.939Z] [INFO] Selecting dropdown value by index: 1
[2025-11-17T12:16:56.247Z] [INFO] ✅ Successfully selected "1" from 'BillToLocation' Dropdown
[2025-11-17T12:16:56.251Z] [INFO] Clicking on element Edit Save Button
[2025-11-17T12:16:56.813Z] [DEBUG] Clicked on element Edit Save Button
[2025-11-17T12:16:57.034Z] [INFO] Scrolling attempt 1
[2025-11-17T12:16:57.831Z] [INFO] Scrolling attempt 2
[2025-11-17T12:16:58.885Z] [INFO] Scrolling attempt 3
[2025-11-17T12:16:59.801Z] [INFO] Scrolling attempt 4
[2025-11-17T12:17:01.159Z] [INFO] Element became visible during scroll.
[2025-11-17T12:17:01.165Z] [INFO] Clicking on element add coverage button
[2025-11-17T12:17:03.428Z] [DEBUG] Clicked on element add coverage button
[2025-11-17T12:17:03.433Z] [INFO] Clicking on element Coverage ID Dropdown
[2025-11-17T12:17:04.094Z] [DEBUG] Clicked on element Coverage ID Dropdown
[2025-11-17T12:17:04.100Z] [INFO] Clicking on element Coverage ID Option
[2025-11-17T12:17:04.730Z] [DEBUG] Clicked on element Coverage ID Option
[2025-11-17T12:17:04.814Z] [INFO] Clicking on element Save For Later Button
[2025-11-17T12:17:05.651Z] [DEBUG] Clicked on element Save For Later Button
[2025-11-17T12:17:05.653Z] [INFO] Waiting for NX sync spinner to disappear...
[2025-11-17T12:17:05.965Z] [INFO] NX policy sync completed successfully.
[2025-11-17T12:17:16.126Z] [INFO] 🔍 Verifying Policy Page for Policy Number: Poldbcqm
[2025-11-17T12:17:51.856Z] [INFO] Sending text 'nuguri.charitha@us.lockton.com.cbqa' to username Input Value
[2025-11-17T12:17:52.065Z] [DEBUG] Sent text 'nuguri.charitha@us.lockton.com.cbqa' to username Input Value
[2025-11-17T12:17:52.068Z] [INFO] Sending text 'Charitha@89' to password Input Value
[2025-11-17T12:17:52.254Z] [DEBUG] Sent text 'Charitha@89' to password Input Value
[2025-11-17T12:17:52.260Z] [INFO] Clicking on element login Button
[2025-11-17T12:17:55.466Z] [DEBUG] Clicked on element login Button
[2025-11-17T12:18:02.842Z] [INFO] Clicking on element setUp Icon
[2025-11-17T12:18:03.585Z] [DEBUG] Clicked on element setUp Icon
[2025-11-17T12:18:13.627Z] [INFO] Clicking on element user Search Result
[2025-11-17T12:18:17.733Z] [DEBUG] Clicked on element user Search Result
[2025-11-17T12:18:42.346Z] [INFO] Clicking on element show Navigation Menu
[2025-11-17T12:18:44.111Z] [DEBUG] Clicked on element show Navigation Menu
[2025-11-17T12:18:44.282Z] [INFO] Clicking on element accounts Menu Item
[2025-11-17T12:18:45.295Z] [DEBUG] Clicked on element accounts Menu Item
[2025-11-17T12:18:47.286Z] [INFO] Clicking on element list View Element
[2025-11-17T12:18:48.134Z] [DEBUG] Clicked on element list View Element
[2025-11-17T12:18:48.265Z] [INFO] Sending text 'All Clients' to searchBox ListViewInput
[2025-11-17T12:18:48.985Z] [DEBUG] Sent text 'All Clients' to searchBox ListViewInput
[2025-11-17T12:18:49.060Z] [INFO] Clicking on element all Clients In List View
[2025-11-17T12:18:49.462Z] [DEBUG] Clicked on element all Clients In List View
[2025-11-17T12:18:49.528Z] [INFO] Clicking on element global Search Button
[2025-11-17T12:18:49.980Z] [DEBUG] Clicked on element global Search Button
[2025-11-17T12:18:51.032Z] [INFO] Sending text '1000 Miglia SRL' to global Search Input
[2025-11-17T12:18:51.500Z] [DEBUG] Sent text '1000 Miglia SRL' to global Search Input
[2025-11-17T12:18:52.483Z] [INFO] Clicking on element global Search Result
[2025-11-17T12:18:52.803Z] [DEBUG] Clicked on element global Search Result
[2025-11-17T12:18:52.811Z] [INFO] AccountPage: Validating account record type: Client
[2025-11-17T12:18:57.030Z] [INFO] AccountPage: Account record type 'Client' is visible.
[2025-11-17T12:18:57.034Z] [INFO] Clicking on element new Opportunity Button
[2025-11-17T12:18:59.755Z] [DEBUG] Clicked on element new Opportunity Button
[2025-11-17T12:18:59.757Z] [INFO] Clicking on element intial Intake Button
[2025-11-17T12:19:01.436Z] [DEBUG] Clicked on element intial Intake Button
[2025-11-17T12:19:01.440Z] [INFO] Clicking on element opportunity Next Button
[2025-11-17T12:19:02.037Z] [DEBUG] Clicked on element opportunity Next Button
[2025-11-17T12:19:03.830Z] [INFO] Sending text 'auto vapxy' to opportunity Name
[2025-11-17T12:19:04.264Z] [DEBUG] Sent text 'auto vapxy' to opportunity Name
[2025-11-17T12:19:04.330Z] [INFO] Clicking on element stage DropDown
[2025-11-17T12:19:04.749Z] [DEBUG] Clicked on element stage DropDown
[2025-11-17T12:19:04.812Z] [INFO] Clicking on element stage Value
[2025-11-17T12:19:05.209Z] [DEBUG] Clicked on element stage Value
[2025-11-17T12:19:05.855Z] [INFO] Clicking on element insurance DropDown
[2025-11-17T12:19:06.211Z] [DEBUG] Clicked on element insurance DropDown
[2025-11-17T12:19:06.330Z] [INFO] Clicking on element Insurance Type Option
[2025-11-17T12:19:06.660Z] [DEBUG] Clicked on element Insurance Type Option
[2025-11-17T12:19:06.662Z] [INFO] Clicking on element insurance Sub Type Drop Down
[2025-11-17T12:19:07.011Z] [DEBUG] Clicked on element insurance Sub Type Drop Down
[2025-11-17T12:19:07.013Z] [INFO] Clicking on element insurance Type field
[2025-11-17T12:19:07.352Z] [DEBUG] Clicked on element insurance Type field
[2025-11-17T12:19:09.449Z] [INFO] Clicking on element save Button
[2025-11-17T12:19:10.052Z] [DEBUG] Clicked on element save Button
[2025-11-17T12:19:10.055Z] [INFO] Clicking on element Actions dropdown
[2025-11-17T12:19:14.745Z] [DEBUG] Clicked on element Actions dropdown
[2025-11-17T12:19:14.750Z] [INFO] Clicking on element Coverage builder option
[2025-11-17T12:19:15.323Z] [DEBUG] Clicked on element Coverage builder option
[2025-11-17T12:19:25.574Z] [INFO] Coverage not visible — need to add new coverage.
[2025-11-17T12:19:25.576Z] [INFO] No coverage found — creating new coverage now...
[2025-11-17T12:19:25.701Z] [INFO] CoveragePage: Coverage Builder page is displayed.
[2025-11-17T12:19:25.705Z] [INFO] Clicking on element New Coverage Button
[2025-11-17T12:19:26.123Z] [DEBUG] Clicked on element New Coverage Button
[2025-11-17T12:19:26.125Z] [INFO] Clicking on element Standalone Coverage Type
[2025-11-17T12:19:27.881Z] [DEBUG] Clicked on element Standalone Coverage Type
[2025-11-17T12:19:27.888Z] [INFO] Clicking on element Front Row Button
[2025-11-17T12:19:28.475Z] [DEBUG] Clicked on element Front Row Button
[2025-11-17T12:19:28.561Z] [INFO] Clicking on element Confirm Button
[2025-11-17T12:19:28.931Z] [DEBUG] Clicked on element Confirm Button
[2025-11-17T12:19:29.980Z] [INFO] Clicking on element Coverage Close Button
[2025-11-17T12:19:30.588Z] [DEBUG] Clicked on element Coverage Close Button
[2025-11-17T12:19:30.595Z] [INFO] New Coverages added and closed the coverage window.
[2025-11-17T12:19:30.603Z] [INFO] Clicking on element show More Actions DropDown
[2025-11-17T12:19:31.383Z] [DEBUG] Clicked on element show More Actions DropDown
[2025-11-17T12:19:31.386Z] [INFO] Clicking on element manage Opportunity Assignment Option
[2025-11-17T12:19:32.126Z] [DEBUG] Clicked on element manage Opportunity Assignment Option
[2025-11-17T12:19:35.406Z] [INFO] Sending text '100' to Producer Allocation Textbox
[2025-11-17T12:19:35.771Z] [DEBUG] Sent text '100' to Producer Allocation Textbox
[2025-11-17T12:19:35.774Z] [INFO] Clicking on element SaveAndClose Button
[2025-11-17T12:19:36.239Z] [DEBUG] Clicked on element SaveAndClose Button
[2025-11-17T12:19:36.310Z] [INFO] Stage "Underwriting" is not current. Updating stage...
[2025-11-17T12:19:36.317Z] [INFO] Clicking on element Stage
[2025-11-17T12:19:38.530Z] [DEBUG] Clicked on element Stage
[2025-11-17T12:19:38.536Z] [INFO] Clicking on element Mark As Current State Button
[2025-11-17T12:19:39.200Z] [DEBUG] Clicked on element Mark As Current State Button
[2025-11-17T12:19:39.291Z] [INFO] Stage "Underwriting" has been successfully marked as current.
[2025-11-17T12:19:44.444Z] [INFO] Element became visible during scroll.
[2025-11-17T12:19:44.450Z] [INFO] Clicking on element New Policy dropdown
[2025-11-17T12:19:44.917Z] [DEBUG] Clicked on element New Policy dropdown
[2025-11-17T12:19:44.923Z] [INFO] Clicking on element New Policy Button
[2025-11-17T12:19:45.620Z] [DEBUG] Clicked on element New Policy Button
[2025-11-17T12:19:49.919Z] [INFO] Sending text 'Polaskwa' to Policy Number
[2025-11-17T12:19:50.808Z] [DEBUG] Sent text 'Polaskwa' to Policy Number
[2025-11-17T12:19:50.812Z] [INFO] Sending text '11/17/2025' to Policy Effective Date
[2025-11-17T12:19:51.120Z] [DEBUG] Sent text '11/17/2025' to Policy Effective Date
[2025-11-17T12:19:51.122Z] [INFO] Sending text '11/17/2032' to Policy Effective Date
[2025-11-17T12:19:51.783Z] [DEBUG] Sent text '11/17/2032' to Policy Effective Date
[2025-11-17T12:19:52.298Z] [INFO] Sending text 'Desjftl' to Policy Description
[2025-11-17T12:19:52.833Z] [DEBUG] Sent text 'Desjftl' to Policy Description
[2025-11-17T12:19:53.032Z] [INFO] Selecting value from 'BillToContact' Dropdown
[2025-11-17T12:19:53.123Z] [INFO] Selecting dropdown value by index: 1
[2025-11-17T12:19:53.487Z] [INFO] ✅ Successfully selected "1" from 'BillToContact' Dropdown
[2025-11-17T12:19:53.719Z] [INFO] Selecting value from 'BillToLocation' Dropdown
[2025-11-17T12:19:53.795Z] [INFO] Selecting dropdown value by index: 1
[2025-11-17T12:19:54.087Z] [INFO] ✅ Successfully selected "1" from 'BillToLocation' Dropdown
[2025-11-17T12:19:54.089Z] [INFO] Clicking on element Edit Save Button
[2025-11-17T12:19:54.611Z] [DEBUG] Clicked on element Edit Save Button
[2025-11-17T12:19:54.846Z] [INFO] Scrolling attempt 1
[2025-11-17T12:19:55.675Z] [INFO] Scrolling attempt 2
[2025-11-17T12:19:56.644Z] [INFO] Scrolling attempt 3
[2025-11-17T12:19:57.499Z] [INFO] Element became visible during scroll.
[2025-11-17T12:19:57.502Z] [INFO] Clicking on element add coverage button
[2025-11-17T12:19:58.287Z] [DEBUG] Clicked on element add coverage button
[2025-11-17T12:19:58.293Z] [INFO] Clicking on element Coverage ID Dropdown
[2025-11-17T12:19:59.168Z] [DEBUG] Clicked on element Coverage ID Dropdown
[2025-11-17T12:19:59.172Z] [INFO] Clicking on element Coverage ID Option
[2025-11-17T12:20:00.669Z] [DEBUG] Clicked on element Coverage ID Option
[2025-11-17T12:20:00.768Z] [INFO] Clicking on element Save For Later Button
[2025-11-17T12:20:01.487Z] [DEBUG] Clicked on element Save For Later Button
[2025-11-17T12:20:01.490Z] [INFO] Waiting for NX sync spinner to disappear...
[2025-11-17T12:20:01.705Z] [INFO] NX policy sync completed successfully.
[2025-11-17T12:20:11.802Z] [INFO] 🔍 Verifying Policy Page for Policy Number: Polaskwa
[2025-11-17T12:20:45.279Z] [INFO] Sending text 'nuguri.charitha@us.lockton.com.cbqa' to username Input Value
[2025-11-17T12:20:45.600Z] [DEBUG] Sent text 'nuguri.charitha@us.lockton.com.cbqa' to username Input Value
[2025-11-17T12:20:45.605Z] [INFO] Sending text 'Charitha@89' to password Input Value
[2025-11-17T12:20:45.758Z] [DEBUG] Sent text 'Charitha@89' to password Input Value
[2025-11-17T12:20:45.763Z] [INFO] Clicking on element login Button
[2025-11-17T12:20:47.841Z] [DEBUG] Clicked on element login Button
[2025-11-17T12:20:53.671Z] [INFO] Clicking on element setUp Icon
[2025-11-17T12:20:54.094Z] [DEBUG] Clicked on element setUp Icon
[2025-11-17T12:21:01.694Z] [INFO] Clicking on element user Search Result
[2025-11-17T12:21:02.412Z] [DEBUG] Clicked on element user Search Result
[2025-11-17T12:21:19.775Z] [INFO] Clicking on element show Navigation Menu
[2025-11-17T12:21:20.429Z] [DEBUG] Clicked on element show Navigation Menu
[2025-11-17T12:21:20.482Z] [INFO] Clicking on element accounts Menu Item
[2025-11-17T12:21:20.831Z] [DEBUG] Clicked on element accounts Menu Item
[2025-11-17T12:21:22.334Z] [INFO] Clicking on element list View Element
[2025-11-17T12:21:22.769Z] [DEBUG] Clicked on element list View Element
[2025-11-17T12:21:22.853Z] [INFO] Sending text 'All Clients' to searchBox ListViewInput
[2025-11-17T12:21:23.169Z] [DEBUG] Sent text 'All Clients' to searchBox ListViewInput
[2025-11-17T12:21:23.233Z] [INFO] Clicking on element all Clients In List View
[2025-11-17T12:21:23.621Z] [DEBUG] Clicked on element all Clients In List View
[2025-11-17T12:21:23.656Z] [INFO] Clicking on element global Search Button
[2025-11-17T12:21:24.110Z] [DEBUG] Clicked on element global Search Button
[2025-11-17T12:21:24.995Z] [INFO] Sending text '1000 Miglia SRL' to global Search Input
[2025-11-17T12:21:25.326Z] [DEBUG] Sent text '1000 Miglia SRL' to global Search Input
[2025-11-17T12:21:26.306Z] [INFO] Clicking on element global Search Result
[2025-11-17T12:21:26.692Z] [DEBUG] Clicked on element global Search Result
[2025-11-17T12:21:26.696Z] [INFO] AccountPage: Validating account record type: Client
[2025-11-17T12:21:31.265Z] [INFO] AccountPage: Account record type 'Client' is visible.
[2025-11-17T12:21:31.274Z] [INFO] Clicking on element new Opportunity Button
[2025-11-17T12:21:35.028Z] [DEBUG] Clicked on element new Opportunity Button
[2025-11-17T12:21:35.030Z] [INFO] Clicking on element intial Intake Button
[2025-11-17T12:21:36.771Z] [DEBUG] Clicked on element intial Intake Button
[2025-11-17T12:21:36.776Z] [INFO] Clicking on element opportunity Next Button
[2025-11-17T12:21:37.397Z] [DEBUG] Clicked on element opportunity Next Button
[2025-11-17T12:21:39.392Z] [INFO] Sending text 'auto nfxad' to opportunity Name
[2025-11-17T12:21:40.050Z] [DEBUG] Sent text 'auto nfxad' to opportunity Name
[2025-11-17T12:21:40.183Z] [INFO] Clicking on element stage DropDown
[2025-11-17T12:21:40.870Z] [DEBUG] Clicked on element stage DropDown
[2025-11-17T12:21:40.926Z] [INFO] Clicking on element stage Value
[2025-11-17T12:21:41.293Z] [DEBUG] Clicked on element stage Value
[2025-11-17T12:21:41.879Z] [INFO] Clicking on element insurance DropDown
[2025-11-17T12:21:42.325Z] [DEBUG] Clicked on element insurance DropDown
[2025-11-17T12:21:42.457Z] [INFO] Clicking on element Insurance Type Option
[2025-11-17T12:21:42.844Z] [DEBUG] Clicked on element Insurance Type Option
[2025-11-17T12:21:42.847Z] [INFO] Clicking on element insurance Sub Type Drop Down
[2025-11-17T12:21:43.260Z] [DEBUG] Clicked on element insurance Sub Type Drop Down
[2025-11-17T12:21:43.263Z] [INFO] Clicking on element insurance Type field
[2025-11-17T12:21:43.665Z] [DEBUG] Clicked on element insurance Type field
[2025-11-17T12:21:45.740Z] [INFO] Clicking on element save Button
[2025-11-17T12:21:46.433Z] [DEBUG] Clicked on element save Button
[2025-11-17T12:21:46.443Z] [INFO] Clicking on element Actions dropdown
[2025-11-17T12:21:51.072Z] [DEBUG] Clicked on element Actions dropdown
[2025-11-17T12:21:51.077Z] [INFO] Clicking on element Coverage builder option
[2025-11-17T12:21:51.583Z] [DEBUG] Clicked on element Coverage builder option
[2025-11-17T12:22:01.834Z] [INFO] Coverage not visible — need to add new coverage.
[2025-11-17T12:22:01.837Z] [INFO] No coverage found — creating new coverage now...
[2025-11-17T12:22:01.947Z] [INFO] CoveragePage: Coverage Builder page is displayed.
[2025-11-17T12:22:01.950Z] [INFO] Clicking on element New Coverage Button
[2025-11-17T12:22:02.334Z] [DEBUG] Clicked on element New Coverage Button
[2025-11-17T12:22:02.336Z] [INFO] Clicking on element Standalone Coverage Type
[2025-11-17T12:22:03.721Z] [DEBUG] Clicked on element Standalone Coverage Type
[2025-11-17T12:22:03.723Z] [INFO] Clicking on element Front Row Button
[2025-11-17T12:22:04.186Z] [DEBUG] Clicked on element Front Row Button
[2025-11-17T12:22:04.279Z] [INFO] Clicking on element Confirm Button
[2025-11-17T12:22:04.579Z] [DEBUG] Clicked on element Confirm Button
[2025-11-17T12:22:05.650Z] [INFO] Clicking on element Coverage Close Button
[2025-11-17T12:22:06.072Z] [DEBUG] Clicked on element Coverage Close Button
[2025-11-17T12:22:06.085Z] [INFO] New Coverages added and closed the coverage window.
[2025-11-17T12:22:06.103Z] [INFO] Clicking on element show More Actions DropDown
[2025-11-17T12:22:07.210Z] [DEBUG] Clicked on element show More Actions DropDown
[2025-11-17T12:22:07.216Z] [INFO] Clicking on element manage Opportunity Assignment Option
[2025-11-17T12:22:07.952Z] [DEBUG] Clicked on element manage Opportunity Assignment Option
[2025-11-17T12:22:09.528Z] [INFO] Sending text '100' to Producer Allocation Textbox
[2025-11-17T12:22:10.488Z] [DEBUG] Sent text '100' to Producer Allocation Textbox
[2025-11-17T12:22:10.492Z] [INFO] Clicking on element SaveAndClose Button
[2025-11-17T12:22:11.002Z] [DEBUG] Clicked on element SaveAndClose Button
[2025-11-17T12:22:11.102Z] [INFO] Stage "Underwriting" is not current. Updating stage...
[2025-11-17T12:22:11.105Z] [INFO] Clicking on element Stage
[2025-11-17T12:22:12.978Z] [DEBUG] Clicked on element Stage
[2025-11-17T12:22:12.984Z] [INFO] Clicking on element Mark As Current State Button
[2025-11-17T12:22:14.063Z] [DEBUG] Clicked on element Mark As Current State Button
[2025-11-17T12:22:14.324Z] [INFO] Stage "Underwriting" has been successfully marked as current.
[2025-11-17T12:22:19.578Z] [INFO] Element became visible during scroll.
[2025-11-17T12:22:19.581Z] [INFO] Clicking on element New Policy dropdown
[2025-11-17T12:22:20.135Z] [DEBUG] Clicked on element New Policy dropdown
[2025-11-17T12:22:20.139Z] [INFO] Clicking on element New Policy Button
[2025-11-17T12:22:21.060Z] [DEBUG] Clicked on element New Policy Button
[2025-11-17T12:22:25.564Z] [INFO] Sending text 'Poltqihe' to Policy Number
[2025-11-17T12:22:26.207Z] [DEBUG] Sent text 'Poltqihe' to Policy Number
[2025-11-17T12:22:26.209Z] [INFO] Sending text '11/17/2025' to Policy Effective Date
[2025-11-17T12:22:26.511Z] [DEBUG] Sent text '11/17/2025' to Policy Effective Date
[2025-11-17T12:22:26.517Z] [INFO] Sending text '11/17/2032' to Policy Effective Date
[2025-11-17T12:22:26.821Z] [DEBUG] Sent text '11/17/2032' to Policy Effective Date
[2025-11-17T12:22:27.552Z] [INFO] Sending text 'Destqwj' to Policy Description
[2025-11-17T12:22:28.014Z] [DEBUG] Sent text 'Destqwj' to Policy Description
[2025-11-17T12:22:28.266Z] [INFO] Selecting value from 'BillToContact' Dropdown
[2025-11-17T12:22:28.369Z] [INFO] Selecting dropdown value by index: 1
[2025-11-17T12:22:28.612Z] [INFO] ✅ Successfully selected "1" from 'BillToContact' Dropdown
[2025-11-17T12:22:28.815Z] [INFO] Selecting value from 'BillToLocation' Dropdown
[2025-11-17T12:22:28.890Z] [INFO] Selecting dropdown value by index: 1
[2025-11-17T12:22:29.148Z] [INFO] ✅ Successfully selected "1" from 'BillToLocation' Dropdown
[2025-11-17T12:22:29.150Z] [INFO] Clicking on element Edit Save Button
[2025-11-17T12:22:29.585Z] [DEBUG] Clicked on element Edit Save Button
[2025-11-17T12:22:29.796Z] [INFO] Scrolling attempt 1
[2025-11-17T12:22:30.573Z] [INFO] Scrolling attempt 2
[2025-11-17T12:22:31.472Z] [INFO] Scrolling attempt 3
[2025-11-17T12:22:32.402Z] [INFO] Element became visible during scroll.
[2025-11-17T12:22:32.407Z] [INFO] Clicking on element add coverage button
[2025-11-17T12:22:33.086Z] [DEBUG] Clicked on element add coverage button
[2025-11-17T12:22:33.092Z] [INFO] Clicking on element Coverage ID Dropdown
[2025-11-17T12:22:33.739Z] [DEBUG] Clicked on element Coverage ID Dropdown
[2025-11-17T12:22:33.741Z] [INFO] Clicking on element Coverage ID Option
[2025-11-17T12:22:34.898Z] [DEBUG] Clicked on element Coverage ID Option
[2025-11-17T12:22:34.975Z] [INFO] Clicking on element Save For Later Button
[2025-11-17T12:22:35.662Z] [DEBUG] Clicked on element Save For Later Button
[2025-11-17T12:22:35.666Z] [INFO] Waiting for NX sync spinner to disappear...
[2025-11-17T12:22:35.908Z] [INFO] NX policy sync completed successfully.
[2025-11-17T12:22:46.175Z] [INFO] 🔍 Verifying Policy Page for Policy Number: Poltqihe
[2025-11-17T12:23:21.566Z] [INFO] Sending text 'nuguri.charitha@us.lockton.com.cbqa' to username Input Value
[2025-11-17T12:23:21.856Z] [DEBUG] Sent text 'nuguri.charitha@us.lockton.com.cbqa' to username Input Value
[2025-11-17T12:23:21.858Z] [INFO] Sending text 'Charitha@89' to password Input Value
[2025-11-17T12:23:22.018Z] [DEBUG] Sent text 'Charitha@89' to password Input Value
[2025-11-17T12:23:22.021Z] [INFO] Clicking on element login Button
[2025-11-17T12:23:24.327Z] [DEBUG] Clicked on element login Button
[2025-11-17T12:23:29.453Z] [INFO] Clicking on element setUp Icon
[2025-11-17T12:23:29.682Z] [DEBUG] Clicked on element setUp Icon
[2025-11-17T12:23:37.408Z] [INFO] Clicking on element user Search Result
[2025-11-17T12:23:37.945Z] [DEBUG] Clicked on element user Search Result
[2025-11-17T12:23:57.161Z] [INFO] Clicking on element show Navigation Menu
[2025-11-17T12:23:57.847Z] [DEBUG] Clicked on element show Navigation Menu
[2025-11-17T12:23:57.903Z] [INFO] Clicking on element accounts Menu Item
[2025-11-17T12:23:58.239Z] [DEBUG] Clicked on element accounts Menu Item
[2025-11-17T12:23:59.776Z] [INFO] Clicking on element list View Element
[2025-11-17T12:24:00.329Z] [DEBUG] Clicked on element list View Element
[2025-11-17T12:24:00.386Z] [INFO] Sending text 'All Clients' to searchBox ListViewInput
[2025-11-17T12:24:00.609Z] [DEBUG] Sent text 'All Clients' to searchBox ListViewInput
[2025-11-17T12:24:00.668Z] [INFO] Clicking on element all Clients In List View
[2025-11-17T12:24:01.101Z] [DEBUG] Clicked on element all Clients In List View
[2025-11-17T12:24:01.142Z] [INFO] Clicking on element global Search Button
[2025-11-17T12:24:01.539Z] [DEBUG] Clicked on element global Search Button
[2025-11-17T12:24:02.289Z] [INFO] Sending text '1000 Miglia SRL' to global Search Input
[2025-11-17T12:24:02.789Z] [DEBUG] Sent text '1000 Miglia SRL' to global Search Input
[2025-11-17T12:24:03.298Z] [INFO] Clicking on element global Search Result
[2025-11-17T12:24:03.653Z] [DEBUG] Clicked on element global Search Result
[2025-11-17T12:24:03.662Z] [INFO] AccountPage: Validating account record type: Client
[2025-11-17T12:24:07.573Z] [INFO] AccountPage: Account record type 'Client' is visible.
[2025-11-17T12:24:07.579Z] [INFO] Clicking on element new Opportunity Button
[2025-11-17T12:24:11.308Z] [DEBUG] Clicked on element new Opportunity Button
[2025-11-17T12:24:11.310Z] [INFO] Clicking on element intial Intake Button
[2025-11-17T12:24:13.269Z] [DEBUG] Clicked on element intial Intake Button
[2025-11-17T12:24:13.272Z] [INFO] Clicking on element opportunity Next Button
[2025-11-17T12:24:13.839Z] [DEBUG] Clicked on element opportunity Next Button
[2025-11-17T12:24:15.984Z] [INFO] Sending text 'auto esdyu' to opportunity Name
[2025-11-17T12:24:16.484Z] [DEBUG] Sent text 'auto esdyu' to opportunity Name
[2025-11-17T12:24:16.560Z] [INFO] Clicking on element stage DropDown
[2025-11-17T12:24:17.088Z] [DEBUG] Clicked on element stage DropDown
[2025-11-17T12:24:17.183Z] [INFO] Clicking on element stage Value
[2025-11-17T12:24:17.767Z] [DEBUG] Clicked on element stage Value
[2025-11-17T12:24:18.598Z] [INFO] Clicking on element insurance DropDown
[2025-11-17T12:24:19.048Z] [DEBUG] Clicked on element insurance DropDown
[2025-11-17T12:24:19.253Z] [INFO] Clicking on element Insurance Type Option
[2025-11-17T12:24:19.792Z] [DEBUG] Clicked on element Insurance Type Option
[2025-11-17T12:24:19.794Z] [INFO] Clicking on element insurance Sub Type Drop Down
[2025-11-17T12:24:20.301Z] [DEBUG] Clicked on element insurance Sub Type Drop Down
[2025-11-17T12:24:20.305Z] [INFO] Clicking on element insurance Type field
[2025-11-17T12:24:20.630Z] [DEBUG] Clicked on element insurance Type field
[2025-11-17T12:24:22.681Z] [INFO] Clicking on element save Button
[2025-11-17T12:24:23.184Z] [DEBUG] Clicked on element save Button
[2025-11-17T12:24:23.193Z] [INFO] Clicking on element Actions dropdown
[2025-11-17T12:24:27.449Z] [DEBUG] Clicked on element Actions dropdown
[2025-11-17T12:24:27.451Z] [INFO] Clicking on element Coverage builder option
[2025-11-17T12:24:28.154Z] [DEBUG] Clicked on element Coverage builder option
[2025-11-17T12:24:38.362Z] [INFO] Coverage not visible — need to add new coverage.
[2025-11-17T12:24:38.365Z] [INFO] No coverage found — creating new coverage now...
[2025-11-17T12:24:38.453Z] [INFO] CoveragePage: Coverage Builder page is displayed.
[2025-11-17T12:24:38.457Z] [INFO] Clicking on element New Coverage Button
[2025-11-17T12:24:38.991Z] [DEBUG] Clicked on element New Coverage Button
[2025-11-17T12:24:38.997Z] [INFO] Clicking on element Standalone Coverage Type
[2025-11-17T12:24:40.747Z] [DEBUG] Clicked on element Standalone Coverage Type
[2025-11-17T12:24:40.751Z] [INFO] Clicking on element Front Row Button
[2025-11-17T12:24:41.278Z] [DEBUG] Clicked on element Front Row Button
[2025-11-17T12:24:41.359Z] [INFO] Clicking on element Confirm Button
[2025-11-17T12:24:41.729Z] [DEBUG] Clicked on element Confirm Button
[2025-11-17T12:24:43.602Z] [INFO] Clicking on element Coverage Close Button
[2025-11-17T12:24:44.212Z] [DEBUG] Clicked on element Coverage Close Button
[2025-11-17T12:24:44.216Z] [INFO] New Coverages added and closed the coverage window.
[2025-11-17T12:24:44.223Z] [INFO] Clicking on element show More Actions DropDown
[2025-11-17T12:24:45.169Z] [DEBUG] Clicked on element show More Actions DropDown
[2025-11-17T12:24:45.172Z] [INFO] Clicking on element manage Opportunity Assignment Option
[2025-11-17T12:24:45.794Z] [DEBUG] Clicked on element manage Opportunity Assignment Option
[2025-11-17T12:24:47.421Z] [INFO] Sending text '100' to Producer Allocation Textbox
[2025-11-17T12:24:48.174Z] [DEBUG] Sent text '100' to Producer Allocation Textbox
[2025-11-17T12:24:48.176Z] [INFO] Clicking on element SaveAndClose Button
[2025-11-17T12:24:48.591Z] [DEBUG] Clicked on element SaveAndClose Button
[2025-11-17T12:24:48.665Z] [INFO] Stage "Underwriting" is not current. Updating stage...
[2025-11-17T12:24:48.668Z] [INFO] Clicking on element Stage
[2025-11-17T12:24:50.648Z] [DEBUG] Clicked on element Stage
[2025-11-17T12:24:50.651Z] [INFO] Clicking on element Mark As Current State Button
[2025-11-17T12:24:51.157Z] [DEBUG] Clicked on element Mark As Current State Button
[2025-11-17T12:24:51.204Z] [INFO] Stage "Underwriting" has been successfully marked as current.
[2025-11-17T12:24:56.331Z] [INFO] Element became visible during scroll.
[2025-11-17T12:24:56.337Z] [INFO] Clicking on element New Policy dropdown
[2025-11-17T12:24:56.807Z] [DEBUG] Clicked on element New Policy dropdown
[2025-11-17T12:24:56.814Z] [INFO] Clicking on element New Policy Button
[2025-11-17T12:24:58.022Z] [DEBUG] Clicked on element New Policy Button
[2025-11-17T12:25:02.487Z] [INFO] Sending text 'Polxtedc' to Policy Number
[2025-11-17T12:25:02.905Z] [DEBUG] Sent text 'Polxtedc' to Policy Number
[2025-11-17T12:25:02.907Z] [INFO] Sending text '11/17/2025' to Policy Effective Date
[2025-11-17T12:25:03.361Z] [DEBUG] Sent text '11/17/2025' to Policy Effective Date
[2025-11-17T12:25:03.366Z] [INFO] Sending text '11/17/2032' to Policy Effective Date
[2025-11-17T12:25:03.721Z] [DEBUG] Sent text '11/17/2032' to Policy Effective Date
[2025-11-17T12:25:04.805Z] [INFO] Sending text 'Deshneb' to Policy Description
[2025-11-17T12:25:05.286Z] [DEBUG] Sent text 'Deshneb' to Policy Description
[2025-11-17T12:25:05.646Z] [INFO] Selecting value from 'BillToContact' Dropdown
[2025-11-17T12:25:05.709Z] [INFO] Selecting dropdown value by index: 1
[2025-11-17T12:25:05.976Z] [INFO] ✅ Successfully selected "1" from 'BillToContact' Dropdown
[2025-11-17T12:25:06.223Z] [INFO] Selecting value from 'BillToLocation' Dropdown
[2025-11-17T12:25:06.295Z] [INFO] Selecting dropdown value by index: 1
[2025-11-17T12:25:06.588Z] [INFO] ✅ Successfully selected "1" from 'BillToLocation' Dropdown
[2025-11-17T12:25:06.590Z] [INFO] Clicking on element Edit Save Button
[2025-11-17T12:25:07.203Z] [DEBUG] Clicked on element Edit Save Button
[2025-11-17T12:25:07.421Z] [INFO] Scrolling attempt 1
[2025-11-17T12:25:08.280Z] [INFO] Scrolling attempt 2
[2025-11-17T12:25:09.235Z] [INFO] Scrolling attempt 3
[2025-11-17T12:25:09.958Z] [INFO] Element became visible during scroll.
[2025-11-17T12:25:09.961Z] [INFO] Clicking on element add coverage button
[2025-11-17T12:25:11.098Z] [DEBUG] Clicked on element add coverage button
[2025-11-17T12:25:11.104Z] [INFO] Clicking on element Coverage ID Dropdown
[2025-11-17T12:25:12.229Z] [DEBUG] Clicked on element Coverage ID Dropdown
[2025-11-17T12:25:12.232Z] [INFO] Clicking on element Coverage ID Option
[2025-11-17T12:25:12.731Z] [DEBUG] Clicked on element Coverage ID Option
[2025-11-17T12:25:12.804Z] [INFO] Clicking on element Save For Later Button
[2025-11-17T12:25:13.449Z] [DEBUG] Clicked on element Save For Later Button
[2025-11-17T12:25:13.452Z] [INFO] Waiting for NX sync spinner to disappear...
[2025-11-17T12:25:13.693Z] [INFO] NX policy sync completed successfully.
[2025-11-17T12:25:23.800Z] [INFO] 🔍 Verifying Policy Page for Policy Number: Polxtedc
