[2025-11-18T07:14:06.421Z] [INFO] Sending text 'nuguri.charitha@us.lockton.com.uat' to username Input Value
[2025-11-18T07:14:07.002Z] [DEBUG] Sent text 'nuguri.charitha@us.lockton.com.uat' to username Input Value
[2025-11-18T07:14:07.013Z] [INFO] Sending text 'Charitha@48' to password Input Value
[2025-11-18T07:14:07.220Z] [DEBUG] Sent text 'Charitha@48' to password Input Value
[2025-11-18T07:14:07.223Z] [INFO] Clicking on element login Button
[2025-11-18T07:14:10.805Z] [DEBUG] Clicked on element login Button
[2025-11-18T07:14:18.762Z] [INFO] Clicking on element setUp Icon
[2025-11-18T07:14:24.947Z] [DEBUG] Clicked on element setUp Icon
[2025-11-18T07:14:34.816Z] [INFO] Clicking on element user Search Result
[2025-11-18T07:14:38.630Z] [DEBUG] Clicked on element user Search Result
[2025-11-18T07:15:15.363Z] [INFO] Clicking on element show Navigation Menu
[2025-11-18T07:15:15.838Z] [DEBUG] Clicked on element show Navigation Menu
[2025-11-18T07:15:15.921Z] [INFO] Clicking on element accounts Menu Item
[2025-11-18T07:15:16.413Z] [DEBUG] Clicked on element accounts Menu Item
[2025-11-18T07:15:17.856Z] [INFO] Clicking on element list View Element
[2025-11-18T07:15:18.338Z] [DEBUG] Clicked on element list View Element
[2025-11-18T07:15:18.432Z] [INFO] Sending text 'All Clients' to searchBox ListViewInput
[2025-11-18T07:15:18.783Z] [DEBUG] Sent text 'All Clients' to searchBox ListViewInput
[2025-11-18T07:15:18.847Z] [INFO] Clicking on element all Clients In List View
[2025-11-18T07:15:19.454Z] [DEBUG] Clicked on element all Clients In List View
[2025-11-18T07:15:19.681Z] [INFO] Clicking on element global Search Button
[2025-11-18T07:15:22.914Z] [DEBUG] Clicked on element global Search Button
[2025-11-18T07:15:23.168Z] [INFO] Sending text '1000 Miglia SRL' to global Search Input
[2025-11-18T07:15:24.074Z] [DEBUG] Sent text '1000 Miglia SRL' to global Search Input
[2025-11-18T07:15:24.838Z] [INFO] Clicking on element global Search Result
[2025-11-18T07:15:25.888Z] [DEBUG] Clicked on element global Search Result
[2025-11-18T07:15:25.897Z] [INFO] AccountPage: Validating account record type: Client
[2025-11-18T07:15:31.392Z] [INFO] AccountPage: Account record type 'Client' is visible.
[2025-11-18T07:15:31.403Z] [INFO] Clicking on element new Opportunity Button
[2025-11-18T07:15:33.598Z] [DEBUG] Clicked on element new Opportunity Button
[2025-11-18T07:15:33.603Z] [INFO] Clicking on element intial Intake Button
[2025-11-18T07:15:35.915Z] [DEBUG] Clicked on element intial Intake Button
[2025-11-18T07:15:35.918Z] [INFO] Clicking on element opportunity Next Button
[2025-11-18T07:15:37.147Z] [DEBUG] Clicked on element opportunity Next Button
[2025-11-18T07:15:39.513Z] [INFO] Sending text 'auto ggnxd' to opportunity Name
[2025-11-18T07:15:40.505Z] [DEBUG] Sent text 'auto ggnxd' to opportunity Name
[2025-11-18T07:15:40.754Z] [INFO] Clicking on element stage DropDown
[2025-11-18T07:15:41.913Z] [DEBUG] Clicked on element stage DropDown
[2025-11-18T07:15:42.121Z] [INFO] Clicking on element stage Value
[2025-11-18T07:15:43.223Z] [DEBUG] Clicked on element stage Value
[2025-11-18T07:15:44.191Z] [INFO] Clicking on element insurance Sub Type Drop Down
[2025-11-18T07:15:45.340Z] [DEBUG] Clicked on element insurance Sub Type Drop Down
[2025-11-18T07:15:45.345Z] [INFO] Clicking on element insurance Type field
[2025-11-18T07:15:46.461Z] [DEBUG] Clicked on element insurance Type field
[2025-11-18T07:15:48.696Z] [INFO] Clicking on element save Button
[2025-11-18T07:15:49.735Z] [DEBUG] Clicked on element save Button
[2025-11-18T07:15:54.744Z] [INFO] Clicking on element show More Actions DropDown
[2025-11-18T07:15:56.265Z] [DEBUG] Clicked on element show More Actions DropDown
[2025-11-18T07:15:56.275Z] [INFO] Clicking on element manage Opportunity Assignment Option
[2025-11-18T07:15:57.942Z] [DEBUG] Clicked on element manage Opportunity Assignment Option
[2025-11-18T07:16:29.702Z] [INFO] Sending text 'nuguri.charitha@us.lockton.com.uat' to username Input Value
[2025-11-18T07:16:30.259Z] [DEBUG] Sent text 'nuguri.charitha@us.lockton.com.uat' to username Input Value
[2025-11-18T07:16:30.264Z] [INFO] Sending text 'Charitha@48' to password Input Value
[2025-11-18T07:16:30.388Z] [DEBUG] Sent text 'Charitha@48' to password Input Value
[2025-11-18T07:16:30.394Z] [INFO] Clicking on element login Button
[2025-11-18T07:16:32.373Z] [DEBUG] Clicked on element login Button
[2025-11-18T07:16:38.406Z] [INFO] Clicking on element setUp Icon
[2025-11-18T07:16:38.811Z] [DEBUG] Clicked on element setUp Icon
[2025-11-18T07:16:46.227Z] [INFO] Clicking on element user Search Result
[2025-11-18T07:16:46.590Z] [DEBUG] Clicked on element user Search Result
[2025-11-18T07:17:07.012Z] [INFO] Clicking on element show Navigation Menu
[2025-11-18T07:17:07.353Z] [DEBUG] Clicked on element show Navigation Menu
[2025-11-18T07:17:07.388Z] [INFO] Clicking on element accounts Menu Item
[2025-11-18T07:17:07.606Z] [DEBUG] Clicked on element accounts Menu Item
[2025-11-18T07:17:09.170Z] [INFO] Clicking on element list View Element
[2025-11-18T07:17:10.210Z] [DEBUG] Clicked on element list View Element
[2025-11-18T07:17:10.289Z] [INFO] Sending text 'All Clients' to searchBox ListViewInput
[2025-11-18T07:17:10.522Z] [DEBUG] Sent text 'All Clients' to searchBox ListViewInput
[2025-11-18T07:17:10.608Z] [INFO] Clicking on element all Clients In List View
[2025-11-18T07:17:11.020Z] [DEBUG] Clicked on element all Clients In List View
[2025-11-18T07:17:11.063Z] [INFO] Clicking on element global Search Button
[2025-11-18T07:17:12.071Z] [DEBUG] Clicked on element global Search Button
[2025-11-18T07:17:12.191Z] [INFO] Sending text '1000 Miglia SRL' to global Search Input
[2025-11-18T07:17:12.547Z] [DEBUG] Sent text '1000 Miglia SRL' to global Search Input
[2025-11-18T07:17:13.530Z] [INFO] Clicking on element global Search Result
[2025-11-18T07:17:13.963Z] [DEBUG] Clicked on element global Search Result
[2025-11-18T07:17:13.969Z] [INFO] AccountPage: Validating account record type: Client
[2025-11-18T07:17:17.671Z] [INFO] AccountPage: Account record type 'Client' is visible.
[2025-11-18T07:17:17.677Z] [INFO] Clicking on element new Opportunity Button
[2025-11-18T07:17:20.160Z] [DEBUG] Clicked on element new Opportunity Button
[2025-11-18T07:17:20.166Z] [INFO] Clicking on element intial Intake Button
[2025-11-18T07:17:21.433Z] [DEBUG] Clicked on element intial Intake Button
[2025-11-18T07:17:21.446Z] [INFO] Clicking on element opportunity Next Button
[2025-11-18T07:17:21.961Z] [DEBUG] Clicked on element opportunity Next Button
[2025-11-18T07:17:23.687Z] [INFO] Sending text 'auto bbfuk' to opportunity Name
[2025-11-18T07:17:24.072Z] [DEBUG] Sent text 'auto bbfuk' to opportunity Name
[2025-11-18T07:17:24.141Z] [INFO] Clicking on element stage DropDown
[2025-11-18T07:17:24.558Z] [DEBUG] Clicked on element stage DropDown
[2025-11-18T07:17:24.616Z] [INFO] Clicking on element stage Value
[2025-11-18T07:17:25.047Z] [DEBUG] Clicked on element stage Value
[2025-11-18T07:17:25.360Z] [INFO] Clicking on element insurance Sub Type Drop Down
[2025-11-18T07:17:25.791Z] [DEBUG] Clicked on element insurance Sub Type Drop Down
[2025-11-18T07:17:25.797Z] [INFO] Clicking on element insurance Type field
[2025-11-18T07:17:26.517Z] [DEBUG] Clicked on element insurance Type field
[2025-11-18T07:17:28.635Z] [INFO] Clicking on element save Button
[2025-11-18T07:17:29.224Z] [DEBUG] Clicked on element save Button
[2025-11-18T07:17:32.532Z] [INFO] Clicking on element show More Actions DropDown
[2025-11-18T07:17:33.455Z] [DEBUG] Clicked on element show More Actions DropDown
[2025-11-18T07:17:33.465Z] [INFO] Clicking on element manage Opportunity Assignment Option
[2025-11-18T07:17:34.180Z] [DEBUG] Clicked on element manage Opportunity Assignment Option
[2025-11-18T07:23:00.345Z] [INFO] Sending text 'nuguri.charitha@us.lockton.com.uat' to username Input Value
[2025-11-18T07:23:00.799Z] [DEBUG] Sent text 'nuguri.charitha@us.lockton.com.uat' to username Input Value
[2025-11-18T07:23:00.804Z] [INFO] Sending text 'Charitha@48' to password Input Value
[2025-11-18T07:23:00.983Z] [DEBUG] Sent text 'Charitha@48' to password Input Value
[2025-11-18T07:23:00.993Z] [INFO] Clicking on element login Button
[2025-11-18T07:23:03.498Z] [DEBUG] Clicked on element login Button
[2025-11-18T07:23:09.948Z] [INFO] Clicking on element setUp Icon
[2025-11-18T07:23:10.278Z] [DEBUG] Clicked on element setUp Icon
[2025-11-18T07:23:17.077Z] [INFO] Clicking on element user Search Result
[2025-11-18T07:23:17.467Z] [DEBUG] Clicked on element user Search Result
[2025-11-18T07:23:50.595Z] [INFO] Sending text 'nuguri.charitha@us.lockton.com.uat' to username Input Value
[2025-11-18T07:23:51.605Z] [DEBUG] Sent text 'nuguri.charitha@us.lockton.com.uat' to username Input Value
[2025-11-18T07:23:51.609Z] [INFO] Sending text 'Charitha@48' to password Input Value
[2025-11-18T07:23:51.745Z] [DEBUG] Sent text 'Charitha@48' to password Input Value
[2025-11-18T07:23:51.750Z] [INFO] Clicking on element login Button
[2025-11-18T07:23:54.397Z] [DEBUG] Clicked on element login Button
[2025-11-18T07:24:00.387Z] [INFO] Clicking on element setUp Icon
[2025-11-18T07:24:00.690Z] [DEBUG] Clicked on element setUp Icon
[2025-11-18T07:24:09.001Z] [INFO] Clicking on element user Search Result
[2025-11-18T07:24:09.632Z] [DEBUG] Clicked on element user Search Result
[2025-11-18T07:24:50.349Z] [INFO] Sending text 'nuguri.charitha@us.lockton.com.uat' to username Input Value
[2025-11-18T07:24:51.812Z] [DEBUG] Sent text 'nuguri.charitha@us.lockton.com.uat' to username Input Value
[2025-11-18T07:24:51.814Z] [INFO] Sending text 'Charitha@48' to password Input Value
[2025-11-18T07:24:51.918Z] [DEBUG] Sent text 'Charitha@48' to password Input Value
[2025-11-18T07:24:51.920Z] [INFO] Clicking on element login Button
[2025-11-18T07:24:56.170Z] [DEBUG] Clicked on element login Button
[2025-11-18T07:25:03.839Z] [INFO] Clicking on element setUp Icon
[2025-11-18T07:25:04.380Z] [DEBUG] Clicked on element setUp Icon
[2025-11-18T07:25:14.076Z] [INFO] Clicking on element user Search Result
[2025-11-18T07:25:14.512Z] [DEBUG] Clicked on element user Search Result
[2025-11-18T07:25:31.964Z] [INFO] Clicking on element show Navigation Menu
[2025-11-18T07:25:32.784Z] [DEBUG] Clicked on element show Navigation Menu
[2025-11-18T07:25:32.967Z] [INFO] Clicking on element accounts Menu Item
[2025-11-18T07:25:33.457Z] [DEBUG] Clicked on element accounts Menu Item
[2025-11-18T07:25:35.248Z] [INFO] Clicking on element list View Element
[2025-11-18T07:25:35.745Z] [DEBUG] Clicked on element list View Element
[2025-11-18T07:25:35.891Z] [INFO] Sending text 'All Clients' to searchBox ListViewInput
[2025-11-18T07:25:36.136Z] [DEBUG] Sent text 'All Clients' to searchBox ListViewInput
[2025-11-18T07:25:36.272Z] [INFO] Clicking on element all Clients In List View
[2025-11-18T07:25:36.883Z] [DEBUG] Clicked on element all Clients In List View
[2025-11-18T07:25:36.925Z] [INFO] Clicking on element global Search Button
[2025-11-18T07:25:37.357Z] [DEBUG] Clicked on element global Search Button
[2025-11-18T07:25:37.465Z] [INFO] Sending text '1031 Exchange Corporation' to global Search Input
[2025-11-18T07:25:38.583Z] [DEBUG] Sent text '1031 Exchange Corporation' to global Search Input
[2025-11-18T07:25:39.550Z] [INFO] Clicking on element global Search Result
[2025-11-18T07:25:39.854Z] [DEBUG] Clicked on element global Search Result
[2025-11-18T07:25:39.857Z] [INFO] AccountPage: Validating account record type: Client
[2025-11-18T07:25:44.214Z] [INFO] AccountPage: Account record type 'Client' is visible.
[2025-11-18T07:25:44.223Z] [INFO] Clicking on element new Opportunity Button
[2025-11-18T07:25:47.000Z] [DEBUG] Clicked on element new Opportunity Button
[2025-11-18T07:25:47.005Z] [INFO] Clicking on element intial Intake Button
[2025-11-18T07:25:48.784Z] [DEBUG] Clicked on element intial Intake Button
[2025-11-18T07:25:48.788Z] [INFO] Clicking on element opportunity Next Button
[2025-11-18T07:25:49.395Z] [DEBUG] Clicked on element opportunity Next Button
[2025-11-18T07:25:51.727Z] [INFO] Sending text 'auto ejzxe' to opportunity Name
[2025-11-18T07:25:52.093Z] [DEBUG] Sent text 'auto ejzxe' to opportunity Name
[2025-11-18T07:25:52.222Z] [INFO] Clicking on element stage DropDown
[2025-11-18T07:25:52.981Z] [DEBUG] Clicked on element stage DropDown
[2025-11-18T07:25:53.100Z] [INFO] Clicking on element stage Value
[2025-11-18T07:25:53.631Z] [DEBUG] Clicked on element stage Value
[2025-11-18T07:25:54.268Z] [INFO] Clicking on element insurance Sub Type Drop Down
[2025-11-18T07:25:54.608Z] [DEBUG] Clicked on element insurance Sub Type Drop Down
[2025-11-18T07:25:54.612Z] [INFO] Clicking on element insurance Type field
[2025-11-18T07:25:54.960Z] [DEBUG] Clicked on element insurance Type field
[2025-11-18T07:25:57.042Z] [INFO] Clicking on element save Button
[2025-11-18T07:25:57.763Z] [DEBUG] Clicked on element save Button
[2025-11-18T07:26:01.752Z] [INFO] Clicking on element show More Actions DropDown
[2025-11-18T07:26:03.045Z] [DEBUG] Clicked on element show More Actions DropDown
[2025-11-18T07:26:03.050Z] [INFO] Clicking on element manage Opportunity Assignment Option
[2025-11-18T07:26:03.476Z] [DEBUG] Clicked on element manage Opportunity Assignment Option
[2025-11-18T07:26:27.579Z] [INFO] Sending text 'nuguri.charitha@us.lockton.com.uat' to username Input Value
[2025-11-18T07:26:28.069Z] [DEBUG] Sent text 'nuguri.charitha@us.lockton.com.uat' to username Input Value
[2025-11-18T07:26:28.074Z] [INFO] Sending text 'Charitha@48' to password Input Value
[2025-11-18T07:26:28.170Z] [DEBUG] Sent text 'Charitha@48' to password Input Value
[2025-11-18T07:26:28.177Z] [INFO] Clicking on element login Button
[2025-11-18T07:26:30.438Z] [DEBUG] Clicked on element login Button
[2025-11-18T07:26:37.000Z] [INFO] Clicking on element setUp Icon
[2025-11-18T07:26:37.159Z] [DEBUG] Clicked on element setUp Icon
[2025-11-18T07:26:44.020Z] [INFO] Clicking on element user Search Result
[2025-11-18T07:26:47.725Z] [DEBUG] Clicked on element user Search Result
[2025-11-18T07:27:04.829Z] [INFO] Clicking on element show Navigation Menu
[2025-11-18T07:27:06.392Z] [DEBUG] Clicked on element show Navigation Menu
[2025-11-18T07:27:06.466Z] [INFO] Clicking on element accounts Menu Item
[2025-11-18T07:27:06.840Z] [DEBUG] Clicked on element accounts Menu Item
[2025-11-18T07:27:08.783Z] [INFO] Clicking on element list View Element
[2025-11-18T07:27:09.146Z] [DEBUG] Clicked on element list View Element
[2025-11-18T07:27:09.197Z] [INFO] Sending text 'All Clients' to searchBox ListViewInput
[2025-11-18T07:27:09.379Z] [DEBUG] Sent text 'All Clients' to searchBox ListViewInput
[2025-11-18T07:27:09.457Z] [INFO] Clicking on element all Clients In List View
[2025-11-18T07:27:09.905Z] [DEBUG] Clicked on element all Clients In List View
[2025-11-18T07:27:09.953Z] [INFO] Clicking on element global Search Button
[2025-11-18T07:27:11.076Z] [DEBUG] Clicked on element global Search Button
[2025-11-18T07:27:11.208Z] [INFO] Sending text '1031 Exchange Corporation' to global Search Input
[2025-11-18T07:27:11.455Z] [DEBUG] Sent text '1031 Exchange Corporation' to global Search Input
[2025-11-18T07:27:12.456Z] [INFO] Clicking on element global Search Result
[2025-11-18T07:27:12.831Z] [DEBUG] Clicked on element global Search Result
[2025-11-18T07:27:12.837Z] [INFO] AccountPage: Validating account record type: Client
[2025-11-18T07:27:18.170Z] [INFO] AccountPage: Account record type 'Client' is visible.
[2025-11-18T07:27:18.177Z] [INFO] Clicking on element new Opportunity Button
[2025-11-18T07:27:21.498Z] [DEBUG] Clicked on element new Opportunity Button
[2025-11-18T07:27:21.501Z] [INFO] Clicking on element intial Intake Button
[2025-11-18T07:27:23.040Z] [DEBUG] Clicked on element intial Intake Button
[2025-11-18T07:27:23.043Z] [INFO] Clicking on element opportunity Next Button
[2025-11-18T07:27:23.545Z] [DEBUG] Clicked on element opportunity Next Button
[2025-11-18T07:27:25.797Z] [INFO] Sending text 'auto afcpk' to opportunity Name
[2025-11-18T07:27:26.200Z] [DEBUG] Sent text 'auto afcpk' to opportunity Name
[2025-11-18T07:27:26.258Z] [INFO] Clicking on element stage DropDown
[2025-11-18T07:27:26.861Z] [DEBUG] Clicked on element stage DropDown
[2025-11-18T07:27:26.969Z] [INFO] Clicking on element stage Value
[2025-11-18T07:27:27.539Z] [DEBUG] Clicked on element stage Value
[2025-11-18T07:27:28.178Z] [INFO] Clicking on element insurance DropDown
[2025-11-18T07:27:28.532Z] [DEBUG] Clicked on element insurance DropDown
[2025-11-18T07:27:28.695Z] [INFO] Clicking on element Insurance Type Option
[2025-11-18T07:27:28.972Z] [DEBUG] Clicked on element Insurance Type Option
[2025-11-18T07:27:28.977Z] [INFO] Clicking on element insurance Sub Type Drop Down
[2025-11-18T07:27:29.378Z] [DEBUG] Clicked on element insurance Sub Type Drop Down
[2025-11-18T07:27:29.383Z] [INFO] Clicking on element insurance Type field
[2025-11-18T07:27:29.824Z] [DEBUG] Clicked on element insurance Type field
[2025-11-18T07:27:31.994Z] [INFO] Clicking on element save Button
[2025-11-18T07:27:32.419Z] [DEBUG] Clicked on element save Button
[2025-11-18T07:27:36.261Z] [INFO] Clicking on element show More Actions DropDown
[2025-11-18T07:27:37.367Z] [DEBUG] Clicked on element show More Actions DropDown
[2025-11-18T07:27:37.377Z] [INFO] Clicking on element manage Opportunity Assignment Option
[2025-11-18T07:27:37.954Z] [DEBUG] Clicked on element manage Opportunity Assignment Option
[2025-11-18T07:27:57.476Z] [INFO] Sending text 'nuguri.charitha@us.lockton.com.uat' to username Input Value
[2025-11-18T07:27:57.967Z] [DEBUG] Sent text 'nuguri.charitha@us.lockton.com.uat' to username Input Value
[2025-11-18T07:27:57.971Z] [INFO] Sending text 'Charitha@48' to password Input Value
[2025-11-18T07:27:58.141Z] [DEBUG] Sent text 'Charitha@48' to password Input Value
[2025-11-18T07:27:58.144Z] [INFO] Clicking on element login Button
[2025-11-18T07:28:00.401Z] [DEBUG] Clicked on element login Button
[2025-11-18T07:28:06.586Z] [INFO] Clicking on element setUp Icon
[2025-11-18T07:28:06.977Z] [DEBUG] Clicked on element setUp Icon
[2025-11-18T07:28:14.312Z] [INFO] Clicking on element user Search Result
[2025-11-18T07:28:17.606Z] [DEBUG] Clicked on element user Search Result
[2025-11-18T07:28:37.312Z] [INFO] Clicking on element show Navigation Menu
[2025-11-18T07:28:38.253Z] [DEBUG] Clicked on element show Navigation Menu
[2025-11-18T07:28:38.302Z] [INFO] Clicking on element accounts Menu Item
[2025-11-18T07:28:38.700Z] [DEBUG] Clicked on element accounts Menu Item
[2025-11-18T07:28:40.191Z] [INFO] Clicking on element list View Element
[2025-11-18T07:28:40.611Z] [DEBUG] Clicked on element list View Element
[2025-11-18T07:28:40.659Z] [INFO] Sending text 'All Clients' to searchBox ListViewInput
[2025-11-18T07:28:40.875Z] [DEBUG] Sent text 'All Clients' to searchBox ListViewInput
[2025-11-18T07:28:40.927Z] [INFO] Clicking on element all Clients In List View
[2025-11-18T07:28:41.243Z] [DEBUG] Clicked on element all Clients In List View
[2025-11-18T07:28:41.351Z] [INFO] Clicking on element global Search Button
[2025-11-18T07:28:42.562Z] [DEBUG] Clicked on element global Search Button
[2025-11-18T07:28:42.727Z] [INFO] Sending text '1031 Exchange Corporation' to global Search Input
[2025-11-18T07:28:43.195Z] [DEBUG] Sent text '1031 Exchange Corporation' to global Search Input
[2025-11-18T07:28:44.135Z] [INFO] Clicking on element global Search Result
[2025-11-18T07:28:44.569Z] [DEBUG] Clicked on element global Search Result
[2025-11-18T07:28:44.572Z] [INFO] AccountPage: Validating account record type: Client
[2025-11-18T07:28:48.597Z] [INFO] AccountPage: Account record type 'Client' is visible.
[2025-11-18T07:28:48.603Z] [INFO] Clicking on element new Opportunity Button
[2025-11-18T07:28:52.238Z] [DEBUG] Clicked on element new Opportunity Button
[2025-11-18T07:28:52.243Z] [INFO] Clicking on element intial Intake Button
[2025-11-18T07:28:53.568Z] [DEBUG] Clicked on element intial Intake Button
[2025-11-18T07:28:53.572Z] [INFO] Clicking on element opportunity Next Button
[2025-11-18T07:28:54.193Z] [DEBUG] Clicked on element opportunity Next Button
[2025-11-18T07:28:55.977Z] [INFO] Sending text 'auto usvhw' to opportunity Name
[2025-11-18T07:28:56.385Z] [DEBUG] Sent text 'auto usvhw' to opportunity Name
[2025-11-18T07:28:56.504Z] [INFO] Clicking on element stage DropDown
[2025-11-18T07:28:56.992Z] [DEBUG] Clicked on element stage DropDown
[2025-11-18T07:28:57.106Z] [INFO] Clicking on element stage Value
[2025-11-18T07:28:57.591Z] [DEBUG] Clicked on element stage Value
[2025-11-18T07:28:58.630Z] [INFO] Clicking on element insurance DropDown
[2025-11-18T07:28:59.216Z] [DEBUG] Clicked on element insurance DropDown
[2025-11-18T07:28:59.458Z] [INFO] Clicking on element Insurance Type Option
[2025-11-18T07:28:59.952Z] [DEBUG] Clicked on element Insurance Type Option
[2025-11-18T07:28:59.957Z] [INFO] Clicking on element insurance Sub Type Drop Down
[2025-11-18T07:29:00.621Z] [DEBUG] Clicked on element insurance Sub Type Drop Down
[2025-11-18T07:29:00.627Z] [INFO] Clicking on element insurance Type field
[2025-11-18T07:29:01.028Z] [DEBUG] Clicked on element insurance Type field
[2025-11-18T07:29:03.103Z] [INFO] Clicking on element save Button
[2025-11-18T07:29:03.522Z] [DEBUG] Clicked on element save Button
[2025-11-18T07:29:08.156Z] [INFO] Clicking on element show More Actions DropDown
[2025-11-18T07:29:09.231Z] [DEBUG] Clicked on element show More Actions DropDown
[2025-11-18T07:29:09.236Z] [INFO] Clicking on element manage Opportunity Assignment Option
[2025-11-18T07:29:09.769Z] [DEBUG] Clicked on element manage Opportunity Assignment Option
[2025-11-18T07:29:33.780Z] [INFO] Sending text 'nuguri.charitha@us.lockton.com.uat' to username Input Value
[2025-11-18T07:29:34.774Z] [DEBUG] Sent text 'nuguri.charitha@us.lockton.com.uat' to username Input Value
[2025-11-18T07:29:34.778Z] [INFO] Sending text 'Charitha@48' to password Input Value
[2025-11-18T07:29:34.938Z] [DEBUG] Sent text 'Charitha@48' to password Input Value
[2025-11-18T07:29:34.947Z] [INFO] Clicking on element login Button
[2025-11-18T07:29:38.638Z] [DEBUG] Clicked on element login Button
[2025-11-18T07:29:45.467Z] [INFO] Clicking on element setUp Icon
[2025-11-18T07:29:45.938Z] [DEBUG] Clicked on element setUp Icon
[2025-11-18T07:29:54.114Z] [INFO] Clicking on element user Search Result
[2025-11-18T07:29:57.021Z] [DEBUG] Clicked on element user Search Result
[2025-11-18T07:30:15.692Z] [INFO] Clicking on element show Navigation Menu
[2025-11-18T07:30:16.388Z] [DEBUG] Clicked on element show Navigation Menu
[2025-11-18T07:30:16.439Z] [INFO] Clicking on element accounts Menu Item
[2025-11-18T07:30:16.767Z] [DEBUG] Clicked on element accounts Menu Item
[2025-11-18T07:30:18.852Z] [INFO] Clicking on element list View Element
[2025-11-18T07:30:19.338Z] [DEBUG] Clicked on element list View Element
[2025-11-18T07:30:19.382Z] [INFO] Sending text 'All Clients' to searchBox ListViewInput
[2025-11-18T07:30:19.561Z] [DEBUG] Sent text 'All Clients' to searchBox ListViewInput
[2025-11-18T07:30:19.602Z] [INFO] Clicking on element all Clients In List View
[2025-11-18T07:30:19.926Z] [DEBUG] Clicked on element all Clients In List View
[2025-11-18T07:30:19.981Z] [INFO] Clicking on element global Search Button
[2025-11-18T07:30:20.354Z] [DEBUG] Clicked on element global Search Button
[2025-11-18T07:30:21.011Z] [INFO] Sending text '1031 Exchange Corporation' to global Search Input
[2025-11-18T07:30:21.500Z] [DEBUG] Sent text '1031 Exchange Corporation' to global Search Input
[2025-11-18T07:30:22.605Z] [INFO] Clicking on element global Search Result
[2025-11-18T07:30:22.975Z] [DEBUG] Clicked on element global Search Result
[2025-11-18T07:30:22.980Z] [INFO] AccountPage: Validating account record type: Client
[2025-11-18T07:30:27.357Z] [INFO] AccountPage: Account record type 'Client' is visible.
[2025-11-18T07:30:27.361Z] [INFO] Clicking on element new Opportunity Button
[2025-11-18T07:30:29.734Z] [DEBUG] Clicked on element new Opportunity Button
[2025-11-18T07:30:29.737Z] [INFO] Clicking on element intial Intake Button
[2025-11-18T07:30:31.498Z] [DEBUG] Clicked on element intial Intake Button
[2025-11-18T07:30:31.500Z] [INFO] Clicking on element opportunity Next Button
[2025-11-18T07:30:32.300Z] [DEBUG] Clicked on element opportunity Next Button
[2025-11-18T07:30:34.666Z] [INFO] Sending text 'auto weays' to opportunity Name
[2025-11-18T07:30:35.357Z] [DEBUG] Sent text 'auto weays' to opportunity Name
[2025-11-18T07:30:35.465Z] [INFO] Clicking on element stage DropDown
[2025-11-18T07:30:36.167Z] [DEBUG] Clicked on element stage DropDown
[2025-11-18T07:30:36.270Z] [INFO] Clicking on element stage Value
[2025-11-18T07:30:36.611Z] [DEBUG] Clicked on element stage Value
[2025-11-18T07:30:37.316Z] [INFO] Clicking on element insurance DropDown
[2025-11-18T07:30:37.660Z] [DEBUG] Clicked on element insurance DropDown
[2025-11-18T07:30:37.840Z] [INFO] Clicking on element Insurance Type Option
[2025-11-18T07:30:38.201Z] [DEBUG] Clicked on element Insurance Type Option
[2025-11-18T07:30:38.204Z] [INFO] Clicking on element insurance Sub Type Drop Down
[2025-11-18T07:30:38.596Z] [DEBUG] Clicked on element insurance Sub Type Drop Down
[2025-11-18T07:30:38.599Z] [INFO] Clicking on element insurance Type field
[2025-11-18T07:30:39.037Z] [DEBUG] Clicked on element insurance Type field
[2025-11-18T07:30:41.121Z] [INFO] Clicking on element save Button
[2025-11-18T07:30:41.810Z] [DEBUG] Clicked on element save Button
[2025-11-18T07:30:46.202Z] [INFO] Clicking on element show More Actions DropDown
[2025-11-18T07:30:46.960Z] [DEBUG] Clicked on element show More Actions DropDown
[2025-11-18T07:30:46.961Z] [INFO] Clicking on element manage Opportunity Assignment Option
[2025-11-18T07:30:47.702Z] [DEBUG] Clicked on element manage Opportunity Assignment Option
[2025-11-18T08:54:12.098Z] [INFO] Sending text 'nuguri.charitha@us.lockton.com.uat' to username Input Value
[2025-11-18T08:54:12.416Z] [DEBUG] Sent text 'nuguri.charitha@us.lockton.com.uat' to username Input Value
[2025-11-18T08:54:12.419Z] [INFO] Sending text 'Charitha@48' to password Input Value
[2025-11-18T08:54:12.550Z] [DEBUG] Sent text 'Charitha@48' to password Input Value
[2025-11-18T08:54:12.557Z] [INFO] Clicking on element login Button
[2025-11-18T08:54:14.833Z] [DEBUG] Clicked on element login Button
[2025-11-18T08:54:20.760Z] [INFO] Clicking on element setUp Icon
[2025-11-18T08:54:21.284Z] [DEBUG] Clicked on element setUp Icon
[2025-11-18T08:54:28.913Z] [INFO] Clicking on element user Search Result
[2025-11-18T08:54:33.438Z] [DEBUG] Clicked on element user Search Result
[2025-11-18T08:54:49.688Z] [INFO] Clicking on element show Navigation Menu
[2025-11-18T08:54:49.957Z] [DEBUG] Clicked on element show Navigation Menu
[2025-11-18T08:54:50.050Z] [INFO] Clicking on element accounts Menu Item
[2025-11-18T08:54:50.347Z] [DEBUG] Clicked on element accounts Menu Item
[2025-11-18T08:54:53.491Z] [INFO] Clicking on element list View Element
[2025-11-18T08:54:55.338Z] [DEBUG] Clicked on element list View Element
[2025-11-18T08:54:55.464Z] [INFO] Sending text 'All Clients' to searchBox ListViewInput
[2025-11-18T08:54:55.951Z] [DEBUG] Sent text 'All Clients' to searchBox ListViewInput
[2025-11-18T08:54:56.096Z] [INFO] Clicking on element all Clients In List View
[2025-11-18T08:54:56.935Z] [DEBUG] Clicked on element all Clients In List View
[2025-11-18T08:54:57.006Z] [INFO] Clicking on element global Search Button
[2025-11-18T08:54:58.177Z] [DEBUG] Clicked on element global Search Button
[2025-11-18T08:54:58.396Z] [INFO] Sending text '1031 Exchange Corporation' to global Search Input
[2025-11-18T08:54:59.453Z] [DEBUG] Sent text '1031 Exchange Corporation' to global Search Input
[2025-11-18T08:55:00.467Z] [INFO] Clicking on element global Search Result
[2025-11-18T08:55:01.453Z] [DEBUG] Clicked on element global Search Result
[2025-11-18T08:55:01.462Z] [INFO] AccountPage: Validating account record type: Client
[2025-11-18T08:55:05.470Z] [INFO] AccountPage: Account record type 'Client' is visible.
[2025-11-18T08:55:05.481Z] [INFO] Clicking on element new Opportunity Button
[2025-11-18T08:55:07.983Z] [DEBUG] Clicked on element new Opportunity Button
[2025-11-18T08:55:07.989Z] [INFO] Clicking on element intial Intake Button
[2025-11-18T08:55:09.775Z] [DEBUG] Clicked on element intial Intake Button
[2025-11-18T08:55:09.779Z] [INFO] Clicking on element opportunity Next Button
[2025-11-18T08:55:10.322Z] [DEBUG] Clicked on element opportunity Next Button
[2025-11-18T08:55:12.379Z] [INFO] Sending text 'auto tywmy' to opportunity Name
[2025-11-18T08:55:12.666Z] [DEBUG] Sent text 'auto tywmy' to opportunity Name
[2025-11-18T08:55:12.732Z] [INFO] Clicking on element stage DropDown
[2025-11-18T08:55:13.158Z] [DEBUG] Clicked on element stage DropDown
[2025-11-18T09:08:17.377Z] [INFO] Sending text 'nuguri.charitha@us.lockton.com.uat' to username Input Value
[2025-11-18T09:08:17.794Z] [DEBUG] Sent text 'nuguri.charitha@us.lockton.com.uat' to username Input Value
[2025-11-18T09:08:17.797Z] [INFO] Sending text 'Charitha@48' to password Input Value
[2025-11-18T09:08:17.965Z] [DEBUG] Sent text 'Charitha@48' to password Input Value
[2025-11-18T09:08:17.976Z] [INFO] Clicking on element login Button
[2025-11-18T09:08:20.514Z] [DEBUG] Clicked on element login Button
[2025-11-18T09:08:26.838Z] [INFO] Clicking on element setUp Icon
[2025-11-18T09:08:27.204Z] [DEBUG] Clicked on element setUp Icon
[2025-11-18T09:08:35.496Z] [INFO] Clicking on element user Search Result
[2025-11-18T09:08:35.974Z] [DEBUG] Clicked on element user Search Result
[2025-11-18T09:08:57.170Z] [INFO] Clicking on element show Navigation Menu
[2025-11-18T09:08:58.418Z] [DEBUG] Clicked on element show Navigation Menu
[2025-11-18T09:08:58.628Z] [INFO] Clicking on element accounts Menu Item
[2025-11-18T09:08:59.371Z] [DEBUG] Clicked on element accounts Menu Item
[2025-11-18T09:09:01.254Z] [INFO] Clicking on element list View Element
[2025-11-18T09:09:01.778Z] [DEBUG] Clicked on element list View Element
[2025-11-18T09:09:01.850Z] [INFO] Sending text 'All Clients' to searchBox ListViewInput
[2025-11-18T09:09:02.162Z] [DEBUG] Sent text 'All Clients' to searchBox ListViewInput
[2025-11-18T09:09:02.255Z] [INFO] Clicking on element all Clients In List View
[2025-11-18T09:09:02.983Z] [DEBUG] Clicked on element all Clients In List View
[2025-11-18T09:09:03.118Z] [INFO] Clicking on element global Search Button
[2025-11-18T09:09:05.595Z] [DEBUG] Clicked on element global Search Button
[2025-11-18T09:09:06.033Z] [INFO] Sending text '1031 Exchange Corporation' to global Search Input
[2025-11-18T09:09:06.710Z] [DEBUG] Sent text '1031 Exchange Corporation' to global Search Input
[2025-11-18T09:09:07.781Z] [INFO] Clicking on element global Search Result
[2025-11-18T09:09:08.324Z] [DEBUG] Clicked on element global Search Result
[2025-11-18T09:09:08.330Z] [INFO] AccountPage: Validating account record type: Client
[2025-11-18T09:09:13.742Z] [INFO] AccountPage: Account record type 'Client' is visible.
[2025-11-18T09:09:13.747Z] [INFO] Clicking on element new Opportunity Button
[2025-11-18T09:09:16.504Z] [DEBUG] Clicked on element new Opportunity Button
[2025-11-18T09:09:16.506Z] [INFO] Clicking on element intial Intake Button
[2025-11-18T09:09:18.807Z] [DEBUG] Clicked on element intial Intake Button
[2025-11-18T09:09:18.814Z] [INFO] Clicking on element opportunity Next Button
[2025-11-18T09:09:19.831Z] [DEBUG] Clicked on element opportunity Next Button
[2025-11-18T09:09:22.023Z] [INFO] Sending text 'auto poabp' to opportunity Name
[2025-11-18T09:09:22.983Z] [DEBUG] Sent text 'auto poabp' to opportunity Name
[2025-11-18T09:09:23.160Z] [INFO] Clicking on element stage DropDown
[2025-11-18T09:09:24.225Z] [DEBUG] Clicked on element stage DropDown
[2025-11-18T09:09:24.455Z] [INFO] Clicking on element stage Value
[2025-11-18T09:09:25.503Z] [DEBUG] Clicked on element stage Value
[2025-11-18T09:09:26.380Z] [INFO] Clicking on element insurance Sub Type Drop Down
[2025-11-18T09:09:27.634Z] [DEBUG] Clicked on element insurance Sub Type Drop Down
[2025-11-18T09:09:27.639Z] [INFO] Clicking on element insurance Type field
[2025-11-18T09:09:28.744Z] [DEBUG] Clicked on element insurance Type field
[2025-11-18T09:09:30.905Z] [INFO] Clicking on element save Button
[2025-11-18T09:09:31.907Z] [DEBUG] Clicked on element save Button
[2025-11-18T09:09:36.917Z] [INFO] Clicking on element show More Actions DropDown
[2025-11-18T09:09:38.039Z] [DEBUG] Clicked on element show More Actions DropDown
[2025-11-18T09:09:38.046Z] [INFO] Clicking on element manage Opportunity Assignment Option
[2025-11-18T09:09:39.514Z] [DEBUG] Clicked on element manage Opportunity Assignment Option
[2025-11-18T09:09:40.523Z] [INFO] Clicking on element Add Assignment Button
[2025-11-18T09:09:43.104Z] [DEBUG] Clicked on element Add Assignment Button
[2025-11-18T09:09:46.355Z] [INFO] Clicking on element Add Assignment Button
[2025-11-18T09:09:47.694Z] [DEBUG] Clicked on element Add Assignment Button
[2025-11-18T09:09:47.696Z] [INFO] Sending text 'Patricia Urraca' to Add Assignment Button
[2025-11-18T09:09:49.179Z] [DEBUG] Sent text 'Patricia Urraca' to Add Assignment Button
[2025-11-18T09:09:49.181Z] [INFO] Clicking on element personNameInList
[2025-11-18T09:09:51.585Z] [DEBUG] Clicked on element personNameInList
[2025-11-18T09:09:51.587Z] [INFO] Clicking on element Service LeadCheckBox
[2025-11-18T09:09:52.771Z] [DEBUG] Clicked on element Service LeadCheckBox
[2025-11-18T09:09:53.048Z] [INFO] Sending text '100' to Primary Producer Allocation TextBox
[2025-11-18T09:09:54.116Z] [DEBUG] Sent text '100' to Primary Producer Allocation TextBox
[2025-11-18T09:09:54.119Z] [INFO] Clicking on element SaveAndClose Button
[2025-11-18T09:09:55.243Z] [DEBUG] Clicked on element SaveAndClose Button
[2025-11-18T09:09:55.248Z] [INFO] Clicking on element edit Button
[2025-11-18T09:09:57.699Z] [DEBUG] Clicked on element edit Button
[2025-11-18T09:10:01.662Z] [INFO] Sending text '11/18/2026' to quote DueDate Field
[2025-11-18T09:10:03.322Z] [DEBUG] Sent text '11/18/2026' to quote DueDate Field
[2025-11-18T09:10:03.323Z] [INFO] Sending text '100000' to enterpriseValueField
[2025-11-18T09:10:04.327Z] [DEBUG] Sent text '100000' to enterpriseValueField
[2025-11-18T09:10:04.328Z] [INFO] Sending text 'ImageFIRST Healthcare Laundry Specialists, LLC' to target Field
[2025-11-18T09:10:05.370Z] [DEBUG] Sent text 'ImageFIRST Healthcare Laundry Specialists, LLC' to target Field
[2025-11-18T09:10:05.373Z] [INFO] Sending text 'The traget provides outpatient and specialty healthcare laundry services in the U.S.' to target Description Field
[2025-11-18T09:10:06.971Z] [DEBUG] Sent text 'The traget provides outpatient and specialty healthcare laundry services in the U.S.' to target Description Field
[2025-11-18T09:10:06.973Z] [INFO] Clicking on element quote DueTime DropDown
[2025-11-18T09:10:08.657Z] [DEBUG] Clicked on element quote DueTime DropDown
[2025-11-18T09:10:08.975Z] [INFO] Clicking on element quote DueTime Value
[2025-11-18T09:10:10.237Z] [DEBUG] Clicked on element quote DueTime Value
[2025-11-18T09:10:10.239Z] [INFO] Clicking on element sellers Idemnity
[2025-11-18T09:10:11.824Z] [DEBUG] Clicked on element sellers Idemnity
[2025-11-18T09:10:11.827Z] [INFO] Clicking on element sellers Idemnity Value
[2025-11-18T09:10:13.678Z] [DEBUG] Clicked on element sellers Idemnity Value
[2025-11-18T09:10:13.680Z] [INFO] Clicking on element buyers Council DropDown
[2025-11-18T09:10:15.849Z] [DEBUG] Clicked on element buyers Council DropDown
[2025-11-18T09:10:15.851Z] [INFO] Clicking on element buyers Council DropDown Value
[2025-11-18T09:10:18.062Z] [DEBUG] Clicked on element buyers Council DropDown Value
[2025-11-18T09:10:18.068Z] [INFO] Sending text '102' to limit Requested
[2025-11-18T09:10:20.001Z] [DEBUG] Sent text '102' to limit Requested
[2025-11-18T09:10:20.006Z] [INFO] Clicking on element save Button
[2025-11-18T09:10:22.603Z] [DEBUG] Clicked on element save Button
[2025-11-18T09:10:22.621Z] [INFO] Clicking on element edit Button
[2025-11-18T09:10:26.501Z] [DEBUG] Clicked on element edit Button
[2025-11-18T09:10:28.653Z] [INFO] Sending text '50' to rollover Percentage
[2025-11-18T09:10:30.917Z] [DEBUG] Sent text '50' to rollover Percentage
[2025-11-18T09:10:30.923Z] [INFO] Sending text 'Test Purchase Agreement' to purchase Agreement
[2025-11-18T09:10:32.173Z] [DEBUG] Sent text 'Test Purchase Agreement' to purchase Agreement
[2025-11-18T09:10:32.179Z] [INFO] Clicking on element sellers Council DropDown
[2025-11-18T09:10:34.332Z] [DEBUG] Clicked on element sellers Council DropDown
[2025-11-18T09:10:34.334Z] [INFO] Clicking on element sellers Council Value
[2025-11-18T09:10:36.544Z] [DEBUG] Clicked on element sellers Council Value
[2025-11-18T09:10:36.545Z] [INFO] Sending text '1000' to limit Requested2
[2025-11-18T09:10:38.441Z] [DEBUG] Sent text '1000' to limit Requested2
[2025-11-18T09:10:38.442Z] [INFO] Clicking on element limit Comments
[2025-11-18T09:10:40.496Z] [DEBUG] Clicked on element limit Comments
[2025-11-18T09:10:40.500Z] [INFO] Sending text 'Test limit Comments' to limit Comments
[2025-11-18T09:10:42.288Z] [DEBUG] Sent text 'Test limit Comments' to limit Comments
[2025-11-18T09:10:42.291Z] [INFO] Clicking on element other Requested Terms
[2025-11-18T09:10:44.345Z] [DEBUG] Clicked on element other Requested Terms
[2025-11-18T09:10:44.348Z] [INFO] Sending text 'Test other requested terms' to other Requested Terms
[2025-11-18T09:10:46.378Z] [DEBUG] Sent text 'Test other requested terms' to other Requested Terms
[2025-11-18T09:10:46.381Z] [INFO] Clicking on element draft Purchase Agreement CheckBox
[2025-11-18T09:10:48.752Z] [DEBUG] Clicked on element draft Purchase Agreement CheckBox
[2025-11-18T09:10:48.754Z] [INFO] Clicking on element type Of Financials DropDown
[2025-11-18T09:10:50.835Z] [DEBUG] Clicked on element type Of Financials DropDown
[2025-11-18T09:10:50.839Z] [INFO] Clicking on element type Of Financials Value
[2025-11-18T09:10:52.921Z] [DEBUG] Clicked on element type Of Financials Value
[2025-11-18T09:10:52.923Z] [INFO] Clicking on element deal Book CheckBox
[2025-11-18T09:10:55.069Z] [DEBUG] Clicked on element deal Book CheckBox
[2025-11-18T09:10:55.072Z] [INFO] Clicking on element legal DropDown
[2025-11-18T09:10:58.415Z] [DEBUG] Clicked on element legal DropDown
[2025-11-18T09:10:58.420Z] [INFO] Clicking on element legal Value
[2025-11-18T09:11:01.232Z] [DEBUG] Clicked on element legal Value
[2025-11-18T09:11:01.235Z] [INFO] Clicking on element financial DropDown
[2025-11-18T09:11:04.503Z] [DEBUG] Clicked on element financial DropDown
[2025-11-18T09:11:05.142Z] [INFO] Clicking on element financial Value
[2025-11-18T09:11:08.136Z] [DEBUG] Clicked on element financial Value
[2025-11-18T09:11:08.144Z] [INFO] Clicking on element tax DropDown
[2025-11-18T09:11:11.160Z] [DEBUG] Clicked on element tax DropDown
[2025-11-18T09:11:11.166Z] [INFO] Clicking on element tax Value
[2025-11-18T09:11:14.402Z] [DEBUG] Clicked on element tax Value
[2025-11-18T09:11:14.406Z] [INFO] Clicking on element save Button
[2025-11-18T09:11:17.699Z] [DEBUG] Clicked on element save Button
[2025-11-18T09:11:18.707Z] [INFO] Clicking on element global Search Button
[2025-11-18T09:11:21.411Z] [DEBUG] Clicked on element global Search Button
[2025-11-18T09:11:21.574Z] [INFO] Sending text 'Chubb' to global Search Input
[2025-11-18T09:11:22.716Z] [DEBUG] Sent text 'Chubb' to global Search Input
[2025-11-18T09:11:23.349Z] [INFO] Clicking on element global Search Result
[2025-11-18T09:11:25.108Z] [DEBUG] Clicked on element global Search Result
[2025-11-18T09:11:33.154Z] [INFO] Clicking on element taxCarriers Header
[2025-11-18T09:11:34.272Z] [DEBUG] Clicked on element taxCarriers Header
[2025-11-18T09:11:35.926Z] [INFO] Clicking on element Close Last Account Tab
[2025-11-18T09:11:36.952Z] [DEBUG] Clicked on element Close Last Account Tab
[2025-11-18T09:11:36.961Z] [INFO] Clicking on element opportunity Tab
[2025-11-18T09:11:38.646Z] [DEBUG] Clicked on element opportunity Tab
[2025-11-18T09:11:39.079Z] [INFO] Clicking on element NBIL New Button
[2025-11-18T09:11:40.245Z] [DEBUG] Clicked on element NBIL New Button
[2025-11-18T09:11:42.830Z] [INFO] Clicking on element all Carriers Value 
[2025-11-18T09:11:43.910Z] [DEBUG] Clicked on element all Carriers Value 
[2025-11-18T09:11:44.571Z] [INFO] Clicking on element nbilNextButton
[2025-11-18T09:11:45.984Z] [DEBUG] Clicked on element nbilNextButton
[2025-11-18T09:11:45.994Z] [INFO] Sending text 'nuguri.charitha@us.lockton.com' to email Id
[2025-11-18T09:11:48.956Z] [DEBUG] Sent text 'nuguri.charitha@us.lockton.com' to email Id
[2025-11-18T09:11:49.518Z] [INFO] Subject field is validated successfully with opportunity name.
[2025-11-18T09:11:57.178Z] [INFO] Clicking on element Done Button
[2025-11-18T09:11:59.636Z] [DEBUG] Clicked on element Done Button
[2025-11-18T09:12:07.535Z] [INFO] Clicking on element Done Button
[2025-11-18T09:12:08.987Z] [DEBUG] Clicked on element Done Button
[2025-11-18T09:12:15.444Z] [INFO] Clicking on element Done Button
[2025-11-18T09:12:16.633Z] [DEBUG] Clicked on element Done Button
[2025-11-18T09:12:17.458Z] [INFO] Clicking on element Previous Button
[2025-11-18T09:12:18.404Z] [DEBUG] Clicked on element Previous Button
[2025-11-18T09:12:20.642Z] [INFO] Clicking on element Next Button
[2025-11-18T09:12:21.636Z] [DEBUG] Clicked on element Next Button
[2025-11-18T09:12:25.486Z] [INFO] Sending text 'nuguri.charitha@us.lockton.com' to email Id
[2025-11-18T09:12:26.341Z] [DEBUG] Sent text 'nuguri.charitha@us.lockton.com' to email Id
[2025-11-18T09:12:32.556Z] [INFO] Clicking on element Done Button
[2025-11-18T09:12:33.705Z] [DEBUG] Clicked on element Done Button
[2025-11-18T09:12:40.525Z] [INFO] Clicking on element Done Button
[2025-11-18T09:12:41.708Z] [DEBUG] Clicked on element Done Button
[2025-11-18T09:12:48.870Z] [INFO] Clicking on element Done Button
[2025-11-18T09:12:50.025Z] [DEBUG] Clicked on element Done Button
[2025-11-18T09:12:57.782Z] [INFO] Clicking on element Done Button
[2025-11-18T09:12:59.097Z] [DEBUG] Clicked on element Done Button
[2025-11-18T09:13:02.065Z] [INFO] Clicking on element Close Duplicate Error Button
[2025-11-18T09:13:03.199Z] [DEBUG] Clicked on element Close Duplicate Error Button
[2025-11-18T09:13:03.513Z] [INFO] Clicking on element Delete file button
[2025-11-18T09:13:04.492Z] [DEBUG] Clicked on element Delete file button
[2025-11-18T09:13:04.681Z] [INFO] Clicking on element preview Text
[2025-11-18T09:13:05.741Z] [DEBUG] Clicked on element preview Text
[2025-11-18T09:13:13.802Z] [INFO] Sending text 'nuguri.charitha@us.lockton.com.uat' to cc Field Locator
[2025-11-18T09:13:14.806Z] [DEBUG] Sent text 'nuguri.charitha@us.lockton.com.uat' to cc Field Locator
[2025-11-18T09:13:14.816Z] [INFO] Clicking on element send Button
[2025-11-18T09:13:15.905Z] [DEBUG] Clicked on element send Button
[2025-11-18T09:13:19.510Z] [INFO] Clicking on element successWindow Close Button
[2025-11-18T09:13:20.589Z] [DEBUG] Clicked on element successWindow Close Button
[2025-11-18T09:13:25.875Z] [INFO] Clicking on element activity Tab
[2025-11-18T09:13:32.883Z] [DEBUG] Clicked on element activity Tab
[2025-11-18T09:13:33.216Z] [INFO] Clicking on element Email Request Sent Link
[2025-11-18T09:13:34.788Z] [DEBUG] Clicked on element Email Request Sent Link
[2025-11-18T09:13:34.795Z] [INFO] Clicking on element Email Details Tab
[2025-11-18T09:13:37.304Z] [DEBUG] Clicked on element Email Details Tab
[2025-11-18T09:13:37.314Z] [INFO] Clicking on element Email Details Tab
[2025-11-18T09:13:38.153Z] [DEBUG] Clicked on element Email Details Tab
[2025-11-18T09:13:38.687Z] [INFO] Clicking on element Close NBIL Sub Tab
[2025-11-18T09:13:39.155Z] [DEBUG] Clicked on element Close NBIL Sub Tab
[2025-11-18T09:13:39.650Z] [INFO] Clicking on element activity Tab
[2025-11-18T09:13:40.123Z] [DEBUG] Clicked on element activity Tab
[2025-11-18T09:13:40.273Z] [INFO] Scrolling attempt 1
[2025-11-18T09:13:41.085Z] [INFO] Scrolling attempt 2
[2025-11-18T09:13:42.124Z] [INFO] Scrolling attempt 3
[2025-11-18T09:13:42.806Z] [INFO] Element became visible during scroll.
[2025-11-18T09:13:45.123Z] [INFO] Clicking on element View All Files Button
[2025-11-18T09:13:45.841Z] [DEBUG] Clicked on element View All Files Button
[2025-11-18T09:13:49.190Z] [INFO] Clicking on element Close Files Sub Tab
[2025-11-18T09:13:49.600Z] [DEBUG] Clicked on element Close Files Sub Tab
[2025-11-18T09:13:49.977Z] [INFO] Clicking on element NBIL New Button
[2025-11-18T09:13:50.469Z] [DEBUG] Clicked on element NBIL New Button
[2025-11-18T09:13:52.676Z] [INFO] Clicking on element all Carriers Value 
[2025-11-18T09:13:53.355Z] [DEBUG] Clicked on element all Carriers Value 
[2025-11-18T09:13:53.632Z] [INFO] Clicking on element nbilNextButton
[2025-11-18T09:13:54.068Z] [DEBUG] Clicked on element nbilNextButton
[2025-11-18T09:13:54.079Z] [INFO] Sending text 'nuguri.charitha@us.lockton.com.uat' to email Id
[2025-11-18T09:13:56.032Z] [DEBUG] Sent text 'nuguri.charitha@us.lockton.com.uat' to email Id
[2025-11-18T09:14:01.845Z] [INFO] Clicking on element Done Button
[2025-11-18T09:14:02.243Z] [DEBUG] Clicked on element Done Button
[2025-11-18T09:14:08.173Z] [INFO] Clicking on element Done Button
[2025-11-18T09:14:08.719Z] [DEBUG] Clicked on element Done Button
[2025-11-18T09:14:09.463Z] [INFO] Clicking on element Close NDA/NBIL Flow Button
[2025-11-18T09:14:09.846Z] [DEBUG] Clicked on element Close NDA/NBIL Flow Button
[2025-11-18T09:14:13.134Z] [INFO] Element became visible during scroll.
[2025-11-18T09:14:15.432Z] [INFO] Clicking on element View All Files Button
[2025-11-18T09:14:16.155Z] [DEBUG] Clicked on element View All Files Button
[2025-11-18T09:14:19.501Z] [INFO] Clicking on element Close Files Sub Tab
[2025-11-18T09:14:19.961Z] [DEBUG] Clicked on element Close Files Sub Tab
[2025-11-18T09:14:20.232Z] [INFO] Clicking on element NBIL New Button
[2025-11-18T09:14:20.756Z] [DEBUG] Clicked on element NBIL New Button
[2025-11-18T09:14:23.045Z] [INFO] Clicking on element all Carriers Value 
[2025-11-18T09:14:23.421Z] [DEBUG] Clicked on element all Carriers Value 
[2025-11-18T09:14:23.637Z] [INFO] Clicking on element nbilNextButton
[2025-11-18T09:14:24.067Z] [DEBUG] Clicked on element nbilNextButton
[2025-11-18T09:14:24.072Z] [INFO] Sending text 'nuguri.charitha@us.lockton.com' to email Id
[2025-11-18T09:14:25.780Z] [DEBUG] Sent text 'nuguri.charitha@us.lockton.com' to email Id
[2025-11-18T09:14:25.944Z] [INFO] Subject field is validated successfully with opportunity name.
[2025-11-18T09:14:31.541Z] [INFO] Clicking on element Done Button
[2025-11-18T09:14:32.237Z] [DEBUG] Clicked on element Done Button
[2025-11-18T09:14:38.002Z] [INFO] Clicking on element Done Button
[2025-11-18T09:14:38.621Z] [DEBUG] Clicked on element Done Button
[2025-11-18T09:14:45.686Z] [INFO] Clicking on element Done Button
[2025-11-18T09:14:46.770Z] [DEBUG] Clicked on element Done Button
[2025-11-18T09:14:47.460Z] [INFO] Clicking on element Previous Button
[2025-11-18T09:14:48.067Z] [DEBUG] Clicked on element Previous Button
[2025-11-18T09:14:50.141Z] [INFO] Clicking on element Next Button
[2025-11-18T09:14:50.700Z] [DEBUG] Clicked on element Next Button
[2025-11-18T09:14:54.071Z] [INFO] Sending text 'nuguri.charitha@us.lockton.com' to email Id
[2025-11-18T09:14:54.504Z] [DEBUG] Sent text 'nuguri.charitha@us.lockton.com' to email Id
[2025-11-18T09:15:00.030Z] [INFO] Clicking on element Done Button
[2025-11-18T09:15:00.774Z] [DEBUG] Clicked on element Done Button
[2025-11-18T09:15:06.731Z] [INFO] Clicking on element Done Button
[2025-11-18T09:15:07.168Z] [DEBUG] Clicked on element Done Button
[2025-11-18T09:15:13.052Z] [INFO] Clicking on element Done Button
[2025-11-18T09:15:13.507Z] [DEBUG] Clicked on element Done Button
[2025-11-18T09:15:19.710Z] [INFO] Clicking on element Done Button
[2025-11-18T09:15:20.270Z] [DEBUG] Clicked on element Done Button
[2025-11-18T09:15:22.560Z] [INFO] Clicking on element Close Duplicate Error Button
[2025-11-18T09:15:22.992Z] [DEBUG] Clicked on element Close Duplicate Error Button
[2025-11-18T09:15:23.251Z] [INFO] Clicking on element Delete file button
[2025-11-18T09:15:23.536Z] [DEBUG] Clicked on element Delete file button
[2025-11-18T09:15:23.602Z] [INFO] Clicking on element preview Text
[2025-11-18T09:15:24.022Z] [DEBUG] Clicked on element preview Text
[2025-11-18T09:15:27.411Z] [INFO] Sending text 'This is to inform you that the NBIL request email body has been updated with new Test Information.' to email Body Locator
[2025-11-18T09:15:27.828Z] [DEBUG] Sent text 'This is to inform you that the NBIL request email body has been updated with new Test Information.' to email Body Locator
[2025-11-18T09:15:27.845Z] [INFO] Clicking on element send Button
[2025-11-18T09:15:28.380Z] [DEBUG] Clicked on element send Button
[2025-11-18T09:15:31.828Z] [INFO] Clicking on element successWindow Close Button
[2025-11-18T09:15:32.177Z] [DEBUG] Clicked on element successWindow Close Button
[2025-11-18T09:15:37.285Z] [INFO] Clicking on element activity Tab
[2025-11-18T09:15:42.584Z] [DEBUG] Clicked on element activity Tab
[2025-11-18T09:15:43.121Z] [INFO] Clicking on element Email Request Sent Link
[2025-11-18T09:15:45.706Z] [DEBUG] Clicked on element Email Request Sent Link
[2025-11-18T09:15:45.708Z] [INFO] Clicking on element Email Details Tab
[2025-11-18T09:15:48.334Z] [DEBUG] Clicked on element Email Details Tab
[2025-11-18T09:15:48.336Z] [INFO] Clicking on element Email Details Tab
[2025-11-18T09:15:48.564Z] [DEBUG] Clicked on element Email Details Tab
[2025-11-18T09:15:49.991Z] [INFO] Clicking on element Close NBIL Sub Tab
[2025-11-18T09:15:50.347Z] [DEBUG] Clicked on element Close NBIL Sub Tab
[2025-11-18T09:15:50.877Z] [INFO] Clicking on element activity Tab
[2025-11-18T09:15:51.207Z] [DEBUG] Clicked on element activity Tab
[2025-11-18T09:15:51.364Z] [INFO] Scrolling attempt 1
[2025-11-18T09:15:52.193Z] [INFO] Scrolling attempt 2
[2025-11-18T09:15:52.894Z] [INFO] Scrolling attempt 3
[2025-11-18T09:15:53.630Z] [INFO] Element became visible during scroll.
[2025-11-18T09:15:55.921Z] [INFO] Clicking on element View All Files Button
[2025-11-18T09:15:56.660Z] [DEBUG] Clicked on element View All Files Button
[2025-11-18T09:16:00.037Z] [INFO] Clicking on element Close Files Sub Tab
[2025-11-18T09:16:00.656Z] [DEBUG] Clicked on element Close Files Sub Tab
[2025-11-18T09:16:01.231Z] [INFO] Clicking on element NBIL New Button
[2025-11-18T09:16:01.821Z] [DEBUG] Clicked on element NBIL New Button
[2025-11-18T09:16:04.053Z] [INFO] Clicking on element all Carriers Value 
[2025-11-18T09:16:04.541Z] [DEBUG] Clicked on element all Carriers Value 
[2025-11-18T09:16:04.726Z] [INFO] Clicking on element nbilNextButton
[2025-11-18T09:16:05.205Z] [DEBUG] Clicked on element nbilNextButton
[2025-11-18T09:16:05.207Z] [INFO] Sending text 'nuguri.charitha@us.lockton.com.uat' to email Id
[2025-11-18T09:16:07.145Z] [DEBUG] Sent text 'nuguri.charitha@us.lockton.com.uat' to email Id
[2025-11-18T09:16:12.521Z] [INFO] Clicking on element Done Button
[2025-11-18T09:16:13.198Z] [DEBUG] Clicked on element Done Button
[2025-11-18T09:16:19.123Z] [INFO] Clicking on element Done Button
[2025-11-18T09:16:19.535Z] [DEBUG] Clicked on element Done Button
[2025-11-18T09:16:20.270Z] [INFO] Clicking on element Close NDA/NBIL Flow Button
[2025-11-18T09:16:20.779Z] [DEBUG] Clicked on element Close NDA/NBIL Flow Button
[2025-11-18T09:16:24.136Z] [INFO] Element became visible during scroll.
[2025-11-18T09:16:26.553Z] [INFO] Clicking on element View All Files Button
[2025-11-18T09:16:27.164Z] [DEBUG] Clicked on element View All Files Button
[2025-11-18T09:16:30.427Z] [INFO] Clicking on element Close Files Sub Tab
[2025-11-18T09:16:30.799Z] [DEBUG] Clicked on element Close Files Sub Tab
[2025-11-18T09:16:31.167Z] [INFO] Clicking on element NBIL New Button
[2025-11-18T09:16:31.689Z] [DEBUG] Clicked on element NBIL New Button
[2025-11-18T09:16:33.991Z] [INFO] Clicking on element all Carriers Value 
[2025-11-18T09:16:34.350Z] [DEBUG] Clicked on element all Carriers Value 
[2025-11-18T09:16:34.551Z] [INFO] Clicking on element nbilNextButton
[2025-11-18T09:16:35.026Z] [DEBUG] Clicked on element nbilNextButton
[2025-11-18T09:16:35.031Z] [INFO] Sending text 'nuguri.charitha@us.lockton.com' to email Id
[2025-11-18T09:16:36.794Z] [DEBUG] Sent text 'nuguri.charitha@us.lockton.com' to email Id
[2025-11-18T09:16:36.941Z] [INFO] Subject field is validated successfully with opportunity name.
[2025-11-18T09:16:42.350Z] [INFO] Clicking on element Done Button
[2025-11-18T09:16:42.848Z] [DEBUG] Clicked on element Done Button
[2025-11-18T09:16:48.688Z] [INFO] Clicking on element Done Button
[2025-11-18T09:16:49.433Z] [DEBUG] Clicked on element Done Button
[2025-11-18T09:16:55.175Z] [INFO] Clicking on element Done Button
[2025-11-18T09:16:55.636Z] [DEBUG] Clicked on element Done Button
[2025-11-18T09:16:56.379Z] [INFO] Clicking on element Previous Button
[2025-11-18T09:16:56.917Z] [DEBUG] Clicked on element Previous Button
[2025-11-18T09:16:58.964Z] [INFO] Clicking on element Next Button
[2025-11-18T09:16:59.416Z] [DEBUG] Clicked on element Next Button
[2025-11-18T09:17:02.867Z] [INFO] Sending text 'nuguri.charitha@us.lockton.com' to email Id
[2025-11-18T09:17:03.851Z] [DEBUG] Sent text 'nuguri.charitha@us.lockton.com' to email Id
[2025-11-18T09:17:09.952Z] [INFO] Clicking on element Done Button
[2025-11-18T09:17:10.367Z] [DEBUG] Clicked on element Done Button
[2025-11-18T09:17:16.537Z] [INFO] Clicking on element Done Button
[2025-11-18T09:17:17.158Z] [DEBUG] Clicked on element Done Button
[2025-11-18T09:17:23.047Z] [INFO] Clicking on element Done Button
[2025-11-18T09:17:23.510Z] [DEBUG] Clicked on element Done Button
[2025-11-18T09:17:29.548Z] [INFO] Clicking on element Done Button
[2025-11-18T09:17:30.164Z] [DEBUG] Clicked on element Done Button
[2025-11-18T09:17:32.522Z] [INFO] Clicking on element Close Duplicate Error Button
[2025-11-18T09:17:33.142Z] [DEBUG] Clicked on element Close Duplicate Error Button
[2025-11-18T09:17:33.293Z] [INFO] Clicking on element Delete file button
[2025-11-18T09:17:33.723Z] [DEBUG] Clicked on element Delete file button
[2025-11-18T09:17:33.786Z] [INFO] Clicking on element preview Text
[2025-11-18T09:17:34.296Z] [DEBUG] Clicked on element preview Text
[2025-11-18T09:17:37.002Z] [INFO] Sending text 'This is to inform you that the NBIL request has been updated with new static Test Information.' to static Carrier Text
[2025-11-18T09:17:37.373Z] [DEBUG] Sent text 'This is to inform you that the NBIL request has been updated with new static Test Information.' to static Carrier Text
[2025-11-18T09:17:37.380Z] [INFO] Clicking on element send Button
[2025-11-18T09:17:37.891Z] [DEBUG] Clicked on element send Button
[2025-11-18T09:17:42.949Z] [INFO] Clicking on element successWindow Close Button
[2025-11-18T09:17:43.537Z] [DEBUG] Clicked on element successWindow Close Button
[2025-11-18T09:17:47.243Z] [INFO] Clicking on element activity Tab
[2025-11-18T09:17:53.993Z] [DEBUG] Clicked on element activity Tab
[2025-11-18T09:17:54.561Z] [INFO] Clicking on element Email Request Sent Link
[2025-11-18T09:17:56.820Z] [DEBUG] Clicked on element Email Request Sent Link
[2025-11-18T09:17:56.828Z] [INFO] Clicking on element Email Details Tab
[2025-11-18T09:17:59.996Z] [DEBUG] Clicked on element Email Details Tab
[2025-11-18T09:18:00.003Z] [INFO] Clicking on element Email Details Tab
[2025-11-18T09:18:01.447Z] [DEBUG] Clicked on element Email Details Tab
[2025-11-18T09:18:01.908Z] [INFO] Clicking on element Close NBIL Sub Tab
[2025-11-18T09:18:02.391Z] [DEBUG] Clicked on element Close NBIL Sub Tab
[2025-11-18T09:18:03.001Z] [INFO] Clicking on element activity Tab
[2025-11-18T09:18:03.316Z] [DEBUG] Clicked on element activity Tab
[2025-11-18T09:18:03.554Z] [INFO] Scrolling attempt 1
[2025-11-18T09:18:04.235Z] [INFO] Scrolling attempt 2
[2025-11-18T09:18:04.975Z] [INFO] Scrolling attempt 3
[2025-11-18T09:18:05.629Z] [INFO] Element became visible during scroll.
[2025-11-18T09:18:07.970Z] [INFO] Clicking on element View All Files Button
[2025-11-18T09:18:09.286Z] [DEBUG] Clicked on element View All Files Button
[2025-11-18T09:18:12.679Z] [INFO] Clicking on element Close Files Sub Tab
[2025-11-18T09:18:13.121Z] [DEBUG] Clicked on element Close Files Sub Tab
[2025-11-18T09:18:13.457Z] [INFO] Clicking on element NBIL New Button
[2025-11-18T09:18:13.913Z] [DEBUG] Clicked on element NBIL New Button
[2025-11-18T09:18:16.118Z] [INFO] Clicking on element all Carriers Value 
[2025-11-18T09:18:16.617Z] [DEBUG] Clicked on element all Carriers Value 
[2025-11-18T09:18:16.824Z] [INFO] Clicking on element nbilNextButton
[2025-11-18T09:18:17.195Z] [DEBUG] Clicked on element nbilNextButton
[2025-11-18T09:18:17.198Z] [INFO] Sending text 'nuguri.charitha@us.lockton.com.uat' to email Id
[2025-11-18T09:18:19.187Z] [DEBUG] Sent text 'nuguri.charitha@us.lockton.com.uat' to email Id
[2025-11-18T09:18:24.568Z] [INFO] Clicking on element Done Button
[2025-11-18T09:18:24.944Z] [DEBUG] Clicked on element Done Button
[2025-11-18T09:18:30.749Z] [INFO] Clicking on element Done Button
[2025-11-18T09:18:31.363Z] [DEBUG] Clicked on element Done Button
[2025-11-18T09:18:32.157Z] [INFO] Clicking on element Close NDA/NBIL Flow Button
[2025-11-18T09:18:32.656Z] [DEBUG] Clicked on element Close NDA/NBIL Flow Button
[2025-11-18T09:18:35.962Z] [INFO] Element became visible during scroll.
[2025-11-18T09:18:38.197Z] [INFO] Clicking on element View All Files Button
[2025-11-18T09:18:38.739Z] [DEBUG] Clicked on element View All Files Button
[2025-11-18T09:18:42.038Z] [INFO] Clicking on element Close Files Sub Tab
[2025-11-18T09:18:42.398Z] [DEBUG] Clicked on element Close Files Sub Tab
[2025-11-18T09:18:42.760Z] [INFO] Clicking on element NBIL New Button
[2025-11-18T09:18:43.338Z] [DEBUG] Clicked on element NBIL New Button
[2025-11-18T09:18:45.589Z] [INFO] Clicking on element all Carriers Value 
[2025-11-18T09:18:45.993Z] [DEBUG] Clicked on element all Carriers Value 
[2025-11-18T09:18:46.180Z] [INFO] Clicking on element nbilNextButton
[2025-11-18T09:18:46.579Z] [DEBUG] Clicked on element nbilNextButton
[2025-11-18T09:18:46.584Z] [INFO] Sending text 'nuguri.charitha@us.lockton.com' to email Id
[2025-11-18T09:18:48.572Z] [DEBUG] Sent text 'nuguri.charitha@us.lockton.com' to email Id
[2025-11-18T09:18:48.684Z] [INFO] Subject field is validated successfully with opportunity name.
[2025-11-18T09:18:54.193Z] [INFO] Clicking on element Done Button
[2025-11-18T09:18:54.595Z] [DEBUG] Clicked on element Done Button
[2025-11-18T09:19:00.453Z] [INFO] Clicking on element Done Button
[2025-11-18T09:19:00.945Z] [DEBUG] Clicked on element Done Button
[2025-11-18T09:19:06.897Z] [INFO] Clicking on element Done Button
[2025-11-18T09:19:07.328Z] [DEBUG] Clicked on element Done Button
[2025-11-18T09:19:07.984Z] [INFO] Clicking on element Previous Button
[2025-11-18T09:19:08.441Z] [DEBUG] Clicked on element Previous Button
[2025-11-18T09:19:10.514Z] [INFO] Clicking on element Next Button
[2025-11-18T09:19:10.883Z] [DEBUG] Clicked on element Next Button
[2025-11-18T09:19:14.181Z] [INFO] Sending text 'nuguri.charitha@us.lockton.com' to email Id
[2025-11-18T09:19:14.698Z] [DEBUG] Sent text 'nuguri.charitha@us.lockton.com' to email Id
[2025-11-18T09:19:20.175Z] [INFO] Clicking on element Done Button
[2025-11-18T09:19:20.623Z] [DEBUG] Clicked on element Done Button
[2025-11-18T09:19:26.566Z] [INFO] Clicking on element Done Button
[2025-11-18T09:19:27.057Z] [DEBUG] Clicked on element Done Button
[2025-11-18T09:19:33.158Z] [INFO] Clicking on element Done Button
[2025-11-18T09:19:33.743Z] [DEBUG] Clicked on element Done Button
[2025-11-18T09:19:40.221Z] [INFO] Clicking on element Done Button
[2025-11-18T09:19:40.808Z] [DEBUG] Clicked on element Done Button
[2025-11-18T09:19:43.096Z] [INFO] Clicking on element Close Duplicate Error Button
[2025-11-18T09:19:43.623Z] [DEBUG] Clicked on element Close Duplicate Error Button
[2025-11-18T09:19:43.789Z] [INFO] Clicking on element Delete file button
[2025-11-18T09:19:44.273Z] [DEBUG] Clicked on element Delete file button
[2025-11-18T09:19:44.340Z] [INFO] Clicking on element preview Text
[2025-11-18T09:19:44.803Z] [DEBUG] Clicked on element preview Text
[2025-11-18T09:19:47.737Z] [INFO] Sending text 'Test Policy Retention Request' to policy Retention Request
[2025-11-18T09:19:48.126Z] [DEBUG] Sent text 'Test Policy Retention Request' to policy Retention Request
[2025-11-18T09:19:49.985Z] [INFO] Sending text 'Test Underwriting Information' to under Writing Information
[2025-11-18T09:19:50.367Z] [DEBUG] Sent text 'Test Underwriting Information' to under Writing Information
[2025-11-18T09:19:50.374Z] [INFO] Clicking on element send Button
[2025-11-18T09:19:50.857Z] [DEBUG] Clicked on element send Button
[2025-11-18T09:19:54.858Z] [INFO] Clicking on element successWindow Close Button
[2025-11-18T09:19:55.206Z] [DEBUG] Clicked on element successWindow Close Button
[2025-11-18T09:19:59.149Z] [INFO] Clicking on element activity Tab
[2025-11-18T09:20:05.290Z] [DEBUG] Clicked on element activity Tab
[2025-11-18T09:20:05.838Z] [INFO] Clicking on element Email Request Sent Link
[2025-11-18T09:20:08.018Z] [DEBUG] Clicked on element Email Request Sent Link
[2025-11-18T09:20:08.022Z] [INFO] Clicking on element Email Details Tab
[2025-11-18T09:20:13.622Z] [DEBUG] Clicked on element Email Details Tab
[2025-11-18T09:20:13.626Z] [INFO] Clicking on element Email Details Tab
[2025-11-18T09:20:14.492Z] [DEBUG] Clicked on element Email Details Tab
[2025-11-18T09:20:35.903Z] [INFO] Clicking on element Close NBIL Sub Tab
[2025-11-18T09:20:36.212Z] [DEBUG] Clicked on element Close NBIL Sub Tab
[2025-11-18T09:20:36.647Z] [INFO] Clicking on element activity Tab
[2025-11-18T09:20:37.087Z] [DEBUG] Clicked on element activity Tab
[2025-11-18T09:20:37.202Z] [INFO] Scrolling attempt 1
[2025-11-18T09:20:37.971Z] [INFO] Scrolling attempt 2
[2025-11-18T09:20:38.698Z] [INFO] Scrolling attempt 3
[2025-11-18T09:20:39.346Z] [INFO] Element became visible during scroll.
[2025-11-18T09:20:41.553Z] [INFO] Clicking on element View All Files Button
[2025-11-18T09:20:42.075Z] [DEBUG] Clicked on element View All Files Button
[2025-11-18T09:20:45.457Z] [INFO] Clicking on element Close Files Sub Tab
[2025-11-18T09:20:45.752Z] [DEBUG] Clicked on element Close Files Sub Tab
[2025-11-18T09:20:46.018Z] [INFO] Clicking on element Opportunity Tab
[2025-11-18T09:20:46.274Z] [DEBUG] Clicked on element Opportunity Tab
[2025-11-18T09:20:46.276Z] [INFO] Clicking on element NBIL New Button
[2025-11-18T09:20:46.698Z] [DEBUG] Clicked on element NBIL New Button
[2025-11-18T09:20:48.886Z] [INFO] Clicking on element all Carriers Value 
[2025-11-18T09:20:49.198Z] [DEBUG] Clicked on element all Carriers Value 
[2025-11-18T09:20:49.381Z] [INFO] Clicking on element nbilNextButton
[2025-11-18T09:20:49.784Z] [DEBUG] Clicked on element nbilNextButton
[2025-11-18T09:20:49.789Z] [INFO] Sending text 'nuguri.charitha@us.lockton.com.uat' to email Id
[2025-11-18T09:20:51.817Z] [DEBUG] Sent text 'nuguri.charitha@us.lockton.com.uat' to email Id
[2025-11-18T09:20:57.172Z] [INFO] Clicking on element Done Button
[2025-11-18T09:20:57.578Z] [DEBUG] Clicked on element Done Button
[2025-11-18T09:21:03.348Z] [INFO] Clicking on element Done Button
[2025-11-18T09:21:03.781Z] [DEBUG] Clicked on element Done Button
[2025-11-18T09:21:04.477Z] [INFO] Clicking on element Close NDA/NBIL Flow Button
[2025-11-18T09:21:05.222Z] [DEBUG] Clicked on element Close NDA/NBIL Flow Button
[2025-11-18T09:21:08.577Z] [INFO] Element became visible during scroll.
[2025-11-18T09:21:10.777Z] [INFO] Clicking on element View All Files Button
[2025-11-18T09:21:11.429Z] [DEBUG] Clicked on element View All Files Button
[2025-11-18T09:21:14.848Z] [INFO] Clicking on element Close Files Sub Tab
[2025-11-18T09:21:15.232Z] [DEBUG] Clicked on element Close Files Sub Tab
[2025-11-18T09:21:15.573Z] [INFO] Clicking on element NBIL New Button
[2025-11-18T09:21:15.942Z] [DEBUG] Clicked on element NBIL New Button
[2025-11-18T09:21:18.139Z] [INFO] Clicking on element all Carriers Value 
[2025-11-18T09:21:18.623Z] [DEBUG] Clicked on element all Carriers Value 
[2025-11-18T09:21:18.830Z] [INFO] Clicking on element nbilNextButton
[2025-11-18T09:21:19.205Z] [DEBUG] Clicked on element nbilNextButton
[2025-11-18T09:21:19.210Z] [INFO] Sending text 'nuguri.charitha@us.lockton.com' to email Id
[2025-11-18T09:21:21.193Z] [DEBUG] Sent text 'nuguri.charitha@us.lockton.com' to email Id
[2025-11-18T09:21:21.335Z] [INFO] Subject field is validated successfully with opportunity name.
[2025-11-18T09:21:26.981Z] [INFO] Clicking on element Done Button
[2025-11-18T09:21:27.381Z] [DEBUG] Clicked on element Done Button
[2025-11-18T09:21:33.066Z] [INFO] Clicking on element Done Button
[2025-11-18T09:21:33.519Z] [DEBUG] Clicked on element Done Button
[2025-11-18T09:21:39.260Z] [INFO] Clicking on element Done Button
[2025-11-18T09:21:39.804Z] [DEBUG] Clicked on element Done Button
[2025-11-18T09:21:40.484Z] [INFO] Clicking on element Previous Button
[2025-11-18T09:21:40.920Z] [DEBUG] Clicked on element Previous Button
[2025-11-18T09:21:42.998Z] [INFO] Clicking on element Next Button
[2025-11-18T09:21:43.362Z] [DEBUG] Clicked on element Next Button
[2025-11-18T09:21:46.623Z] [INFO] Sending text 'nuguri.charitha@us.lockton.com' to email Id
[2025-11-18T09:21:46.972Z] [DEBUG] Sent text 'nuguri.charitha@us.lockton.com' to email Id
[2025-11-18T09:21:52.535Z] [INFO] Clicking on element Done Button
[2025-11-18T09:21:52.916Z] [DEBUG] Clicked on element Done Button
[2025-11-18T09:21:58.623Z] [INFO] Clicking on element Done Button
[2025-11-18T09:21:59.008Z] [DEBUG] Clicked on element Done Button
[2025-11-18T09:22:04.758Z] [INFO] Clicking on element Done Button
[2025-11-18T09:22:05.184Z] [DEBUG] Clicked on element Done Button
[2025-11-18T09:22:11.403Z] [INFO] Clicking on element Done Button
[2025-11-18T09:22:11.814Z] [DEBUG] Clicked on element Done Button
[2025-11-18T09:22:14.821Z] [INFO] Clicking on element Close Duplicate Error Button
[2025-11-18T09:22:15.398Z] [DEBUG] Clicked on element Close Duplicate Error Button
[2025-11-18T09:22:15.526Z] [INFO] Clicking on element Delete file button
[2025-11-18T09:22:15.967Z] [DEBUG] Clicked on element Delete file button
[2025-11-18T09:22:16.017Z] [INFO] Clicking on element preview Text
[2025-11-18T09:22:16.438Z] [DEBUG] Clicked on element preview Text
[2025-11-18T09:22:19.710Z] [INFO] Clicking on element table Text Input
[2025-11-18T09:22:20.072Z] [DEBUG] Clicked on element table Text Input
[2025-11-18T09:22:20.265Z] [INFO] Clicking on element send Button
[2025-11-18T09:22:20.644Z] [DEBUG] Clicked on element send Button
[2025-11-18T09:22:24.960Z] [INFO] Clicking on element successWindow Close Button
[2025-11-18T09:22:25.343Z] [DEBUG] Clicked on element successWindow Close Button
[2025-11-18T09:22:28.801Z] [INFO] Clicking on element activity Tab
[2025-11-18T09:22:34.217Z] [DEBUG] Clicked on element activity Tab
[2025-11-18T09:22:34.793Z] [INFO] Clicking on element Email Request Sent Link
[2025-11-18T09:22:37.328Z] [DEBUG] Clicked on element Email Request Sent Link
[2025-11-18T09:22:37.335Z] [INFO] Clicking on element Email Details Tab
[2025-11-18T09:22:39.901Z] [DEBUG] Clicked on element Email Details Tab
[2025-11-18T09:22:39.906Z] [INFO] Clicking on element Email Details Tab
[2025-11-18T09:22:40.778Z] [DEBUG] Clicked on element Email Details Tab
[2025-11-18T09:22:41.172Z] [INFO] Clicking on element Close NBIL Sub Tab
[2025-11-18T09:22:41.600Z] [DEBUG] Clicked on element Close NBIL Sub Tab
[2025-11-18T09:22:42.137Z] [INFO] Clicking on element activity Tab
[2025-11-18T09:22:42.549Z] [DEBUG] Clicked on element activity Tab
[2025-11-18T09:22:43.145Z] [INFO] Scrolling attempt 1
[2025-11-18T09:22:43.810Z] [INFO] Scrolling attempt 2
[2025-11-18T09:22:44.617Z] [INFO] Element became visible during scroll.
[2025-11-18T09:22:46.857Z] [INFO] Clicking on element View All Files Button
[2025-11-18T09:22:47.552Z] [DEBUG] Clicked on element View All Files Button
[2025-11-18T09:22:51.061Z] [INFO] Clicking on element Close Files Sub Tab
[2025-11-18T09:22:51.550Z] [DEBUG] Clicked on element Close Files Sub Tab
[2025-11-18T09:22:52.126Z] [INFO] Clicking on element NBIL New Button
[2025-11-18T09:22:52.715Z] [DEBUG] Clicked on element NBIL New Button
[2025-11-18T09:22:55.120Z] [INFO] Clicking on element all Carriers Value 
[2025-11-18T09:22:55.567Z] [DEBUG] Clicked on element all Carriers Value 
[2025-11-18T09:22:55.789Z] [INFO] Clicking on element nbilNextButton
[2025-11-18T09:22:56.229Z] [DEBUG] Clicked on element nbilNextButton
[2025-11-18T09:22:56.238Z] [INFO] Sending text 'nuguri.charitha@us.lockton.com.uat' to email Id
[2025-11-18T09:22:58.136Z] [DEBUG] Sent text 'nuguri.charitha@us.lockton.com.uat' to email Id
[2025-11-18T09:23:03.498Z] [INFO] Clicking on element Done Button
[2025-11-18T09:23:04.069Z] [DEBUG] Clicked on element Done Button
[2025-11-18T09:23:10.248Z] [INFO] Clicking on element Done Button
[2025-11-18T09:23:10.659Z] [DEBUG] Clicked on element Done Button
[2025-11-18T09:23:11.474Z] [INFO] Clicking on element Close NDA/NBIL Flow Button
[2025-11-18T09:23:11.904Z] [DEBUG] Clicked on element Close NDA/NBIL Flow Button
[2025-11-18T09:23:15.207Z] [INFO] Element became visible during scroll.
[2025-11-18T09:23:17.453Z] [INFO] Clicking on element View All Files Button
[2025-11-18T09:23:18.081Z] [DEBUG] Clicked on element View All Files Button
[2025-11-18T09:23:21.419Z] [INFO] Clicking on element Close Files Sub Tab
[2025-11-18T09:23:22.092Z] [DEBUG] Clicked on element Close Files Sub Tab
[2025-11-18T09:23:23.087Z] [INFO] Clicking on element NBIL New Button
[2025-11-18T09:23:23.696Z] [DEBUG] Clicked on element NBIL New Button
[2025-11-18T09:23:26.018Z] [INFO] Clicking on element all Carriers Value 
[2025-11-18T09:23:26.392Z] [DEBUG] Clicked on element all Carriers Value 
[2025-11-18T09:23:26.556Z] [INFO] Clicking on element nbilNextButton
[2025-11-18T09:23:26.921Z] [DEBUG] Clicked on element nbilNextButton
[2025-11-18T09:23:26.926Z] [INFO] Sending text 'nuguri.charitha@us.lockton.com' to email Id
[2025-11-18T09:23:30.174Z] [DEBUG] Sent text 'nuguri.charitha@us.lockton.com' to email Id
[2025-11-18T09:23:30.306Z] [INFO] Subject field is validated successfully with opportunity name.
[2025-11-18T09:23:35.717Z] [INFO] Clicking on element Done Button
[2025-11-18T09:23:36.215Z] [DEBUG] Clicked on element Done Button
[2025-11-18T09:23:42.272Z] [INFO] Clicking on element Done Button
[2025-11-18T09:23:43.390Z] [DEBUG] Clicked on element Done Button
[2025-11-18T09:23:49.181Z] [INFO] Clicking on element Done Button
[2025-11-18T09:23:49.726Z] [DEBUG] Clicked on element Done Button
[2025-11-18T09:23:50.395Z] [INFO] Clicking on element Previous Button
[2025-11-18T09:23:50.833Z] [DEBUG] Clicked on element Previous Button
[2025-11-18T09:23:53.039Z] [INFO] Clicking on element Next Button
[2025-11-18T09:23:54.137Z] [DEBUG] Clicked on element Next Button
[2025-11-18T09:23:57.752Z] [INFO] Sending text 'nuguri.charitha@us.lockton.com' to email Id
[2025-11-18T09:23:58.069Z] [DEBUG] Sent text 'nuguri.charitha@us.lockton.com' to email Id
[2025-11-18T09:24:03.480Z] [INFO] Clicking on element Done Button
[2025-11-18T09:24:03.926Z] [DEBUG] Clicked on element Done Button
[2025-11-18T09:24:09.886Z] [INFO] Clicking on element Done Button
[2025-11-18T09:24:10.514Z] [DEBUG] Clicked on element Done Button
[2025-11-18T09:24:16.702Z] [INFO] Clicking on element Done Button
[2025-11-18T09:24:17.308Z] [DEBUG] Clicked on element Done Button
[2025-11-18T09:24:23.790Z] [INFO] Clicking on element Done Button
[2025-11-18T09:24:24.202Z] [DEBUG] Clicked on element Done Button
[2025-11-18T09:24:26.450Z] [INFO] Clicking on element Close Duplicate Error Button
[2025-11-18T09:24:26.793Z] [DEBUG] Clicked on element Close Duplicate Error Button
[2025-11-18T09:24:26.933Z] [INFO] Clicking on element Delete file button
[2025-11-18T09:24:27.362Z] [DEBUG] Clicked on element Delete file button
[2025-11-18T09:24:27.404Z] [INFO] Clicking on element preview Text
[2025-11-18T09:24:27.810Z] [DEBUG] Clicked on element preview Text
[2025-11-18T09:24:30.165Z] [INFO] Sending text 'nuguri.charitha@us.lockton.com.uat' to cc Field Locator
[2025-11-18T09:24:31.013Z] [DEBUG] Sent text 'nuguri.charitha@us.lockton.com.uat' to cc Field Locator
[2025-11-18T09:24:31.018Z] [INFO] Sending text 'This is to inform you that the NBIL request has been updated with new comprehensive Data.' to static Carrier Text
[2025-11-18T09:24:31.748Z] [DEBUG] Sent text 'This is to inform you that the NBIL request has been updated with new comprehensive Data.' to static Carrier Text
[2025-11-18T09:24:31.753Z] [INFO] Sending text 'Test Policy Retention Request' to policy Retention Request
[2025-11-18T09:24:32.117Z] [DEBUG] Sent text 'Test Policy Retention Request' to policy Retention Request
[2025-11-18T09:24:33.605Z] [INFO] Sending text 'Test Underwriting Information' to under Writing Information
[2025-11-18T09:24:33.940Z] [DEBUG] Sent text 'Test Underwriting Information' to under Writing Information
[2025-11-18T09:24:33.946Z] [INFO] Clicking on element send Button
[2025-11-18T09:24:34.342Z] [DEBUG] Clicked on element send Button
[2025-11-18T09:24:38.382Z] [INFO] Clicking on element successWindow Close Button
[2025-11-18T09:24:38.683Z] [DEBUG] Clicked on element successWindow Close Button
[2025-11-18T09:24:42.406Z] [INFO] Clicking on element activity Tab
[2025-11-18T09:24:47.915Z] [DEBUG] Clicked on element activity Tab
[2025-11-18T09:24:48.600Z] [INFO] Clicking on element Email Request Sent Link
[2025-11-18T09:24:49.108Z] [DEBUG] Clicked on element Email Request Sent Link
[2025-11-18T09:24:49.111Z] [INFO] Clicking on element Email Details Tab
[2025-11-18T09:24:52.603Z] [DEBUG] Clicked on element Email Details Tab
[2025-11-18T09:24:52.606Z] [INFO] Clicking on element Email Details Tab
[2025-11-18T09:24:53.088Z] [DEBUG] Clicked on element Email Details Tab
[2025-11-18T09:25:17.403Z] [INFO] Clicking on element Close NBIL Sub Tab
[2025-11-18T09:25:17.771Z] [DEBUG] Clicked on element Close NBIL Sub Tab
[2025-11-18T09:25:18.311Z] [INFO] Clicking on element activity Tab
[2025-11-18T09:25:18.896Z] [DEBUG] Clicked on element activity Tab
[2025-11-18T09:25:19.032Z] [INFO] Scrolling attempt 1
[2025-11-18T09:25:19.719Z] [INFO] Scrolling attempt 2
[2025-11-18T09:25:20.601Z] [INFO] Element became visible during scroll.
[2025-11-18T09:25:22.836Z] [INFO] Clicking on element View All Files Button
[2025-11-18T09:25:23.475Z] [DEBUG] Clicked on element View All Files Button
[2025-11-18T09:25:26.787Z] [INFO] Clicking on element Close Files Sub Tab
[2025-11-18T09:25:27.140Z] [DEBUG] Clicked on element Close Files Sub Tab
[2025-11-18T09:25:27.519Z] [INFO] Clicking on element NBIL New Button
[2025-11-18T09:25:28.423Z] [DEBUG] Clicked on element NBIL New Button
[2025-11-18T09:25:30.624Z] [INFO] Clicking on element all Carriers Value 
[2025-11-18T09:25:30.975Z] [DEBUG] Clicked on element all Carriers Value 
[2025-11-18T09:25:31.148Z] [INFO] Clicking on element nbilNextButton
[2025-11-18T09:25:31.488Z] [DEBUG] Clicked on element nbilNextButton
[2025-11-18T09:25:31.491Z] [INFO] Sending text 'nuguri.charitha@us.lockton.com.uat' to email Id
[2025-11-18T09:25:33.354Z] [DEBUG] Sent text 'nuguri.charitha@us.lockton.com.uat' to email Id
[2025-11-18T09:25:39.033Z] [INFO] Clicking on element Done Button
[2025-11-18T09:25:39.412Z] [DEBUG] Clicked on element Done Button
[2025-11-18T09:25:45.186Z] [INFO] Clicking on element Done Button
[2025-11-18T09:25:45.595Z] [DEBUG] Clicked on element Done Button
[2025-11-18T09:25:46.262Z] [INFO] Clicking on element Close NDA/NBIL Flow Button
[2025-11-18T09:25:46.646Z] [DEBUG] Clicked on element Close NDA/NBIL Flow Button
[2025-11-18T09:25:49.896Z] [INFO] Element became visible during scroll.
[2025-11-18T09:25:52.095Z] [INFO] Clicking on element View All Files Button
[2025-11-18T09:25:52.650Z] [DEBUG] Clicked on element View All Files Button
[2025-11-18T09:26:09.858Z] [INFO] Sending text 'nuguri.charitha@us.lockton.com.uat' to username Input Value
[2025-11-18T09:26:10.259Z] [DEBUG] Sent text 'nuguri.charitha@us.lockton.com.uat' to username Input Value
[2025-11-18T09:26:10.265Z] [INFO] Sending text 'Charitha@48' to password Input Value
[2025-11-18T09:26:10.376Z] [DEBUG] Sent text 'Charitha@48' to password Input Value
[2025-11-18T09:26:10.382Z] [INFO] Clicking on element login Button
[2025-11-18T09:26:12.460Z] [DEBUG] Clicked on element login Button
[2025-11-18T09:26:17.539Z] [INFO] Clicking on element setUp Icon
[2025-11-18T09:26:17.952Z] [DEBUG] Clicked on element setUp Icon
[2025-11-18T09:26:25.045Z] [INFO] Clicking on element user Search Result
[2025-11-18T09:26:28.482Z] [DEBUG] Clicked on element user Search Result
[2025-11-18T09:26:46.211Z] [INFO] Clicking on element show Navigation Menu
[2025-11-18T09:26:46.951Z] [DEBUG] Clicked on element show Navigation Menu
[2025-11-18T09:26:47.045Z] [INFO] Clicking on element accounts Menu Item
[2025-11-18T09:26:47.315Z] [DEBUG] Clicked on element accounts Menu Item
[2025-11-18T09:26:49.083Z] [INFO] Clicking on element list View Element
[2025-11-18T09:26:49.527Z] [DEBUG] Clicked on element list View Element
[2025-11-18T09:26:49.605Z] [INFO] Sending text 'All Clients' to searchBox ListViewInput
[2025-11-18T09:26:49.918Z] [DEBUG] Sent text 'All Clients' to searchBox ListViewInput
[2025-11-18T09:26:49.995Z] [INFO] Clicking on element all Clients In List View
[2025-11-18T09:26:50.518Z] [DEBUG] Clicked on element all Clients In List View
[2025-11-18T09:26:50.584Z] [INFO] Clicking on element global Search Button
[2025-11-18T09:26:52.129Z] [DEBUG] Clicked on element global Search Button
[2025-11-18T09:26:52.417Z] [INFO] Sending text '1031 Exchange Corporation' to global Search Input
[2025-11-18T09:26:52.869Z] [DEBUG] Sent text '1031 Exchange Corporation' to global Search Input
[2025-11-18T09:26:53.896Z] [INFO] Clicking on element global Search Result
[2025-11-18T09:26:54.347Z] [DEBUG] Clicked on element global Search Result
[2025-11-18T09:26:54.349Z] [INFO] AccountPage: Validating account record type: Client
[2025-11-18T09:26:58.685Z] [INFO] AccountPage: Account record type 'Client' is visible.
[2025-11-18T09:26:58.688Z] [INFO] Clicking on element new Opportunity Button
[2025-11-18T09:27:01.369Z] [DEBUG] Clicked on element new Opportunity Button
[2025-11-18T09:27:01.371Z] [INFO] Clicking on element intial Intake Button
[2025-11-18T09:27:02.664Z] [DEBUG] Clicked on element intial Intake Button
[2025-11-18T09:27:02.666Z] [INFO] Clicking on element opportunity Next Button
[2025-11-18T09:27:03.252Z] [DEBUG] Clicked on element opportunity Next Button
[2025-11-18T09:27:05.023Z] [INFO] Sending text 'auto velbw' to opportunity Name
[2025-11-18T09:27:05.601Z] [DEBUG] Sent text 'auto velbw' to opportunity Name
[2025-11-18T09:27:05.677Z] [INFO] Clicking on element stage DropDown
[2025-11-18T09:27:06.226Z] [DEBUG] Clicked on element stage DropDown
[2025-11-18T09:27:06.344Z] [INFO] Clicking on element stage Value
[2025-11-18T09:27:06.797Z] [DEBUG] Clicked on element stage Value
[2025-11-18T09:27:07.289Z] [INFO] Clicking on element insurance Sub Type Drop Down
[2025-11-18T09:27:07.779Z] [DEBUG] Clicked on element insurance Sub Type Drop Down
[2025-11-18T09:27:07.781Z] [INFO] Clicking on element insurance Type field
[2025-11-18T09:27:08.301Z] [DEBUG] Clicked on element insurance Type field
[2025-11-18T09:27:10.384Z] [INFO] Clicking on element save Button
[2025-11-18T09:27:10.842Z] [DEBUG] Clicked on element save Button
[2025-11-18T09:27:14.731Z] [INFO] Clicking on element show More Actions DropDown
[2025-11-18T09:27:15.445Z] [DEBUG] Clicked on element show More Actions DropDown
[2025-11-18T09:27:15.447Z] [INFO] Clicking on element manage Opportunity Assignment Option
[2025-11-18T09:27:16.077Z] [DEBUG] Clicked on element manage Opportunity Assignment Option
[2025-11-18T09:27:16.478Z] [INFO] Clicking on element Add Assignment Button
[2025-11-18T09:27:18.570Z] [DEBUG] Clicked on element Add Assignment Button
[2025-11-18T09:27:18.828Z] [INFO] Clicking on element Add Assignment Button
[2025-11-18T09:27:19.406Z] [DEBUG] Clicked on element Add Assignment Button
[2025-11-18T09:27:19.408Z] [INFO] Sending text 'Patricia Urraca' to Add Assignment Button
[2025-11-18T09:27:20.085Z] [DEBUG] Sent text 'Patricia Urraca' to Add Assignment Button
[2025-11-18T09:27:20.087Z] [INFO] Clicking on element personNameInList
[2025-11-18T09:27:21.454Z] [DEBUG] Clicked on element personNameInList
[2025-11-18T09:27:21.455Z] [INFO] Clicking on element Service LeadCheckBox
[2025-11-18T09:27:22.096Z] [DEBUG] Clicked on element Service LeadCheckBox
[2025-11-18T09:27:22.243Z] [INFO] Sending text '100' to Primary Producer Allocation TextBox
[2025-11-18T09:27:22.710Z] [DEBUG] Sent text '100' to Primary Producer Allocation TextBox
[2025-11-18T09:27:22.712Z] [INFO] Clicking on element SaveAndClose Button
[2025-11-18T09:27:23.314Z] [DEBUG] Clicked on element SaveAndClose Button
[2025-11-18T09:27:23.317Z] [INFO] Clicking on element edit Button
[2025-11-18T09:27:25.761Z] [DEBUG] Clicked on element edit Button
[2025-11-18T09:27:29.085Z] [INFO] Sending text '11/18/2026' to quote DueDate Field
[2025-11-18T09:27:30.053Z] [DEBUG] Sent text '11/18/2026' to quote DueDate Field
[2025-11-18T09:27:30.055Z] [INFO] Sending text '2000' to enterpriseValueField
[2025-11-18T09:27:30.684Z] [DEBUG] Sent text '2000' to enterpriseValueField
[2025-11-18T09:27:30.685Z] [INFO] Sending text 'Goldman Sachs Asset Management' to target Field
[2025-11-18T09:27:31.265Z] [DEBUG] Sent text 'Goldman Sachs Asset Management' to target Field
[2025-11-18T09:27:31.267Z] [INFO] Sending text 'This target company provides healthcare laundry services in the U.S.' to target Description Field
[2025-11-18T09:27:31.737Z] [DEBUG] Sent text 'This target company provides healthcare laundry services in the U.S.' to target Description Field
[2025-11-18T09:27:31.739Z] [INFO] Clicking on element quote DueTime DropDown
[2025-11-18T09:27:32.279Z] [DEBUG] Clicked on element quote DueTime DropDown
[2025-11-18T09:27:32.490Z] [INFO] Clicking on element quote DueTime Value
[2025-11-18T09:27:33.094Z] [DEBUG] Clicked on element quote DueTime Value
[2025-11-18T09:27:33.096Z] [INFO] Clicking on element sellers Idemnity
[2025-11-18T09:27:33.624Z] [DEBUG] Clicked on element sellers Idemnity
[2025-11-18T09:27:33.625Z] [INFO] Clicking on element sellers Idemnity Value
[2025-11-18T09:27:34.134Z] [DEBUG] Clicked on element sellers Idemnity Value
[2025-11-18T09:27:34.136Z] [INFO] Clicking on element buyers Council DropDown
[2025-11-18T09:27:35.106Z] [DEBUG] Clicked on element buyers Council DropDown
[2025-11-18T09:27:35.108Z] [INFO] Clicking on element buyers Council DropDown Value
[2025-11-18T09:27:35.881Z] [DEBUG] Clicked on element buyers Council DropDown Value
[2025-11-18T09:27:35.883Z] [INFO] Sending text '103' to limit Requested
[2025-11-18T09:27:36.351Z] [DEBUG] Sent text '103' to limit Requested
[2025-11-18T09:27:36.354Z] [INFO] Clicking on element save Button
[2025-11-18T09:27:37.063Z] [DEBUG] Clicked on element save Button
[2025-11-18T09:27:37.066Z] [INFO] Clicking on element edit Button
[2025-11-18T09:27:42.148Z] [DEBUG] Clicked on element edit Button
[2025-11-18T09:27:43.005Z] [INFO] Sending text '35' to rollover Percentage
[2025-11-18T09:27:44.201Z] [DEBUG] Sent text '35' to rollover Percentage
[2025-11-18T09:27:44.205Z] [INFO] Sending text 'Test Purchase Agreement' to purchase Agreement
[2025-11-18T09:27:45.489Z] [DEBUG] Sent text 'Test Purchase Agreement' to purchase Agreement
[2025-11-18T09:27:45.491Z] [INFO] Clicking on element sellers Council DropDown
[2025-11-18T09:27:46.307Z] [DEBUG] Clicked on element sellers Council DropDown
[2025-11-18T09:27:46.308Z] [INFO] Clicking on element sellers Council Value
[2025-11-18T09:27:47.041Z] [DEBUG] Clicked on element sellers Council Value
[2025-11-18T09:27:47.042Z] [INFO] Sending text '500' to limit Requested2
[2025-11-18T09:27:47.679Z] [DEBUG] Sent text '500' to limit Requested2
[2025-11-18T09:27:47.681Z] [INFO] Clicking on element limit Comments
[2025-11-18T09:27:48.259Z] [DEBUG] Clicked on element limit Comments
[2025-11-18T09:27:48.262Z] [INFO] Sending text 'Test limit Comments' to limit Comments
[2025-11-18T09:27:48.893Z] [DEBUG] Sent text 'Test limit Comments' to limit Comments
[2025-11-18T09:27:48.895Z] [INFO] Clicking on element other Requested Terms
[2025-11-18T09:27:49.509Z] [DEBUG] Clicked on element other Requested Terms
[2025-11-18T09:27:49.511Z] [INFO] Sending text 'Test other requested terms' to other Requested Terms
[2025-11-18T09:27:50.307Z] [DEBUG] Sent text 'Test other requested terms' to other Requested Terms
[2025-11-18T09:27:50.312Z] [INFO] Clicking on element draft Purchase Agreement CheckBox
[2025-11-18T09:27:51.095Z] [DEBUG] Clicked on element draft Purchase Agreement CheckBox
[2025-11-18T09:27:51.100Z] [INFO] Clicking on element type Of Financials DropDown
[2025-11-18T09:27:51.810Z] [DEBUG] Clicked on element type Of Financials DropDown
[2025-11-18T09:27:51.814Z] [INFO] Clicking on element type Of Financials Value
[2025-11-18T09:27:52.780Z] [DEBUG] Clicked on element type Of Financials Value
[2025-11-18T09:27:52.783Z] [INFO] Clicking on element deal Book CheckBox
[2025-11-18T09:27:53.342Z] [DEBUG] Clicked on element deal Book CheckBox
[2025-11-18T09:27:53.345Z] [INFO] Clicking on element legal DropDown
[2025-11-18T09:27:54.476Z] [DEBUG] Clicked on element legal DropDown
[2025-11-18T09:27:54.479Z] [INFO] Clicking on element legal Value
[2025-11-18T09:27:55.697Z] [DEBUG] Clicked on element legal Value
[2025-11-18T09:27:55.700Z] [INFO] Clicking on element financial DropDown
[2025-11-18T09:27:56.719Z] [DEBUG] Clicked on element financial DropDown
[2025-11-18T09:27:56.889Z] [INFO] Clicking on element financial Value
[2025-11-18T09:27:57.812Z] [DEBUG] Clicked on element financial Value
[2025-11-18T09:27:57.814Z] [INFO] Clicking on element tax DropDown
[2025-11-18T09:27:58.854Z] [DEBUG] Clicked on element tax DropDown
[2025-11-18T09:27:58.859Z] [INFO] Clicking on element tax Value
[2025-11-18T09:27:59.832Z] [DEBUG] Clicked on element tax Value
[2025-11-18T09:27:59.834Z] [INFO] Clicking on element save Button
[2025-11-18T09:28:00.953Z] [DEBUG] Clicked on element save Button
[2025-11-18T09:28:01.268Z] [INFO] Clicking on element global Search Button
[2025-11-18T09:28:03.876Z] [DEBUG] Clicked on element global Search Button
[2025-11-18T09:28:03.977Z] [INFO] Sending text 'AIG Specialty Insurance Company' to global Search Input
[2025-11-18T09:28:04.272Z] [DEBUG] Sent text 'AIG Specialty Insurance Company' to global Search Input
[2025-11-18T09:28:05.783Z] [INFO] Clicking on element global Search Result
[2025-11-18T09:28:06.493Z] [DEBUG] Clicked on element global Search Result
[2025-11-18T09:28:09.866Z] [INFO] Clicking on element taxCarriers Header
[2025-11-18T09:28:10.431Z] [DEBUG] Clicked on element taxCarriers Header
[2025-11-18T09:28:11.181Z] [INFO] Clicking on element Close Last Account Tab
[2025-11-18T09:28:11.729Z] [DEBUG] Clicked on element Close Last Account Tab
[2025-11-18T09:28:11.733Z] [INFO] Clicking on element opportunity Tab
[2025-11-18T09:28:12.692Z] [DEBUG] Clicked on element opportunity Tab
[2025-11-18T09:28:12.858Z] [INFO] Clicking on element NBIL New Button
[2025-11-18T09:28:13.756Z] [DEBUG] Clicked on element NBIL New Button
[2025-11-18T09:28:16.182Z] [INFO] Clicking on element all Carriers Value 
[2025-11-18T09:28:16.694Z] [DEBUG] Clicked on element all Carriers Value 
[2025-11-18T09:28:16.982Z] [INFO] Clicking on element nbilNextButton
[2025-11-18T09:28:17.340Z] [DEBUG] Clicked on element nbilNextButton
[2025-11-18T09:28:17.344Z] [INFO] Sending text 'nuguri.charitha@us.lockton.com' to email Id
[2025-11-18T09:28:24.483Z] [DEBUG] Sent text 'nuguri.charitha@us.lockton.com' to email Id
[2025-11-18T09:28:24.628Z] [INFO] Subject field is validated successfully with opportunity name.
[2025-11-18T09:28:29.993Z] [INFO] Clicking on element Done Button
[2025-11-18T09:28:30.466Z] [DEBUG] Clicked on element Done Button
[2025-11-18T09:28:36.319Z] [INFO] Clicking on element Done Button
[2025-11-18T09:28:36.791Z] [DEBUG] Clicked on element Done Button
[2025-11-18T09:28:42.651Z] [INFO] Clicking on element Done Button
[2025-11-18T09:28:43.027Z] [DEBUG] Clicked on element Done Button
[2025-11-18T09:28:43.679Z] [INFO] Clicking on element Previous Button
[2025-11-18T09:28:44.061Z] [DEBUG] Clicked on element Previous Button
[2025-11-18T09:28:46.144Z] [INFO] Clicking on element Next Button
[2025-11-18T09:28:46.555Z] [DEBUG] Clicked on element Next Button
[2025-11-18T09:28:49.972Z] [INFO] Sending text 'nuguri.charitha@us.lockton.com' to email Id
[2025-11-18T09:28:50.429Z] [DEBUG] Sent text 'nuguri.charitha@us.lockton.com' to email Id
[2025-11-18T09:28:55.825Z] [INFO] Clicking on element Done Button
[2025-11-18T09:28:56.288Z] [DEBUG] Clicked on element Done Button
[2025-11-18T09:29:02.395Z] [INFO] Clicking on element Done Button
[2025-11-18T09:29:02.797Z] [DEBUG] Clicked on element Done Button
[2025-11-18T09:29:08.853Z] [INFO] Clicking on element Done Button
[2025-11-18T09:29:09.352Z] [DEBUG] Clicked on element Done Button
[2025-11-18T09:29:15.800Z] [INFO] Clicking on element Done Button
[2025-11-18T09:29:16.419Z] [DEBUG] Clicked on element Done Button
[2025-11-18T09:29:18.770Z] [INFO] Clicking on element Close Duplicate Error Button
[2025-11-18T09:29:19.115Z] [DEBUG] Clicked on element Close Duplicate Error Button
[2025-11-18T09:29:19.313Z] [INFO] Clicking on element Delete file button
[2025-11-18T09:29:19.884Z] [DEBUG] Clicked on element Delete file button
[2025-11-18T09:29:20.056Z] [INFO] Clicking on element preview Text
[2025-11-18T09:29:20.912Z] [DEBUG] Clicked on element preview Text
[2025-11-18T09:29:26.381Z] [INFO] Sending text 'nuguri.charitha@us.lockton.com.uat' to cc Field Locator
[2025-11-18T09:29:27.106Z] [DEBUG] Sent text 'nuguri.charitha@us.lockton.com.uat' to cc Field Locator
[2025-11-18T09:29:27.114Z] [INFO] Clicking on element send Button
[2025-11-18T09:29:27.889Z] [DEBUG] Clicked on element send Button
[2025-11-18T09:29:31.973Z] [INFO] Clicking on element successWindow Close Button
[2025-11-18T09:29:32.679Z] [DEBUG] Clicked on element successWindow Close Button
[2025-11-18T09:29:35.265Z] [INFO] Clicking on element activity Tab
[2025-11-18T09:29:41.482Z] [DEBUG] Clicked on element activity Tab
[2025-11-18T09:29:42.381Z] [INFO] Clicking on element Email Request Sent Link
[2025-11-18T09:29:42.751Z] [DEBUG] Clicked on element Email Request Sent Link
[2025-11-18T09:29:42.754Z] [INFO] Clicking on element Email Details Tab
[2025-11-18T09:29:45.986Z] [DEBUG] Clicked on element Email Details Tab
[2025-11-18T09:29:45.994Z] [INFO] Clicking on element Email Details Tab
[2025-11-18T09:29:46.330Z] [DEBUG] Clicked on element Email Details Tab
[2025-11-18T09:29:47.563Z] [INFO] Clicking on element Close NBIL Sub Tab
[2025-11-18T09:29:48.637Z] [DEBUG] Clicked on element Close NBIL Sub Tab
[2025-11-18T09:29:49.099Z] [INFO] Clicking on element activity Tab
[2025-11-18T09:29:49.460Z] [DEBUG] Clicked on element activity Tab
[2025-11-18T09:29:49.757Z] [INFO] Scrolling attempt 1
[2025-11-18T09:29:50.467Z] [INFO] Scrolling attempt 2
[2025-11-18T09:29:51.354Z] [INFO] Element became visible during scroll.
[2025-11-18T09:29:53.557Z] [INFO] Clicking on element View All Files Button
[2025-11-18T09:29:54.343Z] [DEBUG] Clicked on element View All Files Button
[2025-11-18T09:29:57.732Z] [INFO] Clicking on element Close Files Sub Tab
[2025-11-18T09:29:58.122Z] [DEBUG] Clicked on element Close Files Sub Tab
[2025-11-18T09:29:58.507Z] [INFO] Clicking on element NBIL New Button
[2025-11-18T09:29:59.168Z] [DEBUG] Clicked on element NBIL New Button
[2025-11-18T09:30:01.410Z] [INFO] Clicking on element all Carriers Value 
[2025-11-18T09:30:01.750Z] [DEBUG] Clicked on element all Carriers Value 
[2025-11-18T09:30:01.918Z] [INFO] Clicking on element nbilNextButton
[2025-11-18T09:30:02.284Z] [DEBUG] Clicked on element nbilNextButton
[2025-11-18T09:30:02.291Z] [INFO] Sending text 'nuguri.charitha@us.lockton.com.uat' to email Id
[2025-11-18T09:30:04.346Z] [DEBUG] Sent text 'nuguri.charitha@us.lockton.com.uat' to email Id
[2025-11-18T09:30:09.557Z] [INFO] Clicking on element Done Button
[2025-11-18T09:30:09.818Z] [DEBUG] Clicked on element Done Button
[2025-11-18T09:30:15.601Z] [INFO] Clicking on element Done Button
[2025-11-18T09:30:16.006Z] [DEBUG] Clicked on element Done Button
[2025-11-18T09:30:16.635Z] [INFO] Clicking on element Close NDA/NBIL Flow Button
[2025-11-18T09:30:16.897Z] [DEBUG] Clicked on element Close NDA/NBIL Flow Button
[2025-11-18T09:30:20.082Z] [INFO] Element became visible during scroll.
[2025-11-18T09:30:22.237Z] [INFO] Clicking on element View All Files Button
[2025-11-18T09:30:22.648Z] [DEBUG] Clicked on element View All Files Button
[2025-11-18T09:30:25.805Z] [INFO] Clicking on element Close Files Sub Tab
[2025-11-18T09:30:26.052Z] [DEBUG] Clicked on element Close Files Sub Tab
[2025-11-18T09:30:26.338Z] [INFO] Clicking on element NBIL New Button
[2025-11-18T09:30:26.721Z] [DEBUG] Clicked on element NBIL New Button
[2025-11-18T09:30:28.890Z] [INFO] Clicking on element all Carriers Value 
[2025-11-18T09:30:29.214Z] [DEBUG] Clicked on element all Carriers Value 
[2025-11-18T09:30:29.353Z] [INFO] Clicking on element nbilNextButton
[2025-11-18T09:30:29.684Z] [DEBUG] Clicked on element nbilNextButton
[2025-11-18T09:30:29.689Z] [INFO] Sending text 'nuguri.charitha@us.lockton.com' to email Id
[2025-11-18T09:30:31.377Z] [DEBUG] Sent text 'nuguri.charitha@us.lockton.com' to email Id
[2025-11-18T09:30:31.507Z] [INFO] Subject field is validated successfully with opportunity name.
[2025-11-18T09:30:36.859Z] [INFO] Clicking on element Done Button
[2025-11-18T09:30:37.267Z] [DEBUG] Clicked on element Done Button
[2025-11-18T09:30:43.063Z] [INFO] Clicking on element Done Button
[2025-11-18T09:30:43.317Z] [DEBUG] Clicked on element Done Button
[2025-11-18T09:30:49.000Z] [INFO] Clicking on element Done Button
[2025-11-18T09:30:49.288Z] [DEBUG] Clicked on element Done Button
[2025-11-18T09:30:49.833Z] [INFO] Clicking on element Previous Button
[2025-11-18T09:30:50.114Z] [DEBUG] Clicked on element Previous Button
[2025-11-18T09:30:52.162Z] [INFO] Clicking on element Next Button
[2025-11-18T09:30:52.434Z] [DEBUG] Clicked on element Next Button
[2025-11-18T09:30:55.591Z] [INFO] Sending text 'nuguri.charitha@us.lockton.com' to email Id
[2025-11-18T09:30:55.845Z] [DEBUG] Sent text 'nuguri.charitha@us.lockton.com' to email Id
[2025-11-18T09:31:01.111Z] [INFO] Clicking on element Done Button
[2025-11-18T09:31:01.576Z] [DEBUG] Clicked on element Done Button
[2025-11-18T09:31:07.228Z] [INFO] Clicking on element Done Button
[2025-11-18T09:31:07.533Z] [DEBUG] Clicked on element Done Button
[2025-11-18T09:31:13.303Z] [INFO] Clicking on element Done Button
[2025-11-18T09:31:13.704Z] [DEBUG] Clicked on element Done Button
[2025-11-18T09:31:19.555Z] [INFO] Clicking on element Done Button
[2025-11-18T09:31:19.972Z] [DEBUG] Clicked on element Done Button
[2025-11-18T09:31:22.274Z] [INFO] Clicking on element Close Duplicate Error Button
[2025-11-18T09:31:22.703Z] [DEBUG] Clicked on element Close Duplicate Error Button
[2025-11-18T09:31:22.834Z] [INFO] Clicking on element Delete file button
[2025-11-18T09:31:23.213Z] [DEBUG] Clicked on element Delete file button
[2025-11-18T09:31:23.267Z] [INFO] Clicking on element preview Text
[2025-11-18T09:31:23.636Z] [DEBUG] Clicked on element preview Text
[2025-11-18T09:31:25.975Z] [INFO] Sending text 'This is to inform you that the NBIL request email body has been updated with new Test Information.' to email Body Locator
[2025-11-18T09:31:26.296Z] [DEBUG] Sent text 'This is to inform you that the NBIL request email body has been updated with new Test Information.' to email Body Locator
[2025-11-18T09:31:26.308Z] [INFO] Clicking on element send Button
[2025-11-18T09:31:26.684Z] [DEBUG] Clicked on element send Button
[2025-11-18T09:31:30.684Z] [INFO] Clicking on element successWindow Close Button
[2025-11-18T09:31:30.984Z] [DEBUG] Clicked on element successWindow Close Button
[2025-11-18T09:31:33.994Z] [INFO] Clicking on element activity Tab
[2025-11-18T09:31:38.546Z] [DEBUG] Clicked on element activity Tab
[2025-11-18T09:31:38.949Z] [INFO] Clicking on element Email Request Sent Link
[2025-11-18T09:31:40.571Z] [DEBUG] Clicked on element Email Request Sent Link
[2025-11-18T09:31:40.576Z] [INFO] Clicking on element Email Details Tab
[2025-11-18T09:31:42.974Z] [DEBUG] Clicked on element Email Details Tab
[2025-11-18T09:31:42.980Z] [INFO] Clicking on element Email Details Tab
[2025-11-18T09:31:43.266Z] [DEBUG] Clicked on element Email Details Tab
[2025-11-18T09:31:43.868Z] [INFO] Clicking on element Close NBIL Sub Tab
[2025-11-18T09:31:44.285Z] [DEBUG] Clicked on element Close NBIL Sub Tab
[2025-11-18T09:31:44.629Z] [INFO] Clicking on element activity Tab
[2025-11-18T09:31:44.922Z] [DEBUG] Clicked on element activity Tab
[2025-11-18T09:31:45.377Z] [INFO] Scrolling attempt 1
[2025-11-18T09:31:46.123Z] [INFO] Scrolling attempt 2
[2025-11-18T09:31:46.943Z] [INFO] Element became visible during scroll.
[2025-11-18T09:31:49.141Z] [INFO] Clicking on element View All Files Button
[2025-11-18T09:31:49.692Z] [DEBUG] Clicked on element View All Files Button
[2025-11-18T09:31:52.923Z] [INFO] Clicking on element Close Files Sub Tab
[2025-11-18T09:31:53.243Z] [DEBUG] Clicked on element Close Files Sub Tab
[2025-11-18T09:31:53.527Z] [INFO] Clicking on element NBIL New Button
[2025-11-18T09:31:54.113Z] [DEBUG] Clicked on element NBIL New Button
[2025-11-18T09:31:56.295Z] [INFO] Clicking on element all Carriers Value 
[2025-11-18T09:31:56.687Z] [DEBUG] Clicked on element all Carriers Value 
[2025-11-18T09:31:56.875Z] [INFO] Clicking on element nbilNextButton
[2025-11-18T09:31:57.204Z] [DEBUG] Clicked on element nbilNextButton
[2025-11-18T09:31:57.211Z] [INFO] Sending text 'nuguri.charitha@us.lockton.com.uat' to email Id
[2025-11-18T09:31:58.946Z] [DEBUG] Sent text 'nuguri.charitha@us.lockton.com.uat' to email Id
[2025-11-18T09:32:04.201Z] [INFO] Clicking on element Done Button
[2025-11-18T09:32:04.330Z] [ERROR] Failed to click on element Done Button: Error: Element is not enabled and cannot be clicked
[2025-11-18T09:32:28.983Z] [INFO] Sending text 'nuguri.charitha@us.lockton.com.uat' to username Input Value
[2025-11-18T09:32:29.471Z] [DEBUG] Sent text 'nuguri.charitha@us.lockton.com.uat' to username Input Value
[2025-11-18T09:32:29.479Z] [INFO] Sending text 'Charitha@48' to password Input Value
[2025-11-18T09:32:29.658Z] [DEBUG] Sent text 'Charitha@48' to password Input Value
[2025-11-18T09:32:29.664Z] [INFO] Clicking on element login Button
[2025-11-18T09:32:31.625Z] [DEBUG] Clicked on element login Button
[2025-11-18T09:32:37.481Z] [INFO] Clicking on element setUp Icon
[2025-11-18T09:32:37.683Z] [DEBUG] Clicked on element setUp Icon
[2025-11-18T09:32:42.669Z] [INFO] Clicking on element user Search Result
[2025-11-18T09:32:46.445Z] [DEBUG] Clicked on element user Search Result
[2025-11-18T09:33:04.010Z] [INFO] Clicking on element show Navigation Menu
[2025-11-18T09:33:04.317Z] [DEBUG] Clicked on element show Navigation Menu
[2025-11-18T09:33:04.362Z] [INFO] Clicking on element accounts Menu Item
[2025-11-18T09:33:04.639Z] [DEBUG] Clicked on element accounts Menu Item
[2025-11-18T09:33:06.069Z] [INFO] Clicking on element list View Element
[2025-11-18T09:33:06.324Z] [DEBUG] Clicked on element list View Element
[2025-11-18T09:33:06.364Z] [INFO] Sending text 'All Clients' to searchBox ListViewInput
[2025-11-18T09:33:06.515Z] [DEBUG] Sent text 'All Clients' to searchBox ListViewInput
[2025-11-18T09:33:06.575Z] [INFO] Clicking on element all Clients In List View
[2025-11-18T09:33:06.861Z] [DEBUG] Clicked on element all Clients In List View
[2025-11-18T09:33:06.897Z] [INFO] Clicking on element global Search Button
[2025-11-18T09:33:07.272Z] [DEBUG] Clicked on element global Search Button
[2025-11-18T09:33:07.315Z] [INFO] Sending text '1031 Exchange Corporation' to global Search Input
[2025-11-18T09:33:07.883Z] [DEBUG] Sent text '1031 Exchange Corporation' to global Search Input
[2025-11-18T09:33:08.842Z] [INFO] Clicking on element global Search Result
[2025-11-18T09:33:09.104Z] [DEBUG] Clicked on element global Search Result
[2025-11-18T09:33:09.109Z] [INFO] AccountPage: Validating account record type: Client
[2025-11-18T09:33:13.229Z] [INFO] AccountPage: Account record type 'Client' is visible.
[2025-11-18T09:33:13.235Z] [INFO] Clicking on element new Opportunity Button
[2025-11-18T09:33:16.482Z] [DEBUG] Clicked on element new Opportunity Button
[2025-11-18T09:33:16.487Z] [INFO] Clicking on element intial Intake Button
[2025-11-18T09:33:18.130Z] [DEBUG] Clicked on element intial Intake Button
[2025-11-18T09:33:18.134Z] [INFO] Clicking on element opportunity Next Button
[2025-11-18T09:33:18.518Z] [DEBUG] Clicked on element opportunity Next Button
[2025-11-18T09:33:20.572Z] [INFO] Sending text 'auto kvblv' to opportunity Name
[2025-11-18T09:33:20.819Z] [DEBUG] Sent text 'auto kvblv' to opportunity Name
[2025-11-18T09:33:20.882Z] [INFO] Clicking on element stage DropDown
[2025-11-18T09:33:21.201Z] [DEBUG] Clicked on element stage DropDown
[2025-11-18T09:33:21.250Z] [INFO] Clicking on element stage Value
[2025-11-18T09:33:21.523Z] [DEBUG] Clicked on element stage Value
[2025-11-18T09:33:21.796Z] [INFO] Clicking on element insurance Sub Type Drop Down
[2025-11-18T09:33:22.091Z] [DEBUG] Clicked on element insurance Sub Type Drop Down
[2025-11-18T09:33:22.097Z] [INFO] Clicking on element insurance Type field
[2025-11-18T09:33:22.395Z] [DEBUG] Clicked on element insurance Type field
[2025-11-18T09:33:24.457Z] [INFO] Clicking on element save Button
[2025-11-18T09:33:24.802Z] [DEBUG] Clicked on element save Button
[2025-11-18T09:33:28.379Z] [INFO] Clicking on element show More Actions DropDown
[2025-11-18T09:33:28.796Z] [DEBUG] Clicked on element show More Actions DropDown
[2025-11-18T09:33:28.802Z] [INFO] Clicking on element manage Opportunity Assignment Option
[2025-11-18T09:33:29.151Z] [DEBUG] Clicked on element manage Opportunity Assignment Option
[2025-11-18T09:33:29.257Z] [INFO] Clicking on element Add Assignment Button
[2025-11-18T09:33:31.254Z] [DEBUG] Clicked on element Add Assignment Button
[2025-11-18T09:33:31.430Z] [INFO] Clicking on element Add Assignment Button
[2025-11-18T09:33:31.937Z] [DEBUG] Clicked on element Add Assignment Button
[2025-11-18T09:33:31.941Z] [INFO] Sending text 'Patricia Urraca' to Add Assignment Button
[2025-11-18T09:33:32.237Z] [DEBUG] Sent text 'Patricia Urraca' to Add Assignment Button
[2025-11-18T09:33:32.241Z] [INFO] Clicking on element personNameInList
[2025-11-18T09:33:33.442Z] [DEBUG] Clicked on element personNameInList
[2025-11-18T09:33:33.449Z] [INFO] Clicking on element Service LeadCheckBox
[2025-11-18T09:33:33.798Z] [DEBUG] Clicked on element Service LeadCheckBox
[2025-11-18T09:33:33.859Z] [INFO] Sending text '100' to Primary Producer Allocation TextBox
[2025-11-18T09:33:34.124Z] [DEBUG] Sent text '100' to Primary Producer Allocation TextBox
[2025-11-18T09:33:34.128Z] [INFO] Clicking on element SaveAndClose Button
[2025-11-18T09:33:34.455Z] [DEBUG] Clicked on element SaveAndClose Button
[2025-11-18T09:33:34.462Z] [INFO] Clicking on element edit Button
[2025-11-18T09:33:36.546Z] [DEBUG] Clicked on element edit Button
[2025-11-18T09:33:39.381Z] [INFO] Sending text '11/18/2026' to quote DueDate Field
[2025-11-18T09:33:39.969Z] [DEBUG] Sent text '11/18/2026' to quote DueDate Field
[2025-11-18T09:33:39.973Z] [INFO] Sending text '2000' to enterpriseValueField
[2025-11-18T09:33:40.673Z] [DEBUG] Sent text '2000' to enterpriseValueField
[2025-11-18T09:33:40.683Z] [INFO] Sending text 'Goldman Sachs Asset Management' to target Field
[2025-11-18T09:33:41.307Z] [DEBUG] Sent text 'Goldman Sachs Asset Management' to target Field
[2025-11-18T09:33:41.310Z] [INFO] Sending text 'This target company provides healthcare laundry services in the U.S.' to target Description Field
[2025-11-18T09:33:41.926Z] [DEBUG] Sent text 'This target company provides healthcare laundry services in the U.S.' to target Description Field
[2025-11-18T09:33:41.930Z] [INFO] Clicking on element quote DueTime DropDown
[2025-11-18T09:33:42.461Z] [DEBUG] Clicked on element quote DueTime DropDown
[2025-11-18T09:33:42.556Z] [INFO] Clicking on element quote DueTime Value
[2025-11-18T09:33:43.048Z] [DEBUG] Clicked on element quote DueTime Value
[2025-11-18T09:33:43.055Z] [INFO] Clicking on element sellers Idemnity
[2025-11-18T09:33:43.511Z] [DEBUG] Clicked on element sellers Idemnity
[2025-11-18T09:33:43.516Z] [INFO] Clicking on element sellers Idemnity Value
[2025-11-18T09:33:43.949Z] [DEBUG] Clicked on element sellers Idemnity Value
[2025-11-18T09:33:43.957Z] [INFO] Clicking on element buyers Council DropDown
[2025-11-18T09:33:44.788Z] [DEBUG] Clicked on element buyers Council DropDown
[2025-11-18T09:33:44.792Z] [INFO] Clicking on element buyers Council DropDown Value
[2025-11-18T09:33:45.372Z] [DEBUG] Clicked on element buyers Council DropDown Value
[2025-11-18T09:33:45.379Z] [INFO] Sending text '103' to limit Requested
[2025-11-18T09:33:45.894Z] [DEBUG] Sent text '103' to limit Requested
[2025-11-18T09:33:45.899Z] [INFO] Clicking on element save Button
[2025-11-18T09:33:46.441Z] [DEBUG] Clicked on element save Button
[2025-11-18T09:33:46.451Z] [INFO] Clicking on element edit Button
[2025-11-18T09:33:51.439Z] [DEBUG] Clicked on element edit Button
[2025-11-18T09:33:52.560Z] [INFO] Sending text '35' to rollover Percentage
[2025-11-18T09:33:53.802Z] [DEBUG] Sent text '35' to rollover Percentage
[2025-11-18T09:33:53.806Z] [INFO] Sending text 'Test Purchase Agreement' to purchase Agreement
[2025-11-18T09:33:54.589Z] [DEBUG] Sent text 'Test Purchase Agreement' to purchase Agreement
[2025-11-18T09:33:54.593Z] [INFO] Clicking on element sellers Council DropDown
[2025-11-18T09:33:55.293Z] [DEBUG] Clicked on element sellers Council DropDown
[2025-11-18T09:33:55.299Z] [INFO] Clicking on element sellers Council Value
[2025-11-18T09:33:55.915Z] [DEBUG] Clicked on element sellers Council Value
[2025-11-18T09:33:55.920Z] [INFO] Sending text '500' to limit Requested2
[2025-11-18T09:33:56.416Z] [DEBUG] Sent text '500' to limit Requested2
[2025-11-18T09:33:56.419Z] [INFO] Clicking on element limit Comments
[2025-11-18T09:33:56.962Z] [DEBUG] Clicked on element limit Comments
[2025-11-18T09:33:56.965Z] [INFO] Sending text 'Test limit Comments' to limit Comments
[2025-11-18T09:33:57.423Z] [DEBUG] Sent text 'Test limit Comments' to limit Comments
[2025-11-18T09:33:57.430Z] [INFO] Clicking on element other Requested Terms
[2025-11-18T09:33:57.956Z] [DEBUG] Clicked on element other Requested Terms
[2025-11-18T09:33:57.959Z] [INFO] Sending text 'Test other requested terms' to other Requested Terms
[2025-11-18T09:33:58.541Z] [DEBUG] Sent text 'Test other requested terms' to other Requested Terms
[2025-11-18T09:33:58.544Z] [INFO] Clicking on element draft Purchase Agreement CheckBox
[2025-11-18T09:33:59.089Z] [DEBUG] Clicked on element draft Purchase Agreement CheckBox
[2025-11-18T09:33:59.092Z] [INFO] Clicking on element type Of Financials DropDown
[2025-11-18T09:33:59.591Z] [DEBUG] Clicked on element type Of Financials DropDown
[2025-11-18T09:33:59.594Z] [INFO] Clicking on element type Of Financials Value
[2025-11-18T09:34:00.115Z] [DEBUG] Clicked on element type Of Financials Value
[2025-11-18T09:34:00.117Z] [INFO] Clicking on element deal Book CheckBox
[2025-11-18T09:34:00.620Z] [DEBUG] Clicked on element deal Book CheckBox
[2025-11-18T09:34:00.626Z] [INFO] Clicking on element legal DropDown
[2025-11-18T09:34:01.446Z] [DEBUG] Clicked on element legal DropDown
[2025-11-18T09:34:01.449Z] [INFO] Clicking on element legal Value
[2025-11-18T09:34:02.022Z] [DEBUG] Clicked on element legal Value
[2025-11-18T09:34:02.024Z] [INFO] Clicking on element financial DropDown
[2025-11-18T09:34:02.619Z] [DEBUG] Clicked on element financial DropDown
[2025-11-18T09:34:02.737Z] [INFO] Clicking on element financial Value
[2025-11-18T09:34:03.307Z] [DEBUG] Clicked on element financial Value
[2025-11-18T09:34:03.310Z] [INFO] Clicking on element tax DropDown
[2025-11-18T09:34:03.925Z] [DEBUG] Clicked on element tax DropDown
[2025-11-18T09:34:03.928Z] [INFO] Clicking on element tax Value
[2025-11-18T09:34:04.545Z] [DEBUG] Clicked on element tax Value
[2025-11-18T09:34:04.547Z] [INFO] Clicking on element save Button
[2025-11-18T09:34:05.122Z] [DEBUG] Clicked on element save Button
[2025-11-18T09:34:05.299Z] [INFO] Clicking on element global Search Button
[2025-11-18T09:34:07.470Z] [DEBUG] Clicked on element global Search Button
[2025-11-18T09:34:07.522Z] [INFO] Sending text 'AIG Specialty Insurance Company' to global Search Input
[2025-11-18T09:34:07.742Z] [DEBUG] Sent text 'AIG Specialty Insurance Company' to global Search Input
[2025-11-18T09:34:08.687Z] [INFO] Clicking on element global Search Result
[2025-11-18T09:34:08.972Z] [DEBUG] Clicked on element global Search Result
[2025-11-18T09:34:11.863Z] [INFO] Clicking on element taxCarriers Header
[2025-11-18T09:34:12.400Z] [DEBUG] Clicked on element taxCarriers Header
[2025-11-18T09:34:12.911Z] [INFO] Clicking on element Close Last Account Tab
[2025-11-18T09:34:13.215Z] [DEBUG] Clicked on element Close Last Account Tab
[2025-11-18T09:34:13.219Z] [INFO] Clicking on element opportunity Tab
[2025-11-18T09:34:13.818Z] [DEBUG] Clicked on element opportunity Tab
[2025-11-18T09:34:13.927Z] [INFO] Clicking on element NBIL New Button
[2025-11-18T09:34:14.385Z] [DEBUG] Clicked on element NBIL New Button
[2025-11-18T09:34:16.675Z] [INFO] Clicking on element all Carriers Value 
[2025-11-18T09:34:16.962Z] [DEBUG] Clicked on element all Carriers Value 
[2025-11-18T09:34:17.137Z] [INFO] Clicking on element nbilNextButton
[2025-11-18T09:34:17.418Z] [DEBUG] Clicked on element nbilNextButton
[2025-11-18T09:34:17.421Z] [INFO] Sending text 'nuguri.charitha@us.lockton.com' to email Id
[2025-11-18T09:34:19.542Z] [DEBUG] Sent text 'nuguri.charitha@us.lockton.com' to email Id
[2025-11-18T09:34:19.636Z] [INFO] Subject field is validated successfully with opportunity name.
[2025-11-18T09:34:24.860Z] [INFO] Clicking on element Done Button
[2025-11-18T09:34:25.378Z] [DEBUG] Clicked on element Done Button
[2025-11-18T09:34:31.161Z] [INFO] Clicking on element Done Button
[2025-11-18T09:34:31.473Z] [DEBUG] Clicked on element Done Button
[2025-11-18T09:34:37.372Z] [INFO] Clicking on element Done Button
[2025-11-18T09:34:37.658Z] [DEBUG] Clicked on element Done Button
[2025-11-18T09:34:38.237Z] [INFO] Clicking on element Previous Button
[2025-11-18T09:34:38.509Z] [DEBUG] Clicked on element Previous Button
[2025-11-18T09:34:40.552Z] [INFO] Clicking on element Next Button
[2025-11-18T09:34:40.873Z] [DEBUG] Clicked on element Next Button
[2025-11-18T09:34:44.059Z] [INFO] Sending text 'nuguri.charitha@us.lockton.com' to email Id
[2025-11-18T09:34:44.319Z] [DEBUG] Sent text 'nuguri.charitha@us.lockton.com' to email Id
[2025-11-18T09:34:49.608Z] [INFO] Clicking on element Done Button
[2025-11-18T09:34:50.068Z] [DEBUG] Clicked on element Done Button
[2025-11-18T09:34:55.824Z] [INFO] Clicking on element Done Button
[2025-11-18T09:34:56.157Z] [DEBUG] Clicked on element Done Button
[2025-11-18T09:35:02.440Z] [INFO] Clicking on element Done Button
[2025-11-18T09:35:02.782Z] [DEBUG] Clicked on element Done Button
[2025-11-18T09:35:08.877Z] [INFO] Clicking on element Done Button
[2025-11-18T09:35:09.288Z] [DEBUG] Clicked on element Done Button
[2025-11-18T09:35:11.580Z] [INFO] Clicking on element Close Duplicate Error Button
[2025-11-18T09:35:11.920Z] [DEBUG] Clicked on element Close Duplicate Error Button
[2025-11-18T09:35:12.054Z] [INFO] Clicking on element Delete file button
[2025-11-18T09:35:12.379Z] [DEBUG] Clicked on element Delete file button
[2025-11-18T09:35:12.440Z] [INFO] Clicking on element preview Text
[2025-11-18T09:35:12.775Z] [DEBUG] Clicked on element preview Text
[2025-11-18T09:35:14.871Z] [INFO] Sending text 'nuguri.charitha@us.lockton.com.uat' to cc Field Locator
[2025-11-18T09:35:15.139Z] [DEBUG] Sent text 'nuguri.charitha@us.lockton.com.uat' to cc Field Locator
[2025-11-18T09:35:15.147Z] [INFO] Clicking on element send Button
[2025-11-18T09:35:15.456Z] [DEBUG] Clicked on element send Button
[2025-11-18T09:35:19.471Z] [INFO] Clicking on element successWindow Close Button
[2025-11-18T09:35:19.896Z] [DEBUG] Clicked on element successWindow Close Button
[2025-11-18T09:35:20.985Z] [INFO] Clicking on element activity Tab
[2025-11-18T09:35:24.516Z] [DEBUG] Clicked on element activity Tab
[2025-11-18T09:35:24.783Z] [INFO] Clicking on element Email Request Sent Link
[2025-11-18T09:35:25.050Z] [DEBUG] Clicked on element Email Request Sent Link
[2025-11-18T09:35:25.055Z] [INFO] Clicking on element Email Details Tab
[2025-11-18T09:35:27.411Z] [DEBUG] Clicked on element Email Details Tab
[2025-11-18T09:35:27.416Z] [INFO] Clicking on element Email Details Tab
[2025-11-18T09:35:27.590Z] [DEBUG] Clicked on element Email Details Tab
[2025-11-18T09:35:28.412Z] [INFO] Clicking on element Close NBIL Sub Tab
[2025-11-18T09:35:28.970Z] [DEBUG] Clicked on element Close NBIL Sub Tab
[2025-11-18T09:35:29.221Z] [INFO] Clicking on element activity Tab
[2025-11-18T09:35:29.515Z] [DEBUG] Clicked on element activity Tab
[2025-11-18T09:35:29.600Z] [INFO] Scrolling attempt 1
[2025-11-18T09:35:30.229Z] [INFO] Scrolling attempt 2
[2025-11-18T09:35:30.811Z] [INFO] Element became visible during scroll.
[2025-11-18T09:35:32.908Z] [INFO] Clicking on element View All Files Button
[2025-11-18T09:35:33.204Z] [DEBUG] Clicked on element View All Files Button
[2025-11-18T09:35:36.363Z] [INFO] Clicking on element Close Files Sub Tab
[2025-11-18T09:35:36.603Z] [DEBUG] Clicked on element Close Files Sub Tab
[2025-11-18T09:35:36.880Z] [INFO] Clicking on element NBIL New Button
[2025-11-18T09:35:37.184Z] [DEBUG] Clicked on element NBIL New Button
[2025-11-18T09:35:39.294Z] [INFO] Clicking on element all Carriers Value 
[2025-11-18T09:35:39.564Z] [DEBUG] Clicked on element all Carriers Value 
[2025-11-18T09:35:39.689Z] [INFO] Clicking on element nbilNextButton
[2025-11-18T09:35:39.922Z] [DEBUG] Clicked on element nbilNextButton
[2025-11-18T09:35:39.925Z] [INFO] Sending text 'nuguri.charitha@us.lockton.com.uat' to email Id
[2025-11-18T09:35:41.560Z] [DEBUG] Sent text 'nuguri.charitha@us.lockton.com.uat' to email Id
[2025-11-18T09:35:46.730Z] [INFO] Clicking on element Done Button
[2025-11-18T09:35:46.945Z] [DEBUG] Clicked on element Done Button
[2025-11-18T09:35:52.560Z] [INFO] Clicking on element Done Button
[2025-11-18T09:35:52.724Z] [DEBUG] Clicked on element Done Button
[2025-11-18T09:35:53.344Z] [INFO] Clicking on element Close NDA/NBIL Flow Button
[2025-11-18T09:35:53.590Z] [DEBUG] Clicked on element Close NDA/NBIL Flow Button
[2025-11-18T09:35:56.728Z] [INFO] Element became visible during scroll.
[2025-11-18T09:35:58.828Z] [INFO] Clicking on element View All Files Button
[2025-11-18T09:35:59.183Z] [DEBUG] Clicked on element View All Files Button
[2025-11-18T09:36:02.295Z] [INFO] Clicking on element Close Files Sub Tab
[2025-11-18T09:36:02.496Z] [DEBUG] Clicked on element Close Files Sub Tab
[2025-11-18T09:36:02.712Z] [INFO] Clicking on element NBIL New Button
[2025-11-18T09:36:03.010Z] [DEBUG] Clicked on element NBIL New Button
[2025-11-18T09:36:05.091Z] [INFO] Clicking on element all Carriers Value 
[2025-11-18T09:36:05.254Z] [DEBUG] Clicked on element all Carriers Value 
[2025-11-18T09:36:05.363Z] [INFO] Clicking on element nbilNextButton
[2025-11-18T09:36:05.563Z] [DEBUG] Clicked on element nbilNextButton
[2025-11-18T09:36:05.572Z] [INFO] Sending text 'nuguri.charitha@us.lockton.com' to email Id
[2025-11-18T09:36:07.067Z] [DEBUG] Sent text 'nuguri.charitha@us.lockton.com' to email Id
[2025-11-18T09:36:07.127Z] [INFO] Subject field is validated successfully with opportunity name.
[2025-11-18T09:36:12.302Z] [INFO] Clicking on element Done Button
[2025-11-18T09:36:12.487Z] [DEBUG] Clicked on element Done Button
[2025-11-18T09:36:18.169Z] [INFO] Clicking on element Done Button
[2025-11-18T09:36:18.383Z] [DEBUG] Clicked on element Done Button
[2025-11-18T09:36:23.964Z] [INFO] Clicking on element Done Button
[2025-11-18T09:36:24.188Z] [DEBUG] Clicked on element Done Button
[2025-11-18T09:36:24.743Z] [INFO] Clicking on element Previous Button
[2025-11-18T09:36:24.972Z] [DEBUG] Clicked on element Previous Button
[2025-11-18T09:36:26.994Z] [INFO] Clicking on element Next Button
[2025-11-18T09:36:27.164Z] [DEBUG] Clicked on element Next Button
[2025-11-18T09:36:30.313Z] [INFO] Sending text 'nuguri.charitha@us.lockton.com' to email Id
[2025-11-18T09:36:30.517Z] [DEBUG] Sent text 'nuguri.charitha@us.lockton.com' to email Id
[2025-11-18T09:36:35.811Z] [INFO] Clicking on element Done Button
[2025-11-18T09:36:36.091Z] [DEBUG] Clicked on element Done Button
[2025-11-18T09:36:41.770Z] [INFO] Clicking on element Done Button
[2025-11-18T09:36:42.089Z] [DEBUG] Clicked on element Done Button
[2025-11-18T09:36:47.896Z] [INFO] Clicking on element Done Button
[2025-11-18T09:36:48.247Z] [DEBUG] Clicked on element Done Button
[2025-11-18T09:36:54.151Z] [INFO] Clicking on element Done Button
[2025-11-18T09:36:54.419Z] [DEBUG] Clicked on element Done Button
[2025-11-18T09:36:56.608Z] [INFO] Clicking on element Close Duplicate Error Button
[2025-11-18T09:36:56.936Z] [DEBUG] Clicked on element Close Duplicate Error Button
[2025-11-18T09:36:57.090Z] [INFO] Clicking on element Delete file button
[2025-11-18T09:36:57.443Z] [DEBUG] Clicked on element Delete file button
[2025-11-18T09:36:57.493Z] [INFO] Clicking on element preview Text
[2025-11-18T09:36:57.808Z] [DEBUG] Clicked on element preview Text
[2025-11-18T09:36:59.535Z] [INFO] Sending text 'This is to inform you that the NBIL request email body has been updated with new Test Information.' to email Body Locator
[2025-11-18T09:36:59.874Z] [DEBUG] Sent text 'This is to inform you that the NBIL request email body has been updated with new Test Information.' to email Body Locator
[2025-11-18T09:36:59.884Z] [INFO] Clicking on element send Button
[2025-11-18T09:37:00.164Z] [DEBUG] Clicked on element send Button
[2025-11-18T09:37:04.150Z] [INFO] Clicking on element successWindow Close Button
[2025-11-18T09:37:04.371Z] [DEBUG] Clicked on element successWindow Close Button
[2025-11-18T09:37:05.990Z] [INFO] Clicking on element activity Tab
[2025-11-18T09:37:10.013Z] [DEBUG] Clicked on element activity Tab
[2025-11-18T09:37:10.447Z] [INFO] Clicking on element Email Request Sent Link
[2025-11-18T09:37:11.811Z] [DEBUG] Clicked on element Email Request Sent Link
[2025-11-18T09:37:11.814Z] [INFO] Clicking on element Email Details Tab
[2025-11-18T09:37:13.904Z] [DEBUG] Clicked on element Email Details Tab
[2025-11-18T09:37:13.909Z] [INFO] Clicking on element Email Details Tab
[2025-11-18T09:37:14.420Z] [DEBUG] Clicked on element Email Details Tab
[2025-11-18T09:37:14.705Z] [INFO] Clicking on element Close NBIL Sub Tab
[2025-11-18T09:37:14.974Z] [DEBUG] Clicked on element Close NBIL Sub Tab
[2025-11-18T09:37:15.235Z] [INFO] Clicking on element Opportunity Tab
[2025-11-18T09:37:15.560Z] [DEBUG] Clicked on element Opportunity Tab
[2025-11-18T09:37:15.562Z] [INFO] Clicking on element activity Tab
[2025-11-18T09:37:15.929Z] [DEBUG] Clicked on element activity Tab
[2025-11-18T09:37:16.024Z] [INFO] Scrolling attempt 1
[2025-11-18T09:37:16.655Z] [INFO] Scrolling attempt 2
[2025-11-18T09:37:17.327Z] [INFO] Element became visible during scroll.
[2025-11-18T09:37:19.494Z] [INFO] Clicking on element View All Files Button
[2025-11-18T09:37:19.892Z] [DEBUG] Clicked on element View All Files Button
[2025-11-18T09:37:23.081Z] [INFO] Clicking on element Close Files Sub Tab
[2025-11-18T09:37:23.263Z] [DEBUG] Clicked on element Close Files Sub Tab
[2025-11-18T09:37:23.339Z] [INFO] Clicking on element Opportunity Tab
[2025-11-18T09:37:23.787Z] [DEBUG] Clicked on element Opportunity Tab
[2025-11-18T09:37:23.788Z] [INFO] Clicking on element NBIL New Button
[2025-11-18T09:37:24.240Z] [DEBUG] Clicked on element NBIL New Button
[2025-11-18T09:37:26.509Z] [INFO] Clicking on element all Carriers Value 
[2025-11-18T09:37:26.757Z] [DEBUG] Clicked on element all Carriers Value 
[2025-11-18T09:37:26.913Z] [INFO] Clicking on element nbilNextButton
[2025-11-18T09:37:27.192Z] [DEBUG] Clicked on element nbilNextButton
[2025-11-18T09:37:27.195Z] [INFO] Sending text 'nuguri.charitha@us.lockton.com.uat' to email Id
[2025-11-18T09:37:29.042Z] [DEBUG] Sent text 'nuguri.charitha@us.lockton.com.uat' to email Id
[2025-11-18T09:37:34.435Z] [INFO] Clicking on element Done Button
[2025-11-18T09:37:34.699Z] [DEBUG] Clicked on element Done Button
[2025-11-18T09:37:40.563Z] [INFO] Clicking on element Done Button
[2025-11-18T09:37:40.930Z] [DEBUG] Clicked on element Done Button
[2025-11-18T09:37:41.679Z] [INFO] Clicking on element Close NDA/NBIL Flow Button
[2025-11-18T09:37:42.224Z] [DEBUG] Clicked on element Close NDA/NBIL Flow Button
[2025-11-18T09:37:45.486Z] [INFO] Element became visible during scroll.
[2025-11-18T09:37:47.630Z] [INFO] Clicking on element View All Files Button
[2025-11-18T09:37:48.110Z] [DEBUG] Clicked on element View All Files Button
[2025-11-18T09:37:51.303Z] [INFO] Clicking on element Close Files Sub Tab
[2025-11-18T09:37:51.588Z] [DEBUG] Clicked on element Close Files Sub Tab
[2025-11-18T09:37:51.881Z] [INFO] Clicking on element NBIL New Button
[2025-11-18T09:37:52.297Z] [DEBUG] Clicked on element NBIL New Button
[2025-11-18T09:37:54.507Z] [INFO] Clicking on element all Carriers Value 
[2025-11-18T09:37:54.867Z] [DEBUG] Clicked on element all Carriers Value 
[2025-11-18T09:37:55.006Z] [INFO] Clicking on element nbilNextButton
[2025-11-18T09:37:55.259Z] [DEBUG] Clicked on element nbilNextButton
[2025-11-18T09:37:55.263Z] [INFO] Sending text 'nuguri.charitha@us.lockton.com' to email Id
[2025-11-18T09:37:56.819Z] [DEBUG] Sent text 'nuguri.charitha@us.lockton.com' to email Id
[2025-11-18T09:37:56.892Z] [INFO] Subject field is validated successfully with opportunity name.
[2025-11-18T09:38:02.112Z] [INFO] Clicking on element Done Button
[2025-11-18T09:38:02.352Z] [DEBUG] Clicked on element Done Button
[2025-11-18T09:38:08.226Z] [INFO] Clicking on element Done Button
[2025-11-18T09:38:08.490Z] [DEBUG] Clicked on element Done Button
[2025-11-18T09:38:14.125Z] [INFO] Clicking on element Done Button
[2025-11-18T09:38:14.326Z] [DEBUG] Clicked on element Done Button
[2025-11-18T09:38:14.967Z] [INFO] Clicking on element Previous Button
[2025-11-18T09:38:15.229Z] [DEBUG] Clicked on element Previous Button
[2025-11-18T09:38:17.258Z] [INFO] Clicking on element Next Button
[2025-11-18T09:38:17.429Z] [DEBUG] Clicked on element Next Button
[2025-11-18T09:38:20.540Z] [INFO] Sending text 'nuguri.charitha@us.lockton.com' to email Id
[2025-11-18T09:38:20.729Z] [DEBUG] Sent text 'nuguri.charitha@us.lockton.com' to email Id
[2025-11-18T09:38:25.958Z] [INFO] Clicking on element Done Button
[2025-11-18T09:38:26.163Z] [DEBUG] Clicked on element Done Button
[2025-11-18T09:38:31.841Z] [INFO] Clicking on element Done Button
[2025-11-18T09:38:32.045Z] [DEBUG] Clicked on element Done Button
[2025-11-18T09:38:38.025Z] [INFO] Clicking on element Done Button
[2025-11-18T09:38:38.249Z] [DEBUG] Clicked on element Done Button
[2025-11-18T09:38:44.170Z] [INFO] Clicking on element Done Button
[2025-11-18T09:38:44.438Z] [DEBUG] Clicked on element Done Button
[2025-11-18T09:38:46.600Z] [INFO] Clicking on element Close Duplicate Error Button
[2025-11-18T09:38:46.827Z] [DEBUG] Clicked on element Close Duplicate Error Button
[2025-11-18T09:38:46.921Z] [INFO] Clicking on element Delete file button
[2025-11-18T09:38:47.204Z] [DEBUG] Clicked on element Delete file button
[2025-11-18T09:38:47.243Z] [INFO] Clicking on element preview Text
[2025-11-18T09:38:47.503Z] [DEBUG] Clicked on element preview Text
[2025-11-18T09:38:48.879Z] [INFO] Sending text 'This is to inform you that the NBIL request has been updated with new static Test Information.' to static Carrier Text
[2025-11-18T09:38:49.076Z] [DEBUG] Sent text 'This is to inform you that the NBIL request has been updated with new static Test Information.' to static Carrier Text
[2025-11-18T09:38:49.081Z] [INFO] Clicking on element send Button
[2025-11-18T09:38:49.328Z] [DEBUG] Clicked on element send Button
[2025-11-18T09:38:52.796Z] [INFO] Clicking on element successWindow Close Button
[2025-11-18T09:38:52.953Z] [DEBUG] Clicked on element successWindow Close Button
[2025-11-18T09:38:54.699Z] [INFO] Clicking on element activity Tab
[2025-11-18T09:38:57.912Z] [DEBUG] Clicked on element activity Tab
[2025-11-18T09:38:58.806Z] [INFO] Clicking on element Email Request Sent Link
[2025-11-18T09:38:59.029Z] [DEBUG] Clicked on element Email Request Sent Link
[2025-11-18T09:38:59.034Z] [INFO] Clicking on element Email Details Tab
[2025-11-18T09:39:01.595Z] [DEBUG] Clicked on element Email Details Tab
[2025-11-18T09:39:01.607Z] [INFO] Clicking on element Email Details Tab
[2025-11-18T09:39:01.895Z] [DEBUG] Clicked on element Email Details Tab
[2025-11-18T09:39:02.373Z] [INFO] Clicking on element Close NBIL Sub Tab
[2025-11-18T09:39:03.614Z] [DEBUG] Clicked on element Close NBIL Sub Tab
[2025-11-18T09:39:04.131Z] [INFO] Clicking on element activity Tab
[2025-11-18T09:39:04.503Z] [DEBUG] Clicked on element activity Tab
[2025-11-18T09:39:04.671Z] [INFO] Scrolling attempt 1
[2025-11-18T09:39:05.302Z] [INFO] Scrolling attempt 2
[2025-11-18T09:39:05.970Z] [INFO] Element became visible during scroll.
[2025-11-18T09:39:08.090Z] [INFO] Clicking on element View All Files Button
[2025-11-18T09:39:08.406Z] [DEBUG] Clicked on element View All Files Button
[2025-11-18T09:39:11.624Z] [INFO] Clicking on element Close Files Sub Tab
[2025-11-18T09:39:11.833Z] [DEBUG] Clicked on element Close Files Sub Tab
[2025-11-18T09:39:12.108Z] [INFO] Clicking on element NBIL New Button
[2025-11-18T09:39:12.480Z] [DEBUG] Clicked on element NBIL New Button
[2025-11-18T09:39:14.624Z] [INFO] Clicking on element all Carriers Value 
[2025-11-18T09:39:14.835Z] [DEBUG] Clicked on element all Carriers Value 
[2025-11-18T09:39:14.993Z] [INFO] Clicking on element nbilNextButton
[2025-11-18T09:39:15.211Z] [DEBUG] Clicked on element nbilNextButton
[2025-11-18T09:39:15.215Z] [INFO] Sending text 'nuguri.charitha@us.lockton.com.uat' to email Id
[2025-11-18T09:39:16.745Z] [DEBUG] Sent text 'nuguri.charitha@us.lockton.com.uat' to email Id
[2025-11-18T09:39:21.921Z] [INFO] Clicking on element Done Button
[2025-11-18T09:39:22.166Z] [DEBUG] Clicked on element Done Button
[2025-11-18T09:39:27.774Z] [INFO] Clicking on element Done Button
[2025-11-18T09:39:27.966Z] [DEBUG] Clicked on element Done Button
[2025-11-18T09:39:28.631Z] [INFO] Clicking on element Close NDA/NBIL Flow Button
[2025-11-18T09:39:28.869Z] [DEBUG] Clicked on element Close NDA/NBIL Flow Button
[2025-11-18T09:39:32.048Z] [INFO] Element became visible during scroll.
[2025-11-18T09:39:34.154Z] [INFO] Clicking on element View All Files Button
[2025-11-18T09:39:34.713Z] [DEBUG] Clicked on element View All Files Button
[2025-11-18T09:39:37.857Z] [INFO] Clicking on element Close Files Sub Tab
[2025-11-18T09:39:38.063Z] [DEBUG] Clicked on element Close Files Sub Tab
[2025-11-18T09:39:38.133Z] [INFO] Clicking on element Opportunity Tab
[2025-11-18T09:39:38.528Z] [DEBUG] Clicked on element Opportunity Tab
[2025-11-18T09:39:38.531Z] [INFO] Clicking on element NBIL New Button
[2025-11-18T09:39:38.894Z] [DEBUG] Clicked on element NBIL New Button
[2025-11-18T09:39:41.132Z] [INFO] Clicking on element all Carriers Value 
[2025-11-18T09:39:41.376Z] [DEBUG] Clicked on element all Carriers Value 
[2025-11-18T09:39:41.521Z] [INFO] Clicking on element nbilNextButton
[2025-11-18T09:39:41.754Z] [DEBUG] Clicked on element nbilNextButton
[2025-11-18T09:39:41.759Z] [INFO] Sending text 'nuguri.charitha@us.lockton.com' to email Id
[2025-11-18T09:39:43.394Z] [DEBUG] Sent text 'nuguri.charitha@us.lockton.com' to email Id
[2025-11-18T09:39:43.466Z] [INFO] Subject field is validated successfully with opportunity name.
[2025-11-18T09:39:48.723Z] [INFO] Clicking on element Done Button
[2025-11-18T09:39:48.927Z] [DEBUG] Clicked on element Done Button
[2025-11-18T09:39:54.628Z] [INFO] Clicking on element Done Button
[2025-11-18T09:39:54.897Z] [DEBUG] Clicked on element Done Button
[2025-11-18T09:40:00.575Z] [INFO] Clicking on element Done Button
[2025-11-18T09:40:00.808Z] [DEBUG] Clicked on element Done Button
[2025-11-18T09:40:01.379Z] [INFO] Clicking on element Previous Button
[2025-11-18T09:40:01.589Z] [DEBUG] Clicked on element Previous Button
[2025-11-18T09:40:03.621Z] [INFO] Clicking on element Next Button
[2025-11-18T09:40:03.819Z] [DEBUG] Clicked on element Next Button
[2025-11-18T09:40:06.938Z] [INFO] Sending text 'nuguri.charitha@us.lockton.com' to email Id
[2025-11-18T09:40:07.103Z] [DEBUG] Sent text 'nuguri.charitha@us.lockton.com' to email Id
[2025-11-18T09:40:12.303Z] [INFO] Clicking on element Done Button
[2025-11-18T09:40:12.543Z] [DEBUG] Clicked on element Done Button
[2025-11-18T09:40:18.154Z] [INFO] Clicking on element Done Button
[2025-11-18T09:40:18.353Z] [DEBUG] Clicked on element Done Button
[2025-11-18T09:40:23.986Z] [INFO] Clicking on element Done Button
[2025-11-18T09:40:24.189Z] [DEBUG] Clicked on element Done Button
[2025-11-18T09:40:29.983Z] [INFO] Clicking on element Done Button
[2025-11-18T09:40:30.153Z] [DEBUG] Clicked on element Done Button
[2025-11-18T09:40:32.233Z] [INFO] Clicking on element Close Duplicate Error Button
[2025-11-18T09:40:32.474Z] [DEBUG] Clicked on element Close Duplicate Error Button
[2025-11-18T09:40:32.536Z] [INFO] Clicking on element Delete file button
[2025-11-18T09:40:32.804Z] [DEBUG] Clicked on element Delete file button
[2025-11-18T09:40:32.838Z] [INFO] Clicking on element preview Text
[2025-11-18T09:40:33.078Z] [DEBUG] Clicked on element preview Text
[2025-11-18T09:40:34.265Z] [INFO] Sending text 'Test Policy Retention Request' to policy Retention Request
[2025-11-18T09:40:34.454Z] [DEBUG] Sent text 'Test Policy Retention Request' to policy Retention Request
[2025-11-18T09:40:35.584Z] [INFO] Sending text 'Test Underwriting Information' to under Writing Information
[2025-11-18T09:40:35.804Z] [DEBUG] Sent text 'Test Underwriting Information' to under Writing Information
[2025-11-18T09:40:35.811Z] [INFO] Clicking on element send Button
[2025-11-18T09:40:36.054Z] [DEBUG] Clicked on element send Button
[2025-11-18T09:40:40.530Z] [INFO] Clicking on element successWindow Close Button
[2025-11-18T09:40:40.751Z] [DEBUG] Clicked on element successWindow Close Button
[2025-11-18T09:40:42.368Z] [INFO] Clicking on element activity Tab
[2025-11-18T09:40:46.375Z] [DEBUG] Clicked on element activity Tab
[2025-11-18T09:40:47.667Z] [INFO] Clicking on element Email Request Sent Link
[2025-11-18T09:40:48.122Z] [DEBUG] Clicked on element Email Request Sent Link
[2025-11-18T09:40:48.126Z] [INFO] Clicking on element Email Details Tab
[2025-11-18T09:40:50.006Z] [DEBUG] Clicked on element Email Details Tab
[2025-11-18T09:40:50.010Z] [INFO] Clicking on element Email Details Tab
[2025-11-18T09:40:50.171Z] [DEBUG] Clicked on element Email Details Tab
[2025-11-18T09:41:11.313Z] [INFO] Clicking on element Close NBIL Sub Tab
[2025-11-18T09:41:11.526Z] [DEBUG] Clicked on element Close NBIL Sub Tab
[2025-11-18T09:41:11.874Z] [INFO] Clicking on element activity Tab
[2025-11-18T09:41:12.103Z] [DEBUG] Clicked on element activity Tab
[2025-11-18T09:41:12.219Z] [INFO] Scrolling attempt 1
[2025-11-18T09:41:12.852Z] [INFO] Scrolling attempt 2
[2025-11-18T09:41:13.468Z] [INFO] Element became visible during scroll.
[2025-11-18T09:41:15.580Z] [INFO] Clicking on element View All Files Button
[2025-11-18T09:41:15.968Z] [DEBUG] Clicked on element View All Files Button
[2025-11-18T09:41:19.161Z] [INFO] Clicking on element Close Files Sub Tab
[2025-11-18T09:41:19.351Z] [DEBUG] Clicked on element Close Files Sub Tab
[2025-11-18T09:41:19.425Z] [INFO] Clicking on element Opportunity Tab
[2025-11-18T09:41:19.866Z] [DEBUG] Clicked on element Opportunity Tab
[2025-11-18T09:41:19.872Z] [INFO] Clicking on element NBIL New Button
[2025-11-18T09:41:20.378Z] [DEBUG] Clicked on element NBIL New Button
[2025-11-18T09:41:22.564Z] [INFO] Clicking on element all Carriers Value 
[2025-11-18T09:41:22.752Z] [DEBUG] Clicked on element all Carriers Value 
[2025-11-18T09:41:22.879Z] [INFO] Clicking on element nbilNextButton
[2025-11-18T09:41:23.139Z] [DEBUG] Clicked on element nbilNextButton
[2025-11-18T09:41:23.143Z] [INFO] Sending text 'nuguri.charitha@us.lockton.com.uat' to email Id
[2025-11-18T09:41:24.658Z] [DEBUG] Sent text 'nuguri.charitha@us.lockton.com.uat' to email Id
[2025-11-18T09:41:29.867Z] [INFO] Clicking on element Done Button
[2025-11-18T09:41:30.050Z] [DEBUG] Clicked on element Done Button
[2025-11-18T09:41:35.751Z] [INFO] Clicking on element Done Button
[2025-11-18T09:41:35.999Z] [DEBUG] Clicked on element Done Button
[2025-11-18T09:41:36.658Z] [INFO] Clicking on element Close NDA/NBIL Flow Button
[2025-11-18T09:41:36.904Z] [DEBUG] Clicked on element Close NDA/NBIL Flow Button
[2025-11-18T09:41:40.151Z] [INFO] Element became visible during scroll.
[2025-11-18T09:41:42.299Z] [INFO] Clicking on element View All Files Button
[2025-11-18T09:41:42.780Z] [DEBUG] Clicked on element View All Files Button
[2025-11-18T09:41:45.897Z] [INFO] Clicking on element Close Files Sub Tab
[2025-11-18T09:41:46.096Z] [DEBUG] Clicked on element Close Files Sub Tab
[2025-11-18T09:41:46.171Z] [INFO] Clicking on element Opportunity Tab
[2025-11-18T09:41:46.607Z] [DEBUG] Clicked on element Opportunity Tab
[2025-11-18T09:41:46.610Z] [INFO] Clicking on element NBIL New Button
[2025-11-18T09:41:46.882Z] [DEBUG] Clicked on element NBIL New Button
[2025-11-18T09:41:49.042Z] [INFO] Clicking on element all Carriers Value 
[2025-11-18T09:41:49.295Z] [DEBUG] Clicked on element all Carriers Value 
[2025-11-18T09:41:49.447Z] [INFO] Clicking on element nbilNextButton
[2025-11-18T09:41:49.657Z] [DEBUG] Clicked on element nbilNextButton
[2025-11-18T09:41:49.660Z] [INFO] Sending text 'nuguri.charitha@us.lockton.com' to email Id
[2025-11-18T09:41:51.151Z] [DEBUG] Sent text 'nuguri.charitha@us.lockton.com' to email Id
[2025-11-18T09:41:51.214Z] [INFO] Subject field is validated successfully with opportunity name.
[2025-11-18T09:41:56.419Z] [INFO] Clicking on element Done Button
[2025-11-18T09:41:56.687Z] [DEBUG] Clicked on element Done Button
[2025-11-18T09:42:02.300Z] [INFO] Clicking on element Done Button
[2025-11-18T09:42:02.522Z] [DEBUG] Clicked on element Done Button
[2025-11-18T09:42:08.104Z] [INFO] Clicking on element Done Button
[2025-11-18T09:42:08.319Z] [DEBUG] Clicked on element Done Button
[2025-11-18T09:42:08.867Z] [INFO] Clicking on element Previous Button
[2025-11-18T09:42:09.098Z] [DEBUG] Clicked on element Previous Button
[2025-11-18T09:42:11.136Z] [INFO] Clicking on element Next Button
[2025-11-18T09:42:11.294Z] [DEBUG] Clicked on element Next Button
[2025-11-18T09:42:14.426Z] [INFO] Sending text 'nuguri.charitha@us.lockton.com' to email Id
[2025-11-18T09:42:14.673Z] [DEBUG] Sent text 'nuguri.charitha@us.lockton.com' to email Id
[2025-11-18T09:42:19.868Z] [INFO] Clicking on element Done Button
[2025-11-18T09:42:20.048Z] [DEBUG] Clicked on element Done Button
[2025-11-18T09:42:25.868Z] [INFO] Clicking on element Done Button
[2025-11-18T09:42:26.057Z] [DEBUG] Clicked on element Done Button
[2025-11-18T09:42:31.732Z] [INFO] Clicking on element Done Button
[2025-11-18T09:42:31.915Z] [DEBUG] Clicked on element Done Button
[2025-11-18T09:42:37.768Z] [INFO] Clicking on element Done Button
[2025-11-18T09:42:37.951Z] [DEBUG] Clicked on element Done Button
[2025-11-18T09:42:40.137Z] [INFO] Clicking on element Close Duplicate Error Button
[2025-11-18T09:42:40.480Z] [DEBUG] Clicked on element Close Duplicate Error Button
[2025-11-18T09:42:40.659Z] [INFO] Clicking on element Delete file button
[2025-11-18T09:42:40.888Z] [DEBUG] Clicked on element Delete file button
[2025-11-18T09:42:40.918Z] [INFO] Clicking on element preview Text
[2025-11-18T09:42:41.182Z] [DEBUG] Clicked on element preview Text
[2025-11-18T09:42:42.620Z] [INFO] Clicking on element table Text Input
[2025-11-18T09:42:42.875Z] [DEBUG] Clicked on element table Text Input
[2025-11-18T09:42:43.017Z] [INFO] Clicking on element send Button
[2025-11-18T09:42:43.297Z] [DEBUG] Clicked on element send Button
[2025-11-18T09:42:47.233Z] [INFO] Clicking on element successWindow Close Button
[2025-11-18T09:42:47.394Z] [DEBUG] Clicked on element successWindow Close Button
[2025-11-18T09:42:48.816Z] [INFO] Clicking on element activity Tab
[2025-11-18T09:42:52.711Z] [DEBUG] Clicked on element activity Tab
[2025-11-18T09:42:53.857Z] [INFO] Clicking on element Email Request Sent Link
[2025-11-18T09:42:54.485Z] [DEBUG] Clicked on element Email Request Sent Link
[2025-11-18T09:42:54.487Z] [INFO] Clicking on element Email Details Tab
[2025-11-18T09:42:57.053Z] [DEBUG] Clicked on element Email Details Tab
[2025-11-18T09:42:57.059Z] [INFO] Clicking on element Email Details Tab
[2025-11-18T09:42:57.276Z] [DEBUG] Clicked on element Email Details Tab
[2025-11-18T09:42:57.747Z] [INFO] Clicking on element Close NBIL Sub Tab
[2025-11-18T09:42:57.973Z] [DEBUG] Clicked on element Close NBIL Sub Tab
[2025-11-18T09:42:58.054Z] [INFO] Clicking on element Opportunity Tab
[2025-11-18T09:42:58.498Z] [DEBUG] Clicked on element Opportunity Tab
[2025-11-18T09:42:58.501Z] [INFO] Clicking on element activity Tab
[2025-11-18T09:42:58.714Z] [DEBUG] Clicked on element activity Tab
[2025-11-18T09:42:58.842Z] [INFO] Scrolling attempt 1
[2025-11-18T09:42:59.404Z] [INFO] Scrolling attempt 2
[2025-11-18T09:43:00.056Z] [INFO] Element became visible during scroll.
[2025-11-18T09:43:02.192Z] [INFO] Clicking on element View All Files Button
[2025-11-18T09:43:02.715Z] [DEBUG] Clicked on element View All Files Button
[2025-11-18T09:43:05.927Z] [INFO] Clicking on element Close Files Sub Tab
[2025-11-18T09:43:06.137Z] [DEBUG] Clicked on element Close Files Sub Tab
[2025-11-18T09:43:06.412Z] [INFO] Clicking on element NBIL New Button
[2025-11-18T09:43:06.769Z] [DEBUG] Clicked on element NBIL New Button
[2025-11-18T09:43:09.026Z] [INFO] Clicking on element all Carriers Value 
[2025-11-18T09:43:09.305Z] [DEBUG] Clicked on element all Carriers Value 
[2025-11-18T09:43:09.437Z] [INFO] Clicking on element nbilNextButton
[2025-11-18T09:43:09.623Z] [DEBUG] Clicked on element nbilNextButton
[2025-11-18T09:43:09.626Z] [INFO] Sending text 'nuguri.charitha@us.lockton.com.uat' to email Id
[2025-11-18T09:43:11.331Z] [DEBUG] Sent text 'nuguri.charitha@us.lockton.com.uat' to email Id
[2025-11-18T09:43:16.481Z] [INFO] Clicking on element Done Button
[2025-11-18T09:43:16.722Z] [DEBUG] Clicked on element Done Button
[2025-11-18T09:43:22.347Z] [INFO] Clicking on element Done Button
[2025-11-18T09:43:22.532Z] [DEBUG] Clicked on element Done Button
[2025-11-18T09:43:23.249Z] [INFO] Clicking on element Close NDA/NBIL Flow Button
[2025-11-18T09:43:23.485Z] [DEBUG] Clicked on element Close NDA/NBIL Flow Button
[2025-11-18T09:43:26.599Z] [INFO] Element became visible during scroll.
[2025-11-18T09:43:28.758Z] [INFO] Clicking on element View All Files Button
[2025-11-18T09:43:29.144Z] [DEBUG] Clicked on element View All Files Button
[2025-11-18T09:43:32.289Z] [INFO] Clicking on element Close Files Sub Tab
[2025-11-18T09:43:32.518Z] [DEBUG] Clicked on element Close Files Sub Tab
[2025-11-18T09:43:32.602Z] [INFO] Clicking on element Opportunity Tab
[2025-11-18T09:43:33.035Z] [DEBUG] Clicked on element Opportunity Tab
[2025-11-18T09:43:33.038Z] [INFO] Clicking on element NBIL New Button
[2025-11-18T09:43:33.316Z] [DEBUG] Clicked on element NBIL New Button
[2025-11-18T09:43:35.449Z] [INFO] Clicking on element all Carriers Value 
[2025-11-18T09:43:35.670Z] [DEBUG] Clicked on element all Carriers Value 
[2025-11-18T09:43:35.815Z] [INFO] Clicking on element nbilNextButton
[2025-11-18T09:43:36.018Z] [DEBUG] Clicked on element nbilNextButton
[2025-11-18T09:43:36.022Z] [INFO] Sending text 'nuguri.charitha@us.lockton.com' to email Id
[2025-11-18T09:43:37.532Z] [DEBUG] Sent text 'nuguri.charitha@us.lockton.com' to email Id
[2025-11-18T09:43:37.603Z] [INFO] Subject field is validated successfully with opportunity name.
[2025-11-18T09:43:42.850Z] [INFO] Clicking on element Done Button
[2025-11-18T09:43:43.050Z] [DEBUG] Clicked on element Done Button
[2025-11-18T09:43:48.715Z] [INFO] Clicking on element Done Button
[2025-11-18T09:43:48.996Z] [DEBUG] Clicked on element Done Button
[2025-11-18T09:43:54.668Z] [INFO] Clicking on element Done Button
[2025-11-18T09:43:54.930Z] [DEBUG] Clicked on element Done Button
[2025-11-18T09:43:55.518Z] [INFO] Clicking on element Previous Button
[2025-11-18T09:43:55.747Z] [DEBUG] Clicked on element Previous Button
[2025-11-18T09:43:57.782Z] [INFO] Clicking on element Next Button
[2025-11-18T09:43:57.927Z] [DEBUG] Clicked on element Next Button
[2025-11-18T09:44:01.046Z] [INFO] Sending text 'nuguri.charitha@us.lockton.com' to email Id
[2025-11-18T09:44:01.191Z] [DEBUG] Sent text 'nuguri.charitha@us.lockton.com' to email Id
[2025-11-18T09:44:06.398Z] [INFO] Clicking on element Done Button
[2025-11-18T09:44:06.691Z] [DEBUG] Clicked on element Done Button
[2025-11-18T09:44:12.346Z] [INFO] Clicking on element Done Button
[2025-11-18T09:44:12.532Z] [DEBUG] Clicked on element Done Button
[2025-11-18T09:44:18.266Z] [INFO] Clicking on element Done Button
[2025-11-18T09:44:18.448Z] [DEBUG] Clicked on element Done Button
[2025-11-18T09:44:24.195Z] [INFO] Clicking on element Done Button
[2025-11-18T09:44:24.464Z] [DEBUG] Clicked on element Done Button
[2025-11-18T09:44:26.629Z] [INFO] Clicking on element Close Duplicate Error Button
[2025-11-18T09:44:26.920Z] [DEBUG] Clicked on element Close Duplicate Error Button
[2025-11-18T09:44:27.015Z] [INFO] Clicking on element Delete file button
[2025-11-18T09:44:27.302Z] [DEBUG] Clicked on element Delete file button
[2025-11-18T09:44:27.344Z] [INFO] Clicking on element preview Text
[2025-11-18T09:44:27.584Z] [DEBUG] Clicked on element preview Text
[2025-11-18T09:44:28.805Z] [INFO] Sending text 'nuguri.charitha@us.lockton.com.uat' to cc Field Locator
[2025-11-18T09:44:28.982Z] [DEBUG] Sent text 'nuguri.charitha@us.lockton.com.uat' to cc Field Locator
[2025-11-18T09:44:28.987Z] [INFO] Sending text 'This is to inform you that the NBIL request has been updated with new comprehensive Data.' to static Carrier Text
[2025-11-18T09:44:29.167Z] [DEBUG] Sent text 'This is to inform you that the NBIL request has been updated with new comprehensive Data.' to static Carrier Text
[2025-11-18T09:44:29.170Z] [INFO] Sending text 'Test Policy Retention Request' to policy Retention Request
[2025-11-18T09:44:29.387Z] [DEBUG] Sent text 'Test Policy Retention Request' to policy Retention Request
[2025-11-18T09:44:30.477Z] [INFO] Sending text 'Test Underwriting Information' to under Writing Information
[2025-11-18T09:44:30.748Z] [DEBUG] Sent text 'Test Underwriting Information' to under Writing Information
[2025-11-18T09:44:30.754Z] [INFO] Clicking on element send Button
[2025-11-18T09:44:30.992Z] [DEBUG] Clicked on element send Button
[2025-11-18T09:44:35.479Z] [INFO] Clicking on element successWindow Close Button
[2025-11-18T09:44:35.665Z] [DEBUG] Clicked on element successWindow Close Button
[2025-11-18T09:44:36.931Z] [INFO] Clicking on element activity Tab
[2025-11-18T09:44:40.084Z] [DEBUG] Clicked on element activity Tab
[2025-11-18T09:44:40.670Z] [INFO] Clicking on element Email Request Sent Link
[2025-11-18T09:44:41.891Z] [DEBUG] Clicked on element Email Request Sent Link
[2025-11-18T09:44:41.896Z] [INFO] Clicking on element Email Details Tab
[2025-11-18T09:44:43.902Z] [DEBUG] Clicked on element Email Details Tab
[2025-11-18T09:44:43.906Z] [INFO] Clicking on element Email Details Tab
[2025-11-18T09:44:44.131Z] [DEBUG] Clicked on element Email Details Tab
[2025-11-18T09:45:05.457Z] [INFO] Clicking on element Close NBIL Sub Tab
[2025-11-18T09:45:05.703Z] [DEBUG] Clicked on element Close NBIL Sub Tab
[2025-11-18T09:45:06.115Z] [INFO] Clicking on element activity Tab
[2025-11-18T09:45:06.410Z] [DEBUG] Clicked on element activity Tab
[2025-11-18T09:45:06.506Z] [INFO] Scrolling attempt 1
[2025-11-18T09:45:07.136Z] [INFO] Scrolling attempt 2
[2025-11-18T09:45:07.759Z] [INFO] Scrolling attempt 3
[2025-11-18T09:45:08.343Z] [INFO] Element became visible during scroll.
[2025-11-18T09:45:10.512Z] [INFO] Clicking on element View All Files Button
[2025-11-18T09:45:10.965Z] [DEBUG] Clicked on element View All Files Button
[2025-11-18T09:45:14.163Z] [INFO] Clicking on element Close Files Sub Tab
[2025-11-18T09:45:14.391Z] [DEBUG] Clicked on element Close Files Sub Tab
[2025-11-18T09:45:14.668Z] [INFO] Clicking on element NBIL New Button
[2025-11-18T09:45:15.181Z] [DEBUG] Clicked on element NBIL New Button
[2025-11-18T09:45:17.346Z] [INFO] Clicking on element all Carriers Value 
[2025-11-18T09:45:17.576Z] [DEBUG] Clicked on element all Carriers Value 
[2025-11-18T09:45:17.727Z] [INFO] Clicking on element nbilNextButton
[2025-11-18T09:45:17.964Z] [DEBUG] Clicked on element nbilNextButton
[2025-11-18T09:45:17.968Z] [INFO] Sending text 'nuguri.charitha@us.lockton.com.uat' to email Id
[2025-11-18T09:45:19.610Z] [DEBUG] Sent text 'nuguri.charitha@us.lockton.com.uat' to email Id
[2025-11-18T09:45:24.762Z] [INFO] Clicking on element Done Button
[2025-11-18T09:45:24.957Z] [DEBUG] Clicked on element Done Button
[2025-11-18T09:45:30.644Z] [INFO] Clicking on element Done Button
[2025-11-18T09:45:30.825Z] [DEBUG] Clicked on element Done Button
[2025-11-18T09:45:31.574Z] [INFO] Clicking on element Close NDA/NBIL Flow Button
[2025-11-18T09:45:31.876Z] [DEBUG] Clicked on element Close NDA/NBIL Flow Button
[2025-11-18T09:45:35.082Z] [INFO] Element became visible during scroll.
[2025-11-18T09:45:37.195Z] [INFO] Clicking on element View All Files Button
[2025-11-18T09:45:37.626Z] [DEBUG] Clicked on element View All Files Button
[2025-11-18T09:45:53.477Z] [INFO] Sending text 'nuguri.charitha@us.lockton.com.uat' to username Input Value
[2025-11-18T09:45:53.803Z] [DEBUG] Sent text 'nuguri.charitha@us.lockton.com.uat' to username Input Value
[2025-11-18T09:45:53.805Z] [INFO] Sending text 'Charitha@48' to password Input Value
[2025-11-18T09:45:53.875Z] [DEBUG] Sent text 'Charitha@48' to password Input Value
[2025-11-18T09:45:53.878Z] [INFO] Clicking on element login Button
[2025-11-18T09:45:56.026Z] [DEBUG] Clicked on element login Button
[2025-11-18T09:46:01.913Z] [INFO] Clicking on element setUp Icon
[2025-11-18T09:46:02.151Z] [DEBUG] Clicked on element setUp Icon
[2025-11-18T09:46:09.128Z] [INFO] Clicking on element user Search Result
[2025-11-18T09:46:09.417Z] [DEBUG] Clicked on element user Search Result
[2025-11-18T09:46:27.856Z] [INFO] Clicking on element show Navigation Menu
[2025-11-18T09:46:28.279Z] [DEBUG] Clicked on element show Navigation Menu
[2025-11-18T09:46:28.373Z] [INFO] Clicking on element accounts Menu Item
[2025-11-18T09:46:28.797Z] [DEBUG] Clicked on element accounts Menu Item
[2025-11-18T09:46:30.852Z] [INFO] Clicking on element list View Element
[2025-11-18T09:46:31.326Z] [DEBUG] Clicked on element list View Element
[2025-11-18T09:46:31.386Z] [INFO] Sending text 'All Clients' to searchBox ListViewInput
[2025-11-18T09:46:31.679Z] [DEBUG] Sent text 'All Clients' to searchBox ListViewInput
[2025-11-18T09:46:31.742Z] [INFO] Clicking on element all Clients In List View
[2025-11-18T09:46:32.278Z] [DEBUG] Clicked on element all Clients In List View
[2025-11-18T09:46:32.391Z] [INFO] Clicking on element global Search Button
[2025-11-18T09:46:33.633Z] [DEBUG] Clicked on element global Search Button
[2025-11-18T09:46:33.696Z] [INFO] Sending text '1031 Exchange Corporation' to global Search Input
[2025-11-18T09:46:34.029Z] [DEBUG] Sent text '1031 Exchange Corporation' to global Search Input
[2025-11-18T09:46:34.986Z] [INFO] Clicking on element global Search Result
[2025-11-18T09:46:35.401Z] [DEBUG] Clicked on element global Search Result
[2025-11-18T09:46:35.405Z] [INFO] AccountPage: Validating account record type: Client
[2025-11-18T09:46:39.539Z] [INFO] AccountPage: Account record type 'Client' is visible.
[2025-11-18T09:46:39.549Z] [INFO] Clicking on element new Opportunity Button
[2025-11-18T09:46:42.014Z] [DEBUG] Clicked on element new Opportunity Button
[2025-11-18T09:46:42.018Z] [INFO] Clicking on element intial Intake Button
[2025-11-18T09:46:43.724Z] [DEBUG] Clicked on element intial Intake Button
[2025-11-18T09:46:43.729Z] [INFO] Clicking on element opportunity Next Button
[2025-11-18T09:46:44.362Z] [DEBUG] Clicked on element opportunity Next Button
[2025-11-18T09:46:46.062Z] [INFO] Sending text 'auto wrlex' to opportunity Name
[2025-11-18T09:46:46.404Z] [DEBUG] Sent text 'auto wrlex' to opportunity Name
[2025-11-18T09:46:46.459Z] [INFO] Clicking on element stage DropDown
[2025-11-18T09:46:46.864Z] [DEBUG] Clicked on element stage DropDown
[2025-11-18T09:46:46.924Z] [INFO] Clicking on element stage Value
[2025-11-18T09:46:47.257Z] [DEBUG] Clicked on element stage Value
[2025-11-18T09:46:47.704Z] [INFO] Clicking on element insurance Sub Type Drop Down
[2025-11-18T09:46:48.086Z] [DEBUG] Clicked on element insurance Sub Type Drop Down
[2025-11-18T09:46:48.091Z] [INFO] Clicking on element insurance Type field
[2025-11-18T09:46:48.594Z] [DEBUG] Clicked on element insurance Type field
[2025-11-18T09:46:50.675Z] [INFO] Clicking on element save Button
[2025-11-18T09:46:51.157Z] [DEBUG] Clicked on element save Button
[2025-11-18T09:46:55.263Z] [INFO] Clicking on element show More Actions DropDown
[2025-11-18T09:46:55.763Z] [DEBUG] Clicked on element show More Actions DropDown
[2025-11-18T09:46:55.767Z] [INFO] Clicking on element manage Opportunity Assignment Option
[2025-11-18T09:46:56.264Z] [DEBUG] Clicked on element manage Opportunity Assignment Option
[2025-11-18T09:46:56.480Z] [INFO] Clicking on element Add Assignment Button
[2025-11-18T09:46:59.226Z] [DEBUG] Clicked on element Add Assignment Button
[2025-11-18T09:46:59.477Z] [INFO] Clicking on element Add Assignment Button
[2025-11-18T09:47:00.044Z] [DEBUG] Clicked on element Add Assignment Button
[2025-11-18T09:47:00.049Z] [INFO] Sending text 'Patricia Urraca' to Add Assignment Button
[2025-11-18T09:47:00.513Z] [DEBUG] Sent text 'Patricia Urraca' to Add Assignment Button
[2025-11-18T09:47:00.516Z] [INFO] Clicking on element personNameInList
[2025-11-18T09:47:01.917Z] [DEBUG] Clicked on element personNameInList
[2025-11-18T09:47:01.921Z] [INFO] Clicking on element Service LeadCheckBox
[2025-11-18T09:47:02.436Z] [DEBUG] Clicked on element Service LeadCheckBox
[2025-11-18T09:47:02.546Z] [INFO] Sending text '100' to Primary Producer Allocation TextBox
[2025-11-18T09:47:02.958Z] [DEBUG] Sent text '100' to Primary Producer Allocation TextBox
[2025-11-18T09:47:02.968Z] [INFO] Clicking on element SaveAndClose Button
[2025-11-18T09:47:03.447Z] [DEBUG] Clicked on element SaveAndClose Button
[2025-11-18T09:47:03.452Z] [INFO] Clicking on element edit Button
[2025-11-18T09:47:05.493Z] [DEBUG] Clicked on element edit Button
[2025-11-18T09:47:08.274Z] [INFO] Sending text '11/18/2026' to quote DueDate Field
[2025-11-18T09:47:09.840Z] [DEBUG] Sent text '11/18/2026' to quote DueDate Field
[2025-11-18T09:47:09.843Z] [INFO] Sending text '20000' to enterpriseValueField
[2025-11-18T09:47:10.664Z] [DEBUG] Sent text '20000' to enterpriseValueField
[2025-11-18T09:47:10.668Z] [INFO] Sending text 'Heritage Vet Partners' to target Field
[2025-11-18T09:47:11.167Z] [DEBUG] Sent text 'Heritage Vet Partners' to target Field
[2025-11-18T09:47:11.170Z] [INFO] Sending text 'Target provides a mixed animal vet practice with 28 locations across 12 states.' to target Description Field
[2025-11-18T09:47:11.752Z] [DEBUG] Sent text 'Target provides a mixed animal vet practice with 28 locations across 12 states.' to target Description Field
[2025-11-18T09:47:11.758Z] [INFO] Clicking on element quote DueTime DropDown
[2025-11-18T09:47:12.470Z] [DEBUG] Clicked on element quote DueTime DropDown
[2025-11-18T09:47:12.621Z] [INFO] Clicking on element quote DueTime Value
[2025-11-18T09:47:13.118Z] [DEBUG] Clicked on element quote DueTime Value
[2025-11-18T09:47:13.123Z] [INFO] Clicking on element sellers Idemnity
[2025-11-18T09:47:13.582Z] [DEBUG] Clicked on element sellers Idemnity
[2025-11-18T09:47:13.585Z] [INFO] Clicking on element sellers Idemnity Value
[2025-11-18T09:47:14.057Z] [DEBUG] Clicked on element sellers Idemnity Value
[2025-11-18T09:47:14.060Z] [INFO] Clicking on element buyers Council DropDown
[2025-11-18T09:47:14.842Z] [DEBUG] Clicked on element buyers Council DropDown
[2025-11-18T09:47:14.847Z] [INFO] Clicking on element buyers Council DropDown Value
[2025-11-18T09:47:15.586Z] [DEBUG] Clicked on element buyers Council DropDown Value
[2025-11-18T09:47:15.591Z] [INFO] Sending text '104' to limit Requested
[2025-11-18T09:47:16.179Z] [DEBUG] Sent text '104' to limit Requested
[2025-11-18T09:47:16.183Z] [INFO] Clicking on element save Button
[2025-11-18T09:47:16.892Z] [DEBUG] Clicked on element save Button
[2025-11-18T09:47:16.905Z] [INFO] Clicking on element edit Button
[2025-11-18T09:47:20.107Z] [DEBUG] Clicked on element edit Button
[2025-11-18T09:47:20.997Z] [INFO] Sending text '50' to rollover Percentage
[2025-11-18T09:47:22.748Z] [DEBUG] Sent text '50' to rollover Percentage
[2025-11-18T09:47:22.752Z] [INFO] Sending text 'Test Purchase Agreement' to purchase Agreement
[2025-11-18T09:47:23.682Z] [DEBUG] Sent text 'Test Purchase Agreement' to purchase Agreement
[2025-11-18T09:47:23.686Z] [INFO] Clicking on element sellers Council DropDown
[2025-11-18T09:47:24.985Z] [DEBUG] Clicked on element sellers Council DropDown
[2025-11-18T09:47:24.990Z] [INFO] Clicking on element sellers Council Value
[2025-11-18T09:47:26.084Z] [DEBUG] Clicked on element sellers Council Value
[2025-11-18T09:47:26.087Z] [INFO] Sending text '2000' to limit Requested2
[2025-11-18T09:47:26.881Z] [DEBUG] Sent text '2000' to limit Requested2
[2025-11-18T09:47:26.886Z] [INFO] Clicking on element limit Comments
[2025-11-18T09:47:27.554Z] [DEBUG] Clicked on element limit Comments
[2025-11-18T09:47:27.560Z] [INFO] Sending text 'Test limit Comments' to limit Comments
[2025-11-18T09:47:28.170Z] [DEBUG] Sent text 'Test limit Comments' to limit Comments
[2025-11-18T09:47:28.175Z] [INFO] Clicking on element other Requested Terms
[2025-11-18T09:47:28.887Z] [DEBUG] Clicked on element other Requested Terms
[2025-11-18T09:47:28.892Z] [INFO] Sending text 'Test other requested terms' to other Requested Terms
[2025-11-18T09:47:29.404Z] [DEBUG] Sent text 'Test other requested terms' to other Requested Terms
[2025-11-18T09:47:29.408Z] [INFO] Clicking on element draft Purchase Agreement CheckBox
[2025-11-18T09:47:29.880Z] [DEBUG] Clicked on element draft Purchase Agreement CheckBox
[2025-11-18T09:47:29.883Z] [INFO] Clicking on element type Of Financials DropDown
[2025-11-18T09:47:30.559Z] [DEBUG] Clicked on element type Of Financials DropDown
[2025-11-18T09:47:30.563Z] [INFO] Clicking on element type Of Financials Value
[2025-11-18T09:47:31.190Z] [DEBUG] Clicked on element type Of Financials Value
[2025-11-18T09:47:31.194Z] [INFO] Clicking on element deal Book CheckBox
[2025-11-18T09:47:31.785Z] [DEBUG] Clicked on element deal Book CheckBox
[2025-11-18T09:47:31.790Z] [INFO] Clicking on element legal DropDown
[2025-11-18T09:47:32.720Z] [DEBUG] Clicked on element legal DropDown
[2025-11-18T09:47:32.727Z] [INFO] Clicking on element legal Value
[2025-11-18T09:47:33.511Z] [DEBUG] Clicked on element legal Value
[2025-11-18T09:47:33.514Z] [INFO] Clicking on element financial DropDown
[2025-11-18T09:47:34.267Z] [DEBUG] Clicked on element financial DropDown
[2025-11-18T09:47:34.408Z] [INFO] Clicking on element financial Value
[2025-11-18T09:47:35.140Z] [DEBUG] Clicked on element financial Value
[2025-11-18T09:47:35.145Z] [INFO] Clicking on element tax DropDown
[2025-11-18T09:47:35.983Z] [DEBUG] Clicked on element tax DropDown
[2025-11-18T09:47:35.987Z] [INFO] Clicking on element tax Value
[2025-11-18T09:47:36.720Z] [DEBUG] Clicked on element tax Value
[2025-11-18T09:47:36.724Z] [INFO] Clicking on element save Button
[2025-11-18T09:47:37.398Z] [DEBUG] Clicked on element save Button
[2025-11-18T09:47:37.591Z] [INFO] Clicking on element global Search Button
[2025-11-18T09:47:39.784Z] [DEBUG] Clicked on element global Search Button
[2025-11-18T09:47:39.877Z] [INFO] Sending text 'ASQ Underwriting' to global Search Input
[2025-11-18T09:47:40.206Z] [DEBUG] Sent text 'ASQ Underwriting' to global Search Input
[2025-11-18T09:47:40.731Z] [INFO] Clicking on element global Search Result
[2025-11-18T09:47:41.069Z] [DEBUG] Clicked on element global Search Result
[2025-11-18T09:47:43.951Z] [INFO] Clicking on element taxCarriers Header
[2025-11-18T09:47:44.474Z] [DEBUG] Clicked on element taxCarriers Header
[2025-11-18T09:47:45.223Z] [INFO] Clicking on element Close Last Account Tab
[2025-11-18T09:47:45.615Z] [DEBUG] Clicked on element Close Last Account Tab
[2025-11-18T09:47:45.623Z] [INFO] Clicking on element opportunity Tab
[2025-11-18T09:47:46.455Z] [DEBUG] Clicked on element opportunity Tab
[2025-11-18T09:47:46.641Z] [INFO] Clicking on element NBIL New Button
[2025-11-18T09:47:47.312Z] [DEBUG] Clicked on element NBIL New Button
[2025-11-18T09:47:49.684Z] [INFO] Clicking on element all Carriers Value 
[2025-11-18T09:47:50.124Z] [DEBUG] Clicked on element all Carriers Value 
[2025-11-18T09:47:50.408Z] [INFO] Clicking on element nbilNextButton
[2025-11-18T09:47:50.845Z] [DEBUG] Clicked on element nbilNextButton
[2025-11-18T09:47:50.853Z] [INFO] Sending text 'nuguri.charitha@us.lockton.com' to email Id
[2025-11-18T09:47:52.804Z] [DEBUG] Sent text 'nuguri.charitha@us.lockton.com' to email Id
[2025-11-18T09:47:52.952Z] [INFO] Subject field is validated successfully with opportunity name.
[2025-11-18T09:47:58.306Z] [INFO] Clicking on element Done Button
[2025-11-18T09:47:58.790Z] [DEBUG] Clicked on element Done Button
[2025-11-18T09:48:04.657Z] [INFO] Clicking on element Done Button
[2025-11-18T09:48:05.185Z] [DEBUG] Clicked on element Done Button
[2025-11-18T09:48:10.953Z] [INFO] Clicking on element Done Button
[2025-11-18T09:48:11.424Z] [DEBUG] Clicked on element Done Button
[2025-11-18T09:48:12.085Z] [INFO] Clicking on element Previous Button
[2025-11-18T09:48:12.409Z] [DEBUG] Clicked on element Previous Button
[2025-11-18T09:48:14.499Z] [INFO] Clicking on element Next Button
[2025-11-18T09:48:14.826Z] [DEBUG] Clicked on element Next Button
[2025-11-18T09:48:18.116Z] [INFO] Sending text 'nuguri.charitha@us.lockton.com' to email Id
[2025-11-18T09:48:18.491Z] [DEBUG] Sent text 'nuguri.charitha@us.lockton.com' to email Id
[2025-11-18T09:48:23.924Z] [INFO] Clicking on element Done Button
[2025-11-18T09:48:24.587Z] [DEBUG] Clicked on element Done Button
[2025-11-18T09:48:30.728Z] [INFO] Clicking on element Done Button
[2025-11-18T09:48:31.191Z] [DEBUG] Clicked on element Done Button
[2025-11-18T09:48:37.245Z] [INFO] Clicking on element Done Button
[2025-11-18T09:48:37.797Z] [DEBUG] Clicked on element Done Button
[2025-11-18T09:48:43.989Z] [INFO] Clicking on element Done Button
[2025-11-18T09:48:44.459Z] [DEBUG] Clicked on element Done Button
[2025-11-18T09:48:46.857Z] [INFO] Clicking on element Close Duplicate Error Button
[2025-11-18T09:48:47.384Z] [DEBUG] Clicked on element Close Duplicate Error Button
[2025-11-18T09:48:47.534Z] [INFO] Clicking on element Delete file button
[2025-11-18T09:48:47.980Z] [DEBUG] Clicked on element Delete file button
[2025-11-18T09:48:48.046Z] [INFO] Clicking on element preview Text
[2025-11-18T09:48:48.394Z] [DEBUG] Clicked on element preview Text
[2025-11-18T09:48:51.352Z] [INFO] Sending text 'nuguri.charitha@us.lockton.com.uat' to cc Field Locator
[2025-11-18T09:48:51.728Z] [DEBUG] Sent text 'nuguri.charitha@us.lockton.com.uat' to cc Field Locator
[2025-11-18T09:48:51.735Z] [INFO] Clicking on element send Button
[2025-11-18T09:48:52.157Z] [DEBUG] Clicked on element send Button
[2025-11-18T09:48:56.667Z] [INFO] Clicking on element successWindow Close Button
[2025-11-18T09:48:57.112Z] [DEBUG] Clicked on element successWindow Close Button
[2025-11-18T09:48:58.617Z] [INFO] Clicking on element activity Tab
[2025-11-18T09:49:02.943Z] [DEBUG] Clicked on element activity Tab
[2025-11-18T09:49:03.402Z] [INFO] Clicking on element Email Request Sent Link
[2025-11-18T09:49:03.626Z] [DEBUG] Clicked on element Email Request Sent Link
[2025-11-18T09:49:03.630Z] [INFO] Clicking on element Email Details Tab
[2025-11-18T09:49:06.411Z] [DEBUG] Clicked on element Email Details Tab
[2025-11-18T09:49:06.415Z] [INFO] Clicking on element Email Details Tab
[2025-11-18T09:49:06.620Z] [DEBUG] Clicked on element Email Details Tab
[2025-11-18T09:49:08.135Z] [INFO] Clicking on element Close NBIL Sub Tab
[2025-11-18T09:49:08.376Z] [DEBUG] Clicked on element Close NBIL Sub Tab
[2025-11-18T09:49:08.458Z] [INFO] Clicking on element Opportunity Tab
[2025-11-18T09:49:08.846Z] [DEBUG] Clicked on element Opportunity Tab
[2025-11-18T09:49:08.849Z] [INFO] Clicking on element activity Tab
[2025-11-18T09:49:09.016Z] [DEBUG] Clicked on element activity Tab
[2025-11-18T09:49:09.139Z] [INFO] Scrolling attempt 1
[2025-11-18T09:49:09.772Z] [INFO] Scrolling attempt 2
[2025-11-18T09:49:10.423Z] [INFO] Scrolling attempt 3
[2025-11-18T09:49:11.020Z] [INFO] Element became visible during scroll.
[2025-11-18T09:49:13.116Z] [INFO] Clicking on element View All Files Button
[2025-11-18T09:49:13.439Z] [DEBUG] Clicked on element View All Files Button
[2025-11-18T09:49:16.595Z] [INFO] Clicking on element Close Files Sub Tab
[2025-11-18T09:49:16.774Z] [DEBUG] Clicked on element Close Files Sub Tab
[2025-11-18T09:49:17.057Z] [INFO] Clicking on element NBIL New Button
[2025-11-18T09:49:17.449Z] [DEBUG] Clicked on element NBIL New Button
[2025-11-18T09:49:19.681Z] [INFO] Clicking on element all Carriers Value 
[2025-11-18T09:49:19.858Z] [DEBUG] Clicked on element all Carriers Value 
[2025-11-18T09:49:19.988Z] [INFO] Clicking on element nbilNextButton
[2025-11-18T09:49:20.188Z] [DEBUG] Clicked on element nbilNextButton
[2025-11-18T09:49:20.191Z] [INFO] Sending text 'nuguri.charitha@us.lockton.com.uat' to email Id
[2025-11-18T09:49:21.948Z] [DEBUG] Sent text 'nuguri.charitha@us.lockton.com.uat' to email Id
[2025-11-18T09:49:27.128Z] [INFO] Clicking on element Done Button
[2025-11-18T09:49:27.374Z] [DEBUG] Clicked on element Done Button
[2025-11-18T09:49:33.133Z] [INFO] Clicking on element Done Button
[2025-11-18T09:49:33.320Z] [DEBUG] Clicked on element Done Button
[2025-11-18T09:49:33.945Z] [INFO] Clicking on element Close NDA/NBIL Flow Button
[2025-11-18T09:49:34.226Z] [DEBUG] Clicked on element Close NDA/NBIL Flow Button
[2025-11-18T09:49:37.457Z] [INFO] Element became visible during scroll.
[2025-11-18T09:49:39.635Z] [INFO] Clicking on element View All Files Button
[2025-11-18T09:49:40.279Z] [DEBUG] Clicked on element View All Files Button
[2025-11-18T09:49:43.476Z] [INFO] Clicking on element Close Files Sub Tab
[2025-11-18T09:49:43.758Z] [DEBUG] Clicked on element Close Files Sub Tab
[2025-11-18T09:49:43.822Z] [INFO] Clicking on element Opportunity Tab
[2025-11-18T09:49:44.195Z] [DEBUG] Clicked on element Opportunity Tab
[2025-11-18T09:49:44.198Z] [INFO] Clicking on element NBIL New Button
[2025-11-18T09:49:44.586Z] [DEBUG] Clicked on element NBIL New Button
[2025-11-18T09:49:46.838Z] [INFO] Clicking on element all Carriers Value 
[2025-11-18T09:49:47.066Z] [DEBUG] Clicked on element all Carriers Value 
[2025-11-18T09:49:47.210Z] [INFO] Clicking on element nbilNextButton
[2025-11-18T09:49:47.418Z] [DEBUG] Clicked on element nbilNextButton
[2025-11-18T09:49:47.423Z] [INFO] Sending text 'nuguri.charitha@us.lockton.com' to email Id
[2025-11-18T09:49:49.072Z] [DEBUG] Sent text 'nuguri.charitha@us.lockton.com' to email Id
[2025-11-18T09:49:49.144Z] [INFO] Subject field is validated successfully with opportunity name.
[2025-11-18T09:49:54.398Z] [INFO] Clicking on element Done Button
[2025-11-18T09:49:54.604Z] [DEBUG] Clicked on element Done Button
[2025-11-18T09:50:00.303Z] [INFO] Clicking on element Done Button
[2025-11-18T09:50:00.479Z] [DEBUG] Clicked on element Done Button
[2025-11-18T09:50:06.154Z] [INFO] Clicking on element Done Button
[2025-11-18T09:50:06.391Z] [DEBUG] Clicked on element Done Button
[2025-11-18T09:50:06.969Z] [INFO] Clicking on element Previous Button
[2025-11-18T09:50:07.250Z] [DEBUG] Clicked on element Previous Button
[2025-11-18T09:50:09.278Z] [INFO] Clicking on element Next Button
[2025-11-18T09:50:09.497Z] [DEBUG] Clicked on element Next Button
[2025-11-18T09:50:12.613Z] [INFO] Sending text 'nuguri.charitha@us.lockton.com' to email Id
[2025-11-18T09:50:12.788Z] [DEBUG] Sent text 'nuguri.charitha@us.lockton.com' to email Id
[2025-11-18T09:50:18.005Z] [INFO] Clicking on element Done Button
[2025-11-18T09:50:18.250Z] [DEBUG] Clicked on element Done Button
[2025-11-18T09:50:23.954Z] [INFO] Clicking on element Done Button
[2025-11-18T09:50:24.250Z] [DEBUG] Clicked on element Done Button
[2025-11-18T09:50:30.101Z] [INFO] Clicking on element Done Button
[2025-11-18T09:50:30.321Z] [DEBUG] Clicked on element Done Button
[2025-11-18T09:50:36.166Z] [INFO] Clicking on element Done Button
[2025-11-18T09:50:36.387Z] [DEBUG] Clicked on element Done Button
[2025-11-18T09:50:38.542Z] [INFO] Clicking on element Close Duplicate Error Button
[2025-11-18T09:50:38.770Z] [DEBUG] Clicked on element Close Duplicate Error Button
[2025-11-18T09:50:38.856Z] [INFO] Clicking on element Delete file button
[2025-11-18T09:50:39.178Z] [DEBUG] Clicked on element Delete file button
[2025-11-18T09:50:39.219Z] [INFO] Clicking on element preview Text
[2025-11-18T09:50:39.467Z] [DEBUG] Clicked on element preview Text
[2025-11-18T09:50:40.702Z] [INFO] Sending text 'This is to inform you that the NBIL request email body has been updated with new Test Information.' to email Body Locator
[2025-11-18T09:50:40.908Z] [DEBUG] Sent text 'This is to inform you that the NBIL request email body has been updated with new Test Information.' to email Body Locator
[2025-11-18T09:50:40.913Z] [INFO] Clicking on element send Button
[2025-11-18T09:50:41.163Z] [DEBUG] Clicked on element send Button
[2025-11-18T09:50:45.093Z] [INFO] Clicking on element successWindow Close Button
[2025-11-18T09:50:45.342Z] [DEBUG] Clicked on element successWindow Close Button
[2025-11-18T09:50:46.822Z] [INFO] Clicking on element activity Tab
[2025-11-18T09:50:50.826Z] [DEBUG] Clicked on element activity Tab
[2025-11-18T09:50:55.094Z] [INFO] Clicking on element Email Request Sent Link
[2025-11-18T09:50:56.294Z] [DEBUG] Clicked on element Email Request Sent Link
[2025-11-18T09:50:56.304Z] [INFO] Clicking on element Email Details Tab
[2025-11-18T09:50:58.281Z] [DEBUG] Clicked on element Email Details Tab
[2025-11-18T09:50:58.286Z] [INFO] Clicking on element Email Details Tab
[2025-11-18T09:50:58.550Z] [DEBUG] Clicked on element Email Details Tab
[2025-11-18T09:50:59.095Z] [INFO] Clicking on element Close NBIL Sub Tab
[2025-11-18T09:50:59.444Z] [DEBUG] Clicked on element Close NBIL Sub Tab
[2025-11-18T09:50:59.733Z] [INFO] Clicking on element activity Tab
[2025-11-18T09:50:59.985Z] [DEBUG] Clicked on element activity Tab
[2025-11-18T09:51:00.084Z] [INFO] Scrolling attempt 1
[2025-11-18T09:51:00.762Z] [INFO] Scrolling attempt 2
[2025-11-18T09:51:01.396Z] [INFO] Scrolling attempt 3
[2025-11-18T09:51:01.995Z] [INFO] Element became visible during scroll.
[2025-11-18T09:51:04.180Z] [INFO] Clicking on element View All Files Button
[2025-11-18T09:51:04.743Z] [DEBUG] Clicked on element View All Files Button
[2025-11-18T09:51:08.057Z] [INFO] Clicking on element Close Files Sub Tab
[2025-11-18T09:51:08.289Z] [DEBUG] Clicked on element Close Files Sub Tab
[2025-11-18T09:51:08.651Z] [INFO] Clicking on element NBIL New Button
[2025-11-18T09:51:09.166Z] [DEBUG] Clicked on element NBIL New Button
[2025-11-18T09:51:11.508Z] [INFO] Clicking on element all Carriers Value 
[2025-11-18T09:51:11.898Z] [DEBUG] Clicked on element all Carriers Value 
[2025-11-18T09:51:12.095Z] [INFO] Clicking on element nbilNextButton
[2025-11-18T09:51:12.449Z] [DEBUG] Clicked on element nbilNextButton
[2025-11-18T09:51:12.457Z] [INFO] Sending text 'nuguri.charitha@us.lockton.com.uat' to email Id
[2025-11-18T09:51:14.140Z] [DEBUG] Sent text 'nuguri.charitha@us.lockton.com.uat' to email Id
[2025-11-18T09:51:19.492Z] [INFO] Clicking on element Done Button
[2025-11-18T09:51:19.824Z] [DEBUG] Clicked on element Done Button
[2025-11-18T09:51:25.611Z] [INFO] Clicking on element Done Button
[2025-11-18T09:51:26.018Z] [DEBUG] Clicked on element Done Button
[2025-11-18T09:51:26.685Z] [INFO] Clicking on element Close NDA/NBIL Flow Button
[2025-11-18T09:51:26.994Z] [DEBUG] Clicked on element Close NDA/NBIL Flow Button
[2025-11-18T09:51:30.285Z] [INFO] Element became visible during scroll.
[2025-11-18T09:51:32.518Z] [INFO] Clicking on element View All Files Button
[2025-11-18T09:51:33.137Z] [DEBUG] Clicked on element View All Files Button
[2025-11-18T09:51:36.355Z] [INFO] Clicking on element Close Files Sub Tab
[2025-11-18T09:51:36.607Z] [DEBUG] Clicked on element Close Files Sub Tab
[2025-11-18T09:51:36.932Z] [INFO] Clicking on element NBIL New Button
[2025-11-18T09:51:37.386Z] [DEBUG] Clicked on element NBIL New Button
[2025-11-18T09:51:39.702Z] [INFO] Clicking on element all Carriers Value 
[2025-11-18T09:51:39.941Z] [DEBUG] Clicked on element all Carriers Value 
[2025-11-18T09:51:40.114Z] [INFO] Clicking on element nbilNextButton
[2025-11-18T09:51:40.363Z] [DEBUG] Clicked on element nbilNextButton
[2025-11-18T09:51:40.373Z] [INFO] Sending text 'nuguri.charitha@us.lockton.com' to email Id
[2025-11-18T09:51:41.997Z] [DEBUG] Sent text 'nuguri.charitha@us.lockton.com' to email Id
[2025-11-18T09:51:42.152Z] [INFO] Subject field is validated successfully with opportunity name.
[2025-11-18T09:51:47.558Z] [INFO] Clicking on element Done Button
[2025-11-18T09:51:47.867Z] [DEBUG] Clicked on element Done Button
[2025-11-18T09:51:53.745Z] [INFO] Clicking on element Done Button
[2025-11-18T09:51:54.245Z] [DEBUG] Clicked on element Done Button
[2025-11-18T09:52:00.005Z] [INFO] Clicking on element Done Button
[2025-11-18T09:52:00.510Z] [DEBUG] Clicked on element Done Button
[2025-11-18T09:52:01.122Z] [INFO] Clicking on element Previous Button
[2025-11-18T09:52:01.476Z] [DEBUG] Clicked on element Previous Button
[2025-11-18T09:52:03.523Z] [INFO] Clicking on element Next Button
[2025-11-18T09:52:03.828Z] [DEBUG] Clicked on element Next Button
[2025-11-18T09:52:07.227Z] [INFO] Sending text 'nuguri.charitha@us.lockton.com' to email Id
[2025-11-18T09:52:07.651Z] [DEBUG] Sent text 'nuguri.charitha@us.lockton.com' to email Id
[2025-11-18T09:52:13.277Z] [INFO] Clicking on element Done Button
[2025-11-18T09:52:13.976Z] [DEBUG] Clicked on element Done Button
[2025-11-18T09:52:19.947Z] [INFO] Clicking on element Done Button
[2025-11-18T09:52:20.472Z] [DEBUG] Clicked on element Done Button
[2025-11-18T09:52:26.496Z] [INFO] Clicking on element Done Button
[2025-11-18T09:52:27.080Z] [DEBUG] Clicked on element Done Button
[2025-11-18T09:52:33.388Z] [INFO] Clicking on element Done Button
[2025-11-18T09:52:34.053Z] [DEBUG] Clicked on element Done Button
[2025-11-18T09:52:36.441Z] [INFO] Clicking on element Close Duplicate Error Button
[2025-11-18T09:52:37.079Z] [DEBUG] Clicked on element Close Duplicate Error Button
[2025-11-18T09:52:37.252Z] [INFO] Clicking on element Delete file button
[2025-11-18T09:52:37.828Z] [DEBUG] Clicked on element Delete file button
[2025-11-18T09:52:37.948Z] [INFO] Clicking on element preview Text
[2025-11-18T09:52:38.586Z] [DEBUG] Clicked on element preview Text
[2025-11-18T09:52:41.551Z] [INFO] Sending text 'This is to inform you that the NBIL request has been updated with new static Test Information.' to static Carrier Text
[2025-11-18T09:52:41.974Z] [DEBUG] Sent text 'This is to inform you that the NBIL request has been updated with new static Test Information.' to static Carrier Text
[2025-11-18T09:52:41.996Z] [INFO] Clicking on element send Button
[2025-11-18T09:52:42.499Z] [DEBUG] Clicked on element send Button
[2025-11-18T09:52:46.660Z] [INFO] Clicking on element successWindow Close Button
[2025-11-18T09:52:47.183Z] [DEBUG] Clicked on element successWindow Close Button
[2025-11-18T09:52:50.610Z] [INFO] Clicking on element activity Tab
[2025-11-18T09:52:57.628Z] [DEBUG] Clicked on element activity Tab
[2025-11-18T09:52:58.225Z] [INFO] Clicking on element Email Request Sent Link
[2025-11-18T09:53:00.413Z] [DEBUG] Clicked on element Email Request Sent Link
[2025-11-18T09:53:00.424Z] [INFO] Clicking on element Email Details Tab
[2025-11-18T09:53:02.863Z] [DEBUG] Clicked on element Email Details Tab
[2025-11-18T09:53:02.869Z] [INFO] Clicking on element Email Details Tab
[2025-11-18T09:53:03.366Z] [DEBUG] Clicked on element Email Details Tab
[2025-11-18T09:53:04.024Z] [INFO] Clicking on element Close NBIL Sub Tab
[2025-11-18T09:53:04.488Z] [DEBUG] Clicked on element Close NBIL Sub Tab
[2025-11-18T09:53:04.921Z] [INFO] Clicking on element activity Tab
[2025-11-18T09:53:05.284Z] [DEBUG] Clicked on element activity Tab
[2025-11-18T09:53:05.443Z] [INFO] Scrolling attempt 1
[2025-11-18T09:53:06.053Z] [INFO] Scrolling attempt 2
[2025-11-18T09:53:06.807Z] [INFO] Scrolling attempt 3
[2025-11-18T09:53:07.472Z] [INFO] Element became visible during scroll.
[2025-11-18T09:53:09.643Z] [INFO] Clicking on element View All Files Button
[2025-11-18T09:53:10.461Z] [DEBUG] Clicked on element View All Files Button
[2025-11-18T09:53:13.777Z] [INFO] Clicking on element Close Files Sub Tab
[2025-11-18T09:53:14.055Z] [DEBUG] Clicked on element Close Files Sub Tab
[2025-11-18T09:53:14.437Z] [INFO] Clicking on element NBIL New Button
[2025-11-18T09:53:15.160Z] [DEBUG] Clicked on element NBIL New Button
[2025-11-18T09:53:17.566Z] [INFO] Clicking on element all Carriers Value 
[2025-11-18T09:53:17.999Z] [DEBUG] Clicked on element all Carriers Value 
[2025-11-18T09:53:18.246Z] [INFO] Clicking on element nbilNextButton
[2025-11-18T09:53:18.599Z] [DEBUG] Clicked on element nbilNextButton
[2025-11-18T09:53:18.606Z] [INFO] Sending text 'nuguri.charitha@us.lockton.com.uat' to email Id
[2025-11-18T09:53:20.609Z] [DEBUG] Sent text 'nuguri.charitha@us.lockton.com.uat' to email Id
[2025-11-18T09:53:25.884Z] [INFO] Clicking on element Done Button
[2025-11-18T09:53:26.348Z] [DEBUG] Clicked on element Done Button
[2025-11-18T09:53:32.144Z] [INFO] Clicking on element Done Button
[2025-11-18T09:53:32.746Z] [DEBUG] Clicked on element Done Button
[2025-11-18T09:53:33.880Z] [INFO] Clicking on element Close NDA/NBIL Flow Button
[2025-11-18T09:53:34.383Z] [DEBUG] Clicked on element Close NDA/NBIL Flow Button
[2025-11-18T09:53:37.694Z] [INFO] Element became visible during scroll.
[2025-11-18T09:53:40.065Z] [INFO] Clicking on element View All Files Button
[2025-11-18T09:53:41.059Z] [DEBUG] Clicked on element View All Files Button
[2025-11-18T09:53:44.373Z] [INFO] Clicking on element Close Files Sub Tab
[2025-11-18T09:53:44.947Z] [DEBUG] Clicked on element Close Files Sub Tab
[2025-11-18T09:53:45.528Z] [INFO] Clicking on element NBIL New Button
[2025-11-18T09:53:46.424Z] [DEBUG] Clicked on element NBIL New Button
[2025-11-18T09:53:48.788Z] [INFO] Clicking on element all Carriers Value 
[2025-11-18T09:53:49.405Z] [DEBUG] Clicked on element all Carriers Value 
[2025-11-18T09:53:49.877Z] [INFO] Clicking on element nbilNextButton
[2025-11-18T09:53:50.425Z] [DEBUG] Clicked on element nbilNextButton
[2025-11-18T09:53:50.446Z] [INFO] Sending text 'nuguri.charitha@us.lockton.com' to email Id
[2025-11-18T09:53:52.668Z] [DEBUG] Sent text 'nuguri.charitha@us.lockton.com' to email Id
[2025-11-18T09:53:52.867Z] [INFO] Subject field is validated successfully with opportunity name.
[2025-11-18T09:53:58.410Z] [INFO] Clicking on element Done Button
[2025-11-18T09:53:59.029Z] [DEBUG] Clicked on element Done Button
[2025-11-18T09:54:05.075Z] [INFO] Clicking on element Done Button
[2025-11-18T09:54:05.685Z] [DEBUG] Clicked on element Done Button
[2025-11-18T09:54:11.658Z] [INFO] Clicking on element Done Button
[2025-11-18T09:54:12.257Z] [DEBUG] Clicked on element Done Button
[2025-11-18T09:54:12.954Z] [INFO] Clicking on element Previous Button
[2025-11-18T09:54:13.642Z] [DEBUG] Clicked on element Previous Button
[2025-11-18T09:54:15.717Z] [INFO] Clicking on element Next Button
[2025-11-18T09:54:16.203Z] [DEBUG] Clicked on element Next Button
[2025-11-18T09:54:20.170Z] [INFO] Sending text 'nuguri.charitha@us.lockton.com' to email Id
[2025-11-18T09:54:20.605Z] [DEBUG] Sent text 'nuguri.charitha@us.lockton.com' to email Id
[2025-11-18T09:54:26.165Z] [INFO] Clicking on element Done Button
[2025-11-18T09:54:26.784Z] [DEBUG] Clicked on element Done Button
[2025-11-18T09:54:32.881Z] [INFO] Clicking on element Done Button
[2025-11-18T09:54:33.420Z] [DEBUG] Clicked on element Done Button
[2025-11-18T09:54:39.442Z] [INFO] Clicking on element Done Button
[2025-11-18T09:54:40.031Z] [DEBUG] Clicked on element Done Button
[2025-11-18T09:54:46.433Z] [INFO] Clicking on element Done Button
[2025-11-18T09:54:46.987Z] [DEBUG] Clicked on element Done Button
[2025-11-18T09:54:49.462Z] [INFO] Clicking on element Close Duplicate Error Button
[2025-11-18T09:54:50.344Z] [DEBUG] Clicked on element Close Duplicate Error Button
[2025-11-18T09:54:50.518Z] [INFO] Clicking on element Delete file button
[2025-11-18T09:54:51.034Z] [DEBUG] Clicked on element Delete file button
[2025-11-18T09:54:51.124Z] [INFO] Clicking on element preview Text
[2025-11-18T09:54:51.680Z] [DEBUG] Clicked on element preview Text
[2025-11-18T09:54:55.087Z] [INFO] Sending text 'Test Policy Retention Request' to policy Retention Request
[2025-11-18T09:54:55.619Z] [DEBUG] Sent text 'Test Policy Retention Request' to policy Retention Request
[2025-11-18T09:54:57.800Z] [INFO] Sending text 'Test Underwriting Information' to under Writing Information
[2025-11-18T09:54:58.338Z] [DEBUG] Sent text 'Test Underwriting Information' to under Writing Information
[2025-11-18T09:54:58.347Z] [INFO] Clicking on element send Button
[2025-11-18T09:54:58.966Z] [DEBUG] Clicked on element send Button
[2025-11-18T09:55:04.118Z] [INFO] Clicking on element successWindow Close Button
[2025-11-18T09:55:04.726Z] [DEBUG] Clicked on element successWindow Close Button
[2025-11-18T09:55:09.024Z] [INFO] Clicking on element activity Tab
[2025-11-18T09:55:16.230Z] [DEBUG] Clicked on element activity Tab
[2025-11-18T09:55:16.939Z] [INFO] Clicking on element Email Request Sent Link
[2025-11-18T09:55:19.830Z] [DEBUG] Clicked on element Email Request Sent Link
[2025-11-18T09:55:19.839Z] [INFO] Clicking on element Email Details Tab
[2025-11-18T09:55:22.871Z] [DEBUG] Clicked on element Email Details Tab
[2025-11-18T09:55:22.880Z] [INFO] Clicking on element Email Details Tab
[2025-11-18T09:55:24.194Z] [DEBUG] Clicked on element Email Details Tab
[2025-11-18T09:55:35.963Z] [INFO] Clicking on element Close NBIL Sub Tab
[2025-11-18T09:55:36.505Z] [DEBUG] Clicked on element Close NBIL Sub Tab
[2025-11-18T09:55:37.228Z] [INFO] Clicking on element activity Tab
[2025-11-18T09:55:37.860Z] [DEBUG] Clicked on element activity Tab
[2025-11-18T09:55:38.018Z] [INFO] Scrolling attempt 1
[2025-11-18T09:55:38.669Z] [INFO] Scrolling attempt 2
[2025-11-18T09:55:39.623Z] [INFO] Scrolling attempt 3
[2025-11-18T09:55:40.375Z] [INFO] Element became visible during scroll.
[2025-11-18T09:55:42.687Z] [INFO] Clicking on element View All Files Button
[2025-11-18T09:55:43.523Z] [DEBUG] Clicked on element View All Files Button
[2025-11-18T09:55:47.005Z] [INFO] Clicking on element Close Files Sub Tab
[2025-11-18T09:55:47.473Z] [DEBUG] Clicked on element Close Files Sub Tab
[2025-11-18T09:55:48.123Z] [INFO] Clicking on element NBIL New Button
[2025-11-18T09:55:49.240Z] [DEBUG] Clicked on element NBIL New Button
[2025-11-18T09:55:51.507Z] [INFO] Clicking on element all Carriers Value 
[2025-11-18T09:55:52.069Z] [DEBUG] Clicked on element all Carriers Value 
[2025-11-18T09:55:52.446Z] [INFO] Clicking on element nbilNextButton
[2025-11-18T09:55:52.963Z] [DEBUG] Clicked on element nbilNextButton
[2025-11-18T09:55:52.974Z] [INFO] Sending text 'nuguri.charitha@us.lockton.com.uat' to email Id
[2025-11-18T09:55:55.199Z] [DEBUG] Sent text 'nuguri.charitha@us.lockton.com.uat' to email Id
[2025-11-18T09:56:00.612Z] [INFO] Clicking on element Done Button
[2025-11-18T09:56:01.097Z] [DEBUG] Clicked on element Done Button
[2025-11-18T09:56:07.208Z] [INFO] Clicking on element Done Button
[2025-11-18T09:56:07.722Z] [DEBUG] Clicked on element Done Button
[2025-11-18T09:56:08.605Z] [INFO] Clicking on element Close NDA/NBIL Flow Button
[2025-11-18T09:56:09.181Z] [DEBUG] Clicked on element Close NDA/NBIL Flow Button
[2025-11-18T09:56:12.452Z] [INFO] Element became visible during scroll.
[2025-11-18T09:56:14.839Z] [INFO] Clicking on element View All Files Button
[2025-11-18T09:56:16.021Z] [DEBUG] Clicked on element View All Files Button
[2025-11-18T09:56:19.407Z] [INFO] Clicking on element Close Files Sub Tab
[2025-11-18T09:56:19.883Z] [DEBUG] Clicked on element Close Files Sub Tab
[2025-11-18T09:56:20.509Z] [INFO] Clicking on element NBIL New Button
[2025-11-18T09:56:21.391Z] [DEBUG] Clicked on element NBIL New Button
[2025-11-18T09:56:23.678Z] [INFO] Clicking on element all Carriers Value 
[2025-11-18T09:56:24.238Z] [DEBUG] Clicked on element all Carriers Value 
[2025-11-18T09:56:24.567Z] [INFO] Clicking on element nbilNextButton
[2025-11-18T09:56:25.094Z] [DEBUG] Clicked on element nbilNextButton
[2025-11-18T09:56:25.108Z] [INFO] Sending text 'nuguri.charitha@us.lockton.com' to email Id
[2025-11-18T09:56:27.272Z] [DEBUG] Sent text 'nuguri.charitha@us.lockton.com' to email Id
[2025-11-18T09:56:27.580Z] [INFO] Subject field is validated successfully with opportunity name.
[2025-11-18T09:56:33.157Z] [INFO] Clicking on element Done Button
[2025-11-18T09:56:33.798Z] [DEBUG] Clicked on element Done Button
[2025-11-18T09:56:39.682Z] [INFO] Clicking on element Done Button
[2025-11-18T09:56:40.552Z] [DEBUG] Clicked on element Done Button
[2025-11-18T09:56:46.645Z] [INFO] Clicking on element Done Button
[2025-11-18T09:56:47.247Z] [DEBUG] Clicked on element Done Button
[2025-11-18T09:56:48.027Z] [INFO] Clicking on element Previous Button
[2025-11-18T09:56:48.701Z] [DEBUG] Clicked on element Previous Button
[2025-11-18T09:56:50.790Z] [INFO] Clicking on element Next Button
[2025-11-18T09:56:51.393Z] [DEBUG] Clicked on element Next Button
[2025-11-18T09:56:54.778Z] [INFO] Sending text 'nuguri.charitha@us.lockton.com' to email Id
[2025-11-18T09:56:55.272Z] [DEBUG] Sent text 'nuguri.charitha@us.lockton.com' to email Id
[2025-11-18T09:57:01.021Z] [INFO] Clicking on element Done Button
[2025-11-18T09:57:01.635Z] [DEBUG] Clicked on element Done Button
[2025-11-18T09:57:07.663Z] [INFO] Clicking on element Done Button
[2025-11-18T09:57:08.395Z] [DEBUG] Clicked on element Done Button
[2025-11-18T09:57:14.594Z] [INFO] Clicking on element Done Button
[2025-11-18T09:57:15.409Z] [DEBUG] Clicked on element Done Button
[2025-11-18T09:57:21.663Z] [INFO] Clicking on element Done Button
[2025-11-18T09:57:22.426Z] [DEBUG] Clicked on element Done Button
[2025-11-18T09:57:24.961Z] [INFO] Clicking on element Close Duplicate Error Button
[2025-11-18T09:57:25.663Z] [DEBUG] Clicked on element Close Duplicate Error Button
[2025-11-18T09:57:25.876Z] [INFO] Clicking on element Delete file button
[2025-11-18T09:57:26.476Z] [DEBUG] Clicked on element Delete file button
[2025-11-18T09:57:26.600Z] [INFO] Clicking on element preview Text
[2025-11-18T09:57:27.236Z] [DEBUG] Clicked on element preview Text
[2025-11-18T09:57:31.508Z] [INFO] Clicking on element table Text Input
[2025-11-18T09:57:32.174Z] [DEBUG] Clicked on element table Text Input
[2025-11-18T09:57:32.486Z] [INFO] Clicking on element send Button
[2025-11-18T09:57:33.008Z] [DEBUG] Clicked on element send Button
[2025-11-18T09:57:38.179Z] [INFO] Clicking on element successWindow Close Button
[2025-11-18T09:57:38.661Z] [DEBUG] Clicked on element successWindow Close Button
[2025-11-18T09:57:41.535Z] [INFO] Clicking on element activity Tab
[2025-11-18T09:57:49.465Z] [DEBUG] Clicked on element activity Tab
[2025-11-18T09:57:50.187Z] [INFO] Clicking on element Email Request Sent Link
[2025-11-18T09:57:54.260Z] [DEBUG] Clicked on element Email Request Sent Link
[2025-11-18T09:57:54.266Z] [INFO] Clicking on element Email Details Tab
[2025-11-18T09:57:57.284Z] [DEBUG] Clicked on element Email Details Tab
[2025-11-18T09:57:57.297Z] [INFO] Clicking on element Email Details Tab
[2025-11-18T09:57:57.930Z] [DEBUG] Clicked on element Email Details Tab
[2025-11-18T09:58:00.384Z] [INFO] Clicking on element Close NBIL Sub Tab
[2025-11-18T09:58:00.938Z] [DEBUG] Clicked on element Close NBIL Sub Tab
[2025-11-18T09:58:01.683Z] [INFO] Clicking on element activity Tab
[2025-11-18T09:58:01.907Z] [DEBUG] Clicked on element activity Tab
[2025-11-18T09:58:01.984Z] [INFO] Scrolling attempt 1
[2025-11-18T09:58:02.719Z] [INFO] Scrolling attempt 2
[2025-11-18T09:58:03.686Z] [INFO] Element became visible during scroll.
[2025-11-18T09:58:06.040Z] [INFO] Clicking on element View All Files Button
[2025-11-18T09:58:06.928Z] [DEBUG] Clicked on element View All Files Button
[2025-11-18T09:58:10.470Z] [INFO] Clicking on element Close Files Sub Tab
[2025-11-18T09:58:10.896Z] [DEBUG] Clicked on element Close Files Sub Tab
[2025-11-18T09:58:11.544Z] [INFO] Clicking on element NBIL New Button
[2025-11-18T09:58:12.291Z] [DEBUG] Clicked on element NBIL New Button
[2025-11-18T09:58:14.867Z] [INFO] Clicking on element all Carriers Value 
[2025-11-18T09:58:15.499Z] [DEBUG] Clicked on element all Carriers Value 
[2025-11-18T09:58:15.896Z] [INFO] Clicking on element nbilNextButton
[2025-11-18T09:58:16.350Z] [DEBUG] Clicked on element nbilNextButton
[2025-11-18T09:58:16.359Z] [INFO] Sending text 'nuguri.charitha@us.lockton.com.uat' to email Id
[2025-11-18T09:58:18.508Z] [DEBUG] Sent text 'nuguri.charitha@us.lockton.com.uat' to email Id
[2025-11-18T09:58:23.916Z] [INFO] Clicking on element Done Button
[2025-11-18T09:58:24.530Z] [DEBUG] Clicked on element Done Button
[2025-11-18T09:58:30.515Z] [INFO] Clicking on element Done Button
[2025-11-18T09:58:31.210Z] [DEBUG] Clicked on element Done Button
[2025-11-18T09:58:32.323Z] [INFO] Clicking on element Close NDA/NBIL Flow Button
[2025-11-18T09:58:32.817Z] [DEBUG] Clicked on element Close NDA/NBIL Flow Button
[2025-11-18T09:58:36.126Z] [INFO] Element became visible during scroll.
[2025-11-18T09:58:38.591Z] [INFO] Clicking on element View All Files Button
[2025-11-18T09:58:39.639Z] [DEBUG] Clicked on element View All Files Button
[2025-11-18T09:58:43.217Z] [INFO] Clicking on element Close Files Sub Tab
[2025-11-18T09:58:43.969Z] [DEBUG] Clicked on element Close Files Sub Tab
[2025-11-18T09:58:44.792Z] [INFO] Clicking on element NBIL New Button
[2025-11-18T09:58:45.692Z] [DEBUG] Clicked on element NBIL New Button
[2025-11-18T09:58:48.013Z] [INFO] Clicking on element all Carriers Value 
[2025-11-18T09:58:48.767Z] [DEBUG] Clicked on element all Carriers Value 
[2025-11-18T09:58:49.132Z] [INFO] Clicking on element nbilNextButton
[2025-11-18T09:58:49.591Z] [DEBUG] Clicked on element nbilNextButton
[2025-11-18T09:58:49.604Z] [INFO] Sending text 'nuguri.charitha@us.lockton.com' to email Id
[2025-11-18T09:58:51.829Z] [DEBUG] Sent text 'nuguri.charitha@us.lockton.com' to email Id
[2025-11-18T09:58:52.063Z] [INFO] Subject field is validated successfully with opportunity name.
[2025-11-18T09:58:57.684Z] [INFO] Clicking on element Done Button
[2025-11-18T09:58:58.317Z] [DEBUG] Clicked on element Done Button
[2025-11-18T09:59:04.330Z] [INFO] Clicking on element Done Button
[2025-11-18T09:59:05.029Z] [DEBUG] Clicked on element Done Button
[2025-11-18T09:59:11.154Z] [INFO] Clicking on element Done Button
[2025-11-18T09:59:11.700Z] [DEBUG] Clicked on element Done Button
[2025-11-18T09:59:12.373Z] [INFO] Clicking on element Previous Button
[2025-11-18T09:59:12.918Z] [DEBUG] Clicked on element Previous Button
[2025-11-18T09:59:15.025Z] [INFO] Clicking on element Next Button
[2025-11-18T09:59:15.585Z] [DEBUG] Clicked on element Next Button
[2025-11-18T09:59:18.986Z] [INFO] Sending text 'nuguri.charitha@us.lockton.com' to email Id
[2025-11-18T09:59:19.519Z] [DEBUG] Sent text 'nuguri.charitha@us.lockton.com' to email Id
[2025-11-18T09:59:25.240Z] [INFO] Clicking on element Done Button
[2025-11-18T09:59:26.192Z] [DEBUG] Clicked on element Done Button
[2025-11-18T09:59:32.344Z] [INFO] Clicking on element Done Button
[2025-11-18T09:59:32.905Z] [DEBUG] Clicked on element Done Button
[2025-11-18T09:59:39.285Z] [INFO] Clicking on element Done Button
[2025-11-18T09:59:39.896Z] [DEBUG] Clicked on element Done Button
[2025-11-18T09:59:46.222Z] [INFO] Clicking on element Done Button
[2025-11-18T09:59:46.731Z] [DEBUG] Clicked on element Done Button
[2025-11-18T09:59:49.096Z] [INFO] Clicking on element Close Duplicate Error Button
[2025-11-18T09:59:49.624Z] [DEBUG] Clicked on element Close Duplicate Error Button
[2025-11-18T09:59:49.823Z] [INFO] Clicking on element Delete file button
[2025-11-18T09:59:50.376Z] [DEBUG] Clicked on element Delete file button
[2025-11-18T09:59:50.469Z] [INFO] Clicking on element preview Text
[2025-11-18T09:59:50.967Z] [DEBUG] Clicked on element preview Text
[2025-11-18T09:59:54.192Z] [INFO] Sending text 'nuguri.charitha@us.lockton.com.uat' to cc Field Locator
[2025-11-18T09:59:54.654Z] [DEBUG] Sent text 'nuguri.charitha@us.lockton.com.uat' to cc Field Locator
[2025-11-18T09:59:54.665Z] [INFO] Sending text 'This is to inform you that the NBIL request has been updated with new comprehensive Data.' to static Carrier Text
[2025-11-18T09:59:55.152Z] [DEBUG] Sent text 'This is to inform you that the NBIL request has been updated with new comprehensive Data.' to static Carrier Text
[2025-11-18T09:59:55.158Z] [INFO] Sending text 'Test Policy Retention Request' to policy Retention Request
[2025-11-18T09:59:55.680Z] [DEBUG] Sent text 'Test Policy Retention Request' to policy Retention Request
[2025-11-18T09:59:57.488Z] [INFO] Sending text 'Test Underwriting Information' to under Writing Information
[2025-11-18T09:59:58.069Z] [DEBUG] Sent text 'Test Underwriting Information' to under Writing Information
[2025-11-18T09:59:58.149Z] [INFO] Clicking on element send Button
[2025-11-18T09:59:58.902Z] [DEBUG] Clicked on element send Button
[2025-11-18T10:00:03.583Z] [INFO] Clicking on element successWindow Close Button
[2025-11-18T10:00:04.003Z] [DEBUG] Clicked on element successWindow Close Button
[2025-11-18T10:00:07.217Z] [INFO] Clicking on element activity Tab
[2025-11-18T10:00:13.064Z] [DEBUG] Clicked on element activity Tab
[2025-11-18T10:00:14.160Z] [INFO] Clicking on element Email Request Sent Link
[2025-11-18T10:00:17.040Z] [DEBUG] Clicked on element Email Request Sent Link
[2025-11-18T10:00:17.087Z] [INFO] Clicking on element Email Details Tab
[2025-11-18T10:00:19.942Z] [DEBUG] Clicked on element Email Details Tab
[2025-11-18T10:00:19.993Z] [INFO] Clicking on element Email Details Tab
[2025-11-18T10:00:20.771Z] [DEBUG] Clicked on element Email Details Tab
[2025-11-18T10:00:33.201Z] [INFO] Clicking on element Close NBIL Sub Tab
[2025-11-18T10:00:33.753Z] [DEBUG] Clicked on element Close NBIL Sub Tab
[2025-11-18T10:00:34.456Z] [INFO] Clicking on element activity Tab
[2025-11-18T10:00:35.298Z] [DEBUG] Clicked on element activity Tab
[2025-11-18T10:00:35.611Z] [INFO] Scrolling attempt 1
[2025-11-18T10:00:36.496Z] [INFO] Scrolling attempt 2
[2025-11-18T10:00:37.582Z] [INFO] Element became visible during scroll.
[2025-11-18T10:00:40.041Z] [INFO] Clicking on element View All Files Button
[2025-11-18T10:00:41.097Z] [DEBUG] Clicked on element View All Files Button
[2025-11-18T10:00:44.541Z] [INFO] Clicking on element Close Files Sub Tab
[2025-11-18T10:00:44.973Z] [DEBUG] Clicked on element Close Files Sub Tab
[2025-11-18T10:00:45.636Z] [INFO] Clicking on element NBIL New Button
[2025-11-18T10:00:46.579Z] [DEBUG] Clicked on element NBIL New Button
[2025-11-18T10:00:48.934Z] [INFO] Clicking on element all Carriers Value 
[2025-11-18T10:00:49.585Z] [DEBUG] Clicked on element all Carriers Value 
[2025-11-18T10:00:49.909Z] [INFO] Clicking on element nbilNextButton
[2025-11-18T10:00:50.411Z] [DEBUG] Clicked on element nbilNextButton
[2025-11-18T10:00:50.423Z] [INFO] Sending text 'nuguri.charitha@us.lockton.com.uat' to email Id
[2025-11-18T10:00:52.991Z] [DEBUG] Sent text 'nuguri.charitha@us.lockton.com.uat' to email Id
[2025-11-18T10:00:58.641Z] [INFO] Clicking on element Done Button
[2025-11-18T10:00:59.200Z] [DEBUG] Clicked on element Done Button
[2025-11-18T10:01:05.548Z] [INFO] Clicking on element Done Button
[2025-11-18T10:01:06.188Z] [DEBUG] Clicked on element Done Button
[2025-11-18T10:01:07.148Z] [INFO] Clicking on element Close NDA/NBIL Flow Button
[2025-11-18T10:01:07.781Z] [DEBUG] Clicked on element Close NDA/NBIL Flow Button
[2025-11-18T10:01:11.171Z] [INFO] Element became visible during scroll.
[2025-11-18T10:01:13.599Z] [INFO] Clicking on element View All Files Button
[2025-11-18T10:01:14.794Z] [DEBUG] Clicked on element View All Files Button
[2025-11-18T10:01:49.867Z] [INFO] Sending text 'nuguri.charitha@us.lockton.com.uat' to username Input Value
[2025-11-18T10:01:50.408Z] [DEBUG] Sent text 'nuguri.charitha@us.lockton.com.uat' to username Input Value
[2025-11-18T10:01:50.421Z] [INFO] Sending text 'Charitha@48' to password Input Value
[2025-11-18T10:01:50.786Z] [DEBUG] Sent text 'Charitha@48' to password Input Value
[2025-11-18T10:01:50.797Z] [INFO] Clicking on element login Button
[2025-11-18T10:01:55.218Z] [DEBUG] Clicked on element login Button
[2025-11-18T10:02:03.069Z] [INFO] Clicking on element setUp Icon
[2025-11-18T10:02:05.115Z] [DEBUG] Clicked on element setUp Icon
[2025-11-18T10:02:16.810Z] [INFO] Clicking on element user Search Result
[2025-11-18T10:02:20.397Z] [DEBUG] Clicked on element user Search Result
[2025-11-18T10:02:44.929Z] [INFO] Clicking on element show Navigation Menu
[2025-11-18T10:02:45.343Z] [DEBUG] Clicked on element show Navigation Menu
[2025-11-18T10:02:45.401Z] [INFO] Clicking on element accounts Menu Item
[2025-11-18T10:02:45.626Z] [DEBUG] Clicked on element accounts Menu Item
[2025-11-18T10:02:50.724Z] [INFO] Clicking on element list View Element
[2025-11-18T10:02:53.004Z] [DEBUG] Clicked on element list View Element
[2025-11-18T10:02:53.159Z] [INFO] Sending text 'All Clients' to searchBox ListViewInput
[2025-11-18T10:02:53.721Z] [DEBUG] Sent text 'All Clients' to searchBox ListViewInput
[2025-11-18T10:02:53.810Z] [INFO] Clicking on element all Clients In List View
[2025-11-18T10:02:54.775Z] [DEBUG] Clicked on element all Clients In List View
[2025-11-18T10:02:54.863Z] [INFO] Clicking on element global Search Button
[2025-11-18T10:02:59.103Z] [DEBUG] Clicked on element global Search Button
[2025-11-18T10:02:59.258Z] [INFO] Sending text '1031 Exchange Corporation' to global Search Input
[2025-11-18T10:03:00.070Z] [DEBUG] Sent text '1031 Exchange Corporation' to global Search Input
[2025-11-18T10:03:01.288Z] [INFO] Clicking on element global Search Result
[2025-11-18T10:03:02.907Z] [DEBUG] Clicked on element global Search Result
[2025-11-18T10:03:02.916Z] [INFO] AccountPage: Validating account record type: Client
[2025-11-18T10:03:03.625Z] [INFO] AccountPage: Account record type 'Client' is visible.
[2025-11-18T10:03:03.633Z] [INFO] Clicking on element new Opportunity Button
[2025-11-18T10:03:05.323Z] [DEBUG] Clicked on element new Opportunity Button
[2025-11-18T10:03:05.329Z] [INFO] Clicking on element intial Intake Button
[2025-11-18T10:03:07.363Z] [DEBUG] Clicked on element intial Intake Button
[2025-11-18T10:03:07.373Z] [INFO] Clicking on element opportunity Next Button
[2025-11-18T10:03:08.816Z] [DEBUG] Clicked on element opportunity Next Button
[2025-11-18T10:03:11.349Z] [INFO] Sending text 'auto czhme' to opportunity Name
[2025-11-18T10:03:12.082Z] [DEBUG] Sent text 'auto czhme' to opportunity Name
[2025-11-18T10:03:12.452Z] [INFO] Clicking on element stage DropDown
[2025-11-18T10:03:13.281Z] [DEBUG] Clicked on element stage DropDown
[2025-11-18T10:03:13.693Z] [INFO] Clicking on element stage Value
[2025-11-18T10:03:14.468Z] [DEBUG] Clicked on element stage Value
[2025-11-18T10:03:16.003Z] [INFO] Clicking on element insurance DropDown
[2025-11-18T10:03:16.685Z] [DEBUG] Clicked on element insurance DropDown
[2025-11-18T10:03:17.210Z] [INFO] Clicking on element Insurance Type Option
[2025-11-18T10:03:17.999Z] [DEBUG] Clicked on element Insurance Type Option
[2025-11-18T10:03:18.001Z] [INFO] Clicking on element insurance Sub Type Drop Down
[2025-11-18T10:03:18.847Z] [DEBUG] Clicked on element insurance Sub Type Drop Down
[2025-11-18T10:03:18.850Z] [INFO] Clicking on element insurance Type field
[2025-11-18T10:03:19.524Z] [DEBUG] Clicked on element insurance Type field
[2025-11-18T10:03:21.649Z] [INFO] Clicking on element save Button
[2025-11-18T10:03:22.146Z] [DEBUG] Clicked on element save Button
[2025-11-18T10:03:27.018Z] [INFO] Clicking on element show More Actions DropDown
[2025-11-18T10:03:28.360Z] [DEBUG] Clicked on element show More Actions DropDown
[2025-11-18T10:03:28.362Z] [INFO] Clicking on element manage Opportunity Assignment Option
[2025-11-18T10:03:29.976Z] [DEBUG] Clicked on element manage Opportunity Assignment Option
[2025-11-18T10:03:30.777Z] [INFO] Clicking on element Add Assignment Button
[2025-11-18T10:03:32.694Z] [DEBUG] Clicked on element Add Assignment Button
[2025-11-18T10:03:32.960Z] [INFO] Clicking on element Add Assignment Button
[2025-11-18T10:03:33.869Z] [DEBUG] Clicked on element Add Assignment Button
[2025-11-18T10:03:33.878Z] [INFO] Sending text 'Patricia Urraca' to Add Assignment Button
[2025-11-18T10:03:35.263Z] [DEBUG] Sent text 'Patricia Urraca' to Add Assignment Button
[2025-11-18T10:03:35.270Z] [INFO] Clicking on element personNameInList
[2025-11-18T10:03:37.489Z] [DEBUG] Clicked on element personNameInList
[2025-11-18T10:03:37.496Z] [INFO] Clicking on element Service LeadCheckBox
[2025-11-18T10:03:38.742Z] [DEBUG] Clicked on element Service LeadCheckBox
[2025-11-18T10:03:38.993Z] [INFO] Sending text '100' to Primary Producer Allocation TextBox
[2025-11-18T10:03:39.901Z] [DEBUG] Sent text '100' to Primary Producer Allocation TextBox
[2025-11-18T10:03:39.915Z] [INFO] Clicking on element SaveAndClose Button
[2025-11-18T10:03:40.875Z] [DEBUG] Clicked on element SaveAndClose Button
[2025-11-18T10:03:40.884Z] [INFO] Clicking on element edit Button
[2025-11-18T10:03:43.616Z] [DEBUG] Clicked on element edit Button
[2025-11-18T10:03:47.419Z] [INFO] Sending text '11/18/2026' to quote DueDate Field
[2025-11-18T10:03:49.953Z] [DEBUG] Sent text '11/18/2026' to quote DueDate Field
[2025-11-18T10:03:49.959Z] [INFO] Sending text '900' to enterpriseValueField
[2025-11-18T10:03:52.089Z] [DEBUG] Sent text '900' to enterpriseValueField
[2025-11-18T10:03:52.093Z] [INFO] Sending text 'Progeny Health LLC' to target Field
[2025-11-18T10:03:53.433Z] [DEBUG] Sent text 'Progeny Health LLC' to target Field
[2025-11-18T10:03:53.442Z] [INFO] Sending text 'The company provides Utilization and healthcare services in the U.S.' to target Description Field
[2025-11-18T10:03:54.840Z] [DEBUG] Sent text 'The company provides Utilization and healthcare services in the U.S.' to target Description Field
[2025-11-18T10:03:54.843Z] [INFO] Clicking on element quote DueTime DropDown
[2025-11-18T10:03:56.374Z] [DEBUG] Clicked on element quote DueTime DropDown
[2025-11-18T10:03:56.785Z] [INFO] Clicking on element quote DueTime Value
[2025-11-18T10:03:58.002Z] [DEBUG] Clicked on element quote DueTime Value
[2025-11-18T10:03:58.007Z] [INFO] Clicking on element buyers Council DropDown
[2025-11-18T10:04:00.076Z] [DEBUG] Clicked on element buyers Council DropDown
[2025-11-18T10:04:00.083Z] [INFO] Clicking on element buyers Council DropDown Value
[2025-11-18T10:04:02.162Z] [DEBUG] Clicked on element buyers Council DropDown Value
[2025-11-18T10:04:02.173Z] [INFO] Sending text '108' to limit Requested
[2025-11-18T10:04:03.920Z] [DEBUG] Sent text '108' to limit Requested
[2025-11-18T10:04:03.924Z] [INFO] Clicking on element save Button
[2025-11-18T10:04:05.965Z] [DEBUG] Clicked on element save Button
[2025-11-18T10:04:05.974Z] [INFO] Clicking on element edit Button
[2025-11-18T10:04:10.209Z] [DEBUG] Clicked on element edit Button
[2025-11-18T10:04:11.866Z] [INFO] Sending text '35' to rollover Percentage
[2025-11-18T10:04:14.857Z] [DEBUG] Sent text '35' to rollover Percentage
[2025-11-18T10:04:14.866Z] [INFO] Sending text 'Test Purchase Agreement' to purchase Agreement
[2025-11-18T10:04:17.421Z] [DEBUG] Sent text 'Test Purchase Agreement' to purchase Agreement
[2025-11-18T10:04:17.427Z] [INFO] Clicking on element sellers Council DropDown
[2025-11-18T10:04:20.209Z] [DEBUG] Clicked on element sellers Council DropDown
[2025-11-18T10:04:20.216Z] [INFO] Clicking on element sellers Council Value
[2025-11-18T10:04:22.927Z] [DEBUG] Clicked on element sellers Council Value
[2025-11-18T10:04:22.934Z] [INFO] Sending text '300' to limit Requested2
[2025-11-18T10:04:25.381Z] [DEBUG] Sent text '300' to limit Requested2
[2025-11-18T10:04:25.390Z] [INFO] Clicking on element limit Comments
[2025-11-18T10:04:28.078Z] [DEBUG] Clicked on element limit Comments
[2025-11-18T10:04:28.082Z] [INFO] Sending text 'Test limit Comments' to limit Comments
[2025-11-18T10:04:29.469Z] [DEBUG] Sent text 'Test limit Comments' to limit Comments
[2025-11-18T10:04:29.475Z] [INFO] Clicking on element other Requested Terms
[2025-11-18T10:04:31.718Z] [DEBUG] Clicked on element other Requested Terms
[2025-11-18T10:04:31.730Z] [INFO] Sending text 'Test other requested terms' to other Requested Terms
[2025-11-18T10:04:34.114Z] [DEBUG] Sent text 'Test other requested terms' to other Requested Terms
[2025-11-18T10:04:34.123Z] [INFO] Clicking on element draft Purchase Agreement CheckBox
[2025-11-18T10:04:37.218Z] [DEBUG] Clicked on element draft Purchase Agreement CheckBox
[2025-11-18T10:04:37.227Z] [INFO] Clicking on element type Of Financials DropDown
[2025-11-18T10:04:40.207Z] [DEBUG] Clicked on element type Of Financials DropDown
[2025-11-18T10:04:40.213Z] [INFO] Clicking on element type Of Financials Value
[2025-11-18T10:04:43.248Z] [DEBUG] Clicked on element type Of Financials Value
[2025-11-18T10:04:43.258Z] [INFO] Clicking on element deal Book CheckBox
[2025-11-18T10:04:45.682Z] [DEBUG] Clicked on element deal Book CheckBox
[2025-11-18T10:04:45.690Z] [INFO] Clicking on element legal DropDown
[2025-11-18T10:04:49.536Z] [DEBUG] Clicked on element legal DropDown
[2025-11-18T10:04:49.548Z] [INFO] Clicking on element legal Value
[2025-11-18T10:04:53.272Z] [DEBUG] Clicked on element legal Value
[2025-11-18T10:04:53.287Z] [INFO] Clicking on element financial DropDown
[2025-11-18T10:04:56.482Z] [DEBUG] Clicked on element financial DropDown
[2025-11-18T10:04:57.342Z] [INFO] Clicking on element financial Value
[2025-11-18T10:05:00.972Z] [DEBUG] Clicked on element financial Value
[2025-11-18T10:05:00.985Z] [INFO] Clicking on element tax DropDown
[2025-11-18T10:05:05.322Z] [DEBUG] Clicked on element tax DropDown
[2025-11-18T10:05:05.342Z] [INFO] Clicking on element tax Value
[2025-11-18T10:05:08.984Z] [DEBUG] Clicked on element tax Value
[2025-11-18T10:05:08.991Z] [INFO] Clicking on element save Button
[2025-11-18T10:05:12.922Z] [DEBUG] Clicked on element save Button
[2025-11-18T10:05:14.032Z] [INFO] Clicking on element global Search Button
[2025-11-18T10:05:18.216Z] [DEBUG] Clicked on element global Search Button
[2025-11-18T10:05:18.608Z] [INFO] Sending text 'ANV Underwriters' to global Search Input
[2025-11-18T10:05:19.997Z] [DEBUG] Sent text 'ANV Underwriters' to global Search Input
[2025-11-18T10:05:20.804Z] [INFO] Clicking on element global Search Result
[2025-11-18T10:05:21.838Z] [DEBUG] Clicked on element global Search Result
[2025-11-18T10:05:26.574Z] [INFO] Clicking on element taxCarriers Header
[2025-11-18T10:05:27.731Z] [DEBUG] Clicked on element taxCarriers Header
[2025-11-18T10:05:29.545Z] [INFO] Clicking on element Close Last Account Tab
[2025-11-18T10:05:30.697Z] [DEBUG] Clicked on element Close Last Account Tab
[2025-11-18T10:05:30.708Z] [INFO] Clicking on element opportunity Tab
[2025-11-18T10:05:32.620Z] [DEBUG] Clicked on element opportunity Tab
[2025-11-18T10:05:33.113Z] [INFO] Clicking on element NBIL New Button
[2025-11-18T10:05:34.839Z] [DEBUG] Clicked on element NBIL New Button
[2025-11-18T10:05:37.715Z] [INFO] Clicking on element all Carriers Value 
[2025-11-18T10:05:39.089Z] [DEBUG] Clicked on element all Carriers Value 
[2025-11-18T10:05:40.031Z] [INFO] Clicking on element nbilNextButton
[2025-11-18T10:05:41.238Z] [DEBUG] Clicked on element nbilNextButton
[2025-11-18T10:05:41.250Z] [INFO] Sending text 'nuguri.charitha@us.lockton.com' to email Id
[2025-11-18T10:05:44.616Z] [DEBUG] Sent text 'nuguri.charitha@us.lockton.com' to email Id
[2025-11-18T10:05:45.229Z] [INFO] Subject field is validated successfully with opportunity name.
[2025-11-18T10:05:51.630Z] [INFO] Clicking on element Done Button
[2025-11-18T10:05:52.786Z] [DEBUG] Clicked on element Done Button
[2025-11-18T10:05:59.667Z] [INFO] Clicking on element Done Button
[2025-11-18T10:06:00.829Z] [DEBUG] Clicked on element Done Button
[2025-11-18T10:06:07.616Z] [INFO] Clicking on element Done Button
[2025-11-18T10:06:08.962Z] [DEBUG] Clicked on element Done Button
[2025-11-18T10:06:10.311Z] [INFO] Clicking on element Previous Button
[2025-11-18T10:06:11.846Z] [DEBUG] Clicked on element Previous Button
[2025-11-18T10:06:14.062Z] [INFO] Clicking on element Next Button
[2025-11-18T10:06:15.163Z] [DEBUG] Clicked on element Next Button
[2025-11-18T10:06:19.151Z] [INFO] Sending text 'nuguri.charitha@us.lockton.com' to email Id
[2025-11-18T10:06:20.373Z] [DEBUG] Sent text 'nuguri.charitha@us.lockton.com' to email Id
[2025-11-18T10:06:26.613Z] [INFO] Clicking on element Done Button
[2025-11-18T10:06:27.810Z] [DEBUG] Clicked on element Done Button
[2025-11-18T10:06:34.581Z] [INFO] Clicking on element Done Button
[2025-11-18T10:06:36.000Z] [DEBUG] Clicked on element Done Button
[2025-11-18T10:06:42.672Z] [INFO] Clicking on element Done Button
[2025-11-18T10:06:43.955Z] [DEBUG] Clicked on element Done Button
[2025-11-18T10:06:51.485Z] [INFO] Clicking on element Done Button
[2025-11-18T10:06:52.700Z] [DEBUG] Clicked on element Done Button
[2025-11-18T10:06:55.676Z] [INFO] Clicking on element Close Duplicate Error Button
[2025-11-18T10:06:57.056Z] [DEBUG] Clicked on element Close Duplicate Error Button
[2025-11-18T10:06:57.295Z] [INFO] Clicking on element Delete file button
[2025-11-18T10:06:58.545Z] [DEBUG] Clicked on element Delete file button
[2025-11-18T10:06:58.799Z] [INFO] Clicking on element preview Text
[2025-11-18T10:07:00.108Z] [DEBUG] Clicked on element preview Text
[2025-11-18T10:07:05.583Z] [INFO] Sending text 'nuguri.charitha@us.lockton.com.uat' to cc Field Locator
[2025-11-18T10:07:06.812Z] [DEBUG] Sent text 'nuguri.charitha@us.lockton.com.uat' to cc Field Locator
[2025-11-18T10:07:06.823Z] [INFO] Clicking on element send Button
[2025-11-18T10:07:08.338Z] [DEBUG] Clicked on element send Button
[2025-11-18T10:07:13.586Z] [INFO] Clicking on element successWindow Close Button
[2025-11-18T10:07:14.808Z] [DEBUG] Clicked on element successWindow Close Button
[2025-11-18T10:07:19.023Z] [INFO] Clicking on element activity Tab
[2025-11-18T10:07:29.239Z] [DEBUG] Clicked on element activity Tab
[2025-11-18T10:07:30.782Z] [INFO] Clicking on element Email Request Sent Link
[2025-11-18T10:07:31.551Z] [DEBUG] Clicked on element Email Request Sent Link
[2025-11-18T10:07:31.572Z] [INFO] Clicking on element Email Details Tab
[2025-11-18T10:07:35.178Z] [DEBUG] Clicked on element Email Details Tab
[2025-11-18T10:07:35.192Z] [INFO] Clicking on element Email Details Tab
[2025-11-18T10:07:36.294Z] [DEBUG] Clicked on element Email Details Tab
[2025-11-18T10:07:36.906Z] [INFO] Clicking on element Close NBIL Sub Tab
[2025-11-18T10:07:37.615Z] [DEBUG] Clicked on element Close NBIL Sub Tab
[2025-11-18T10:07:38.290Z] [INFO] Clicking on element activity Tab
[2025-11-18T10:07:38.951Z] [DEBUG] Clicked on element activity Tab
[2025-11-18T10:07:39.443Z] [INFO] Scrolling attempt 1
[2025-11-18T10:07:40.255Z] [INFO] Scrolling attempt 2
[2025-11-18T10:07:41.107Z] [INFO] Scrolling attempt 3
[2025-11-18T10:07:41.927Z] [INFO] Element became visible during scroll.
[2025-11-18T10:07:44.295Z] [INFO] Clicking on element View All Files Button
[2025-11-18T10:07:45.208Z] [DEBUG] Clicked on element View All Files Button
[2025-11-18T10:07:48.612Z] [INFO] Clicking on element Close Files Sub Tab
[2025-11-18T10:07:49.018Z] [DEBUG] Clicked on element Close Files Sub Tab
[2025-11-18T10:07:49.735Z] [INFO] Clicking on element NBIL New Button
[2025-11-18T10:07:50.607Z] [DEBUG] Clicked on element NBIL New Button
[2025-11-18T10:07:52.903Z] [INFO] Clicking on element all Carriers Value 
[2025-11-18T10:07:53.425Z] [DEBUG] Clicked on element all Carriers Value 
[2025-11-18T10:07:53.755Z] [INFO] Clicking on element nbilNextButton
[2025-11-18T10:07:54.315Z] [DEBUG] Clicked on element nbilNextButton
[2025-11-18T10:07:54.324Z] [INFO] Sending text 'nuguri.charitha@us.lockton.com.uat' to email Id
[2025-11-18T10:07:56.589Z] [DEBUG] Sent text 'nuguri.charitha@us.lockton.com.uat' to email Id
[2025-11-18T10:08:02.119Z] [INFO] Clicking on element Done Button
[2025-11-18T10:08:02.749Z] [DEBUG] Clicked on element Done Button
[2025-11-18T10:08:08.755Z] [INFO] Clicking on element Done Button
[2025-11-18T10:08:09.511Z] [DEBUG] Clicked on element Done Button
[2025-11-18T10:08:10.436Z] [INFO] Clicking on element Close NDA/NBIL Flow Button
[2025-11-18T10:08:11.182Z] [DEBUG] Clicked on element Close NDA/NBIL Flow Button
[2025-11-18T10:08:14.538Z] [INFO] Element became visible during scroll.
[2025-11-18T10:08:17.025Z] [INFO] Clicking on element View All Files Button
[2025-11-18T10:08:18.186Z] [DEBUG] Clicked on element View All Files Button
[2025-11-18T10:08:21.619Z] [INFO] Clicking on element Close Files Sub Tab
[2025-11-18T10:08:22.337Z] [DEBUG] Clicked on element Close Files Sub Tab
[2025-11-18T10:08:22.916Z] [INFO] Clicking on element NBIL New Button
[2025-11-18T10:08:23.863Z] [DEBUG] Clicked on element NBIL New Button
[2025-11-18T10:08:26.239Z] [INFO] Clicking on element all Carriers Value 
[2025-11-18T10:08:26.905Z] [DEBUG] Clicked on element all Carriers Value 
[2025-11-18T10:08:27.227Z] [INFO] Clicking on element nbilNextButton
[2025-11-18T10:08:27.802Z] [DEBUG] Clicked on element nbilNextButton
[2025-11-18T10:08:27.816Z] [INFO] Sending text 'nuguri.charitha@us.lockton.com' to email Id
[2025-11-18T10:08:30.151Z] [DEBUG] Sent text 'nuguri.charitha@us.lockton.com' to email Id
[2025-11-18T10:08:30.301Z] [INFO] Subject field is validated successfully with opportunity name.
[2025-11-18T10:08:35.893Z] [INFO] Clicking on element Done Button
[2025-11-18T10:08:36.503Z] [DEBUG] Clicked on element Done Button
[2025-11-18T10:08:42.584Z] [INFO] Clicking on element Done Button
[2025-11-18T10:08:43.239Z] [DEBUG] Clicked on element Done Button
[2025-11-18T10:08:49.322Z] [INFO] Clicking on element Done Button
[2025-11-18T10:08:50.090Z] [DEBUG] Clicked on element Done Button
[2025-11-18T10:08:50.806Z] [INFO] Clicking on element Previous Button
[2025-11-18T10:08:51.448Z] [DEBUG] Clicked on element Previous Button
[2025-11-18T10:08:53.564Z] [INFO] Clicking on element Next Button
[2025-11-18T10:08:54.178Z] [DEBUG] Clicked on element Next Button
[2025-11-18T10:08:57.609Z] [INFO] Sending text 'nuguri.charitha@us.lockton.com' to email Id
[2025-11-18T10:08:58.172Z] [DEBUG] Sent text 'nuguri.charitha@us.lockton.com' to email Id
[2025-11-18T10:09:03.785Z] [INFO] Clicking on element Done Button
[2025-11-18T10:09:04.572Z] [DEBUG] Clicked on element Done Button
[2025-11-18T10:09:10.507Z] [INFO] Clicking on element Done Button
[2025-11-18T10:09:10.961Z] [DEBUG] Clicked on element Done Button
[2025-11-18T10:09:16.677Z] [INFO] Clicking on element Done Button
[2025-11-18T10:09:16.890Z] [DEBUG] Clicked on element Done Button
[2025-11-18T10:09:22.861Z] [INFO] Clicking on element Done Button
[2025-11-18T10:09:23.196Z] [DEBUG] Clicked on element Done Button
[2025-11-18T10:09:25.343Z] [INFO] Clicking on element Close Duplicate Error Button
[2025-11-18T10:09:25.757Z] [DEBUG] Clicked on element Close Duplicate Error Button
[2025-11-18T10:09:25.955Z] [INFO] Clicking on element Delete file button
[2025-11-18T10:09:26.313Z] [DEBUG] Clicked on element Delete file button
[2025-11-18T10:09:26.384Z] [INFO] Clicking on element preview Text
[2025-11-18T10:09:26.808Z] [DEBUG] Clicked on element preview Text
[2025-11-18T10:09:28.065Z] [INFO] Sending text 'This is to inform you that the NBIL request email body has been updated with new Test Information.' to email Body Locator
[2025-11-18T10:09:28.335Z] [DEBUG] Sent text 'This is to inform you that the NBIL request email body has been updated with new Test Information.' to email Body Locator
[2025-11-18T10:09:28.339Z] [INFO] Clicking on element send Button
[2025-11-18T10:09:28.641Z] [DEBUG] Clicked on element send Button
[2025-11-18T10:09:32.618Z] [INFO] Clicking on element successWindow Close Button
[2025-11-18T10:09:33.057Z] [DEBUG] Clicked on element successWindow Close Button
[2025-11-18T10:09:35.369Z] [INFO] Clicking on element activity Tab
[2025-11-18T10:09:39.545Z] [DEBUG] Clicked on element activity Tab
[2025-11-18T10:09:40.666Z] [INFO] Clicking on element Email Request Sent Link
[2025-11-18T10:09:41.460Z] [DEBUG] Clicked on element Email Request Sent Link
[2025-11-18T10:09:41.468Z] [INFO] Clicking on element Email Details Tab
[2025-11-18T10:09:43.336Z] [DEBUG] Clicked on element Email Details Tab
[2025-11-18T10:09:43.341Z] [INFO] Clicking on element Email Details Tab
[2025-11-18T10:09:43.792Z] [DEBUG] Clicked on element Email Details Tab
[2025-11-18T10:09:44.134Z] [INFO] Clicking on element Close NBIL Sub Tab
[2025-11-18T10:09:44.488Z] [DEBUG] Clicked on element Close NBIL Sub Tab
[2025-11-18T10:09:44.813Z] [INFO] Clicking on element activity Tab
[2025-11-18T10:09:45.166Z] [DEBUG] Clicked on element activity Tab
[2025-11-18T10:09:45.401Z] [INFO] Scrolling attempt 1
[2025-11-18T10:09:46.059Z] [INFO] Scrolling attempt 2
[2025-11-18T10:09:46.713Z] [INFO] Element became visible during scroll.
[2025-11-18T10:09:48.812Z] [INFO] Clicking on element View All Files Button
[2025-11-18T10:09:49.425Z] [DEBUG] Clicked on element View All Files Button
[2025-11-18T10:09:52.716Z] [INFO] Clicking on element Close Files Sub Tab
[2025-11-18T10:09:53.089Z] [DEBUG] Clicked on element Close Files Sub Tab
[2025-11-18T10:09:53.555Z] [INFO] Clicking on element NBIL New Button
[2025-11-18T10:09:54.168Z] [DEBUG] Clicked on element NBIL New Button
[2025-11-18T10:09:56.355Z] [INFO] Clicking on element all Carriers Value 
[2025-11-18T10:09:56.572Z] [DEBUG] Clicked on element all Carriers Value 
[2025-11-18T10:09:56.782Z] [INFO] Clicking on element nbilNextButton
[2025-11-18T10:09:57.151Z] [DEBUG] Clicked on element nbilNextButton
[2025-11-18T10:09:57.160Z] [INFO] Sending text 'nuguri.charitha@us.lockton.com.uat' to email Id
[2025-11-18T10:09:58.738Z] [DEBUG] Sent text 'nuguri.charitha@us.lockton.com.uat' to email Id
[2025-11-18T10:10:03.961Z] [INFO] Clicking on element Done Button
[2025-11-18T10:10:04.377Z] [DEBUG] Clicked on element Done Button
[2025-11-18T10:10:10.120Z] [INFO] Clicking on element Done Button
[2025-11-18T10:10:10.535Z] [DEBUG] Clicked on element Done Button
[2025-11-18T10:10:11.353Z] [INFO] Clicking on element Close NDA/NBIL Flow Button
[2025-11-18T10:10:11.897Z] [DEBUG] Clicked on element Close NDA/NBIL Flow Button
[2025-11-18T10:10:15.082Z] [INFO] Element became visible during scroll.
[2025-11-18T10:10:17.196Z] [INFO] Clicking on element View All Files Button
[2025-11-18T10:10:17.811Z] [DEBUG] Clicked on element View All Files Button
[2025-11-18T10:10:21.029Z] [INFO] Clicking on element Close Files Sub Tab
[2025-11-18T10:10:21.428Z] [DEBUG] Clicked on element Close Files Sub Tab
[2025-11-18T10:10:21.886Z] [INFO] Clicking on element NBIL New Button
[2025-11-18T10:10:22.576Z] [DEBUG] Clicked on element NBIL New Button
[2025-11-18T10:10:24.867Z] [INFO] Clicking on element all Carriers Value 
[2025-11-18T10:10:25.206Z] [DEBUG] Clicked on element all Carriers Value 
[2025-11-18T10:10:25.493Z] [INFO] Clicking on element nbilNextButton
[2025-11-18T10:10:25.720Z] [DEBUG] Clicked on element nbilNextButton
[2025-11-18T10:10:25.725Z] [INFO] Sending text 'nuguri.charitha@us.lockton.com' to email Id
[2025-11-18T10:10:28.076Z] [DEBUG] Sent text 'nuguri.charitha@us.lockton.com' to email Id
[2025-11-18T10:10:28.257Z] [INFO] Subject field is validated successfully with opportunity name.
[2025-11-18T10:10:33.983Z] [INFO] Clicking on element Done Button
[2025-11-18T10:10:34.446Z] [DEBUG] Clicked on element Done Button
[2025-11-18T10:10:40.272Z] [INFO] Clicking on element Done Button
[2025-11-18T10:10:40.871Z] [DEBUG] Clicked on element Done Button
[2025-11-18T10:10:46.833Z] [INFO] Clicking on element Done Button
[2025-11-18T10:10:47.338Z] [DEBUG] Clicked on element Done Button
[2025-11-18T10:10:48.056Z] [INFO] Clicking on element Previous Button
[2025-11-18T10:10:48.487Z] [DEBUG] Clicked on element Previous Button
[2025-11-18T10:10:50.547Z] [INFO] Clicking on element Next Button
[2025-11-18T10:10:50.837Z] [DEBUG] Clicked on element Next Button
[2025-11-18T10:10:54.142Z] [INFO] Sending text 'nuguri.charitha@us.lockton.com' to email Id
[2025-11-18T10:10:54.611Z] [DEBUG] Sent text 'nuguri.charitha@us.lockton.com' to email Id
[2025-11-18T10:11:00.115Z] [INFO] Clicking on element Done Button
[2025-11-18T10:11:00.777Z] [DEBUG] Clicked on element Done Button
[2025-11-18T10:11:06.651Z] [INFO] Clicking on element Done Button
[2025-11-18T10:11:07.271Z] [DEBUG] Clicked on element Done Button
[2025-11-18T10:11:13.149Z] [INFO] Clicking on element Done Button
[2025-11-18T10:11:13.937Z] [DEBUG] Clicked on element Done Button
[2025-11-18T10:11:20.144Z] [INFO] Clicking on element Done Button
[2025-11-18T10:11:20.576Z] [DEBUG] Clicked on element Done Button
[2025-11-18T10:11:22.785Z] [INFO] Clicking on element Close Duplicate Error Button
[2025-11-18T10:11:23.264Z] [DEBUG] Clicked on element Close Duplicate Error Button
[2025-11-18T10:11:23.429Z] [INFO] Clicking on element Delete file button
[2025-11-18T10:11:23.826Z] [DEBUG] Clicked on element Delete file button
[2025-11-18T10:11:23.870Z] [INFO] Clicking on element preview Text
[2025-11-18T10:11:24.448Z] [DEBUG] Clicked on element preview Text
[2025-11-18T10:11:26.116Z] [INFO] Sending text 'This is to inform you that the NBIL request has been updated with new static Test Information.' to static Carrier Text
[2025-11-18T10:11:26.440Z] [DEBUG] Sent text 'This is to inform you that the NBIL request has been updated with new static Test Information.' to static Carrier Text
[2025-11-18T10:11:26.445Z] [INFO] Clicking on element send Button
[2025-11-18T10:11:26.929Z] [DEBUG] Clicked on element send Button
[2025-11-18T10:11:31.483Z] [INFO] Clicking on element successWindow Close Button
[2025-11-18T10:11:31.754Z] [DEBUG] Clicked on element successWindow Close Button
[2025-11-18T10:11:34.999Z] [INFO] Clicking on element activity Tab
[2025-11-18T10:11:41.196Z] [DEBUG] Clicked on element activity Tab
[2025-11-18T10:11:42.287Z] [INFO] Clicking on element Email Request Sent Link
[2025-11-18T10:11:43.094Z] [DEBUG] Clicked on element Email Request Sent Link
[2025-11-18T10:11:43.098Z] [INFO] Clicking on element Email Details Tab
[2025-11-18T10:11:45.402Z] [DEBUG] Clicked on element Email Details Tab
[2025-11-18T10:11:45.412Z] [INFO] Clicking on element Email Details Tab
[2025-11-18T10:11:45.670Z] [DEBUG] Clicked on element Email Details Tab
[2025-11-18T10:11:46.304Z] [INFO] Clicking on element Close NBIL Sub Tab
[2025-11-18T10:11:46.729Z] [DEBUG] Clicked on element Close NBIL Sub Tab
[2025-11-18T10:11:47.072Z] [INFO] Clicking on element activity Tab
[2025-11-18T10:11:47.344Z] [DEBUG] Clicked on element activity Tab
[2025-11-18T10:11:47.568Z] [INFO] Scrolling attempt 1
[2025-11-18T10:11:48.202Z] [INFO] Scrolling attempt 2
[2025-11-18T10:11:48.940Z] [INFO] Element became visible during scroll.
[2025-11-18T10:11:51.188Z] [INFO] Clicking on element View All Files Button
[2025-11-18T10:11:51.705Z] [DEBUG] Clicked on element View All Files Button
[2025-11-18T10:11:54.893Z] [INFO] Clicking on element Close Files Sub Tab
[2025-11-18T10:11:55.246Z] [DEBUG] Clicked on element Close Files Sub Tab
[2025-11-18T10:11:55.718Z] [INFO] Clicking on element NBIL New Button
[2025-11-18T10:11:56.310Z] [DEBUG] Clicked on element NBIL New Button
[2025-11-18T10:11:58.502Z] [INFO] Clicking on element all Carriers Value 
[2025-11-18T10:11:58.836Z] [DEBUG] Clicked on element all Carriers Value 
[2025-11-18T10:11:59.105Z] [INFO] Clicking on element nbilNextButton
[2025-11-18T10:11:59.448Z] [DEBUG] Clicked on element nbilNextButton
[2025-11-18T10:11:59.456Z] [INFO] Sending text 'nuguri.charitha@us.lockton.com.uat' to email Id
[2025-11-18T10:12:01.145Z] [DEBUG] Sent text 'nuguri.charitha@us.lockton.com.uat' to email Id
[2025-11-18T10:12:06.539Z] [INFO] Clicking on element Done Button
[2025-11-18T10:12:07.008Z] [DEBUG] Clicked on element Done Button
[2025-11-18T10:12:12.809Z] [INFO] Clicking on element Done Button
[2025-11-18T10:12:13.316Z] [DEBUG] Clicked on element Done Button
[2025-11-18T10:12:14.102Z] [INFO] Clicking on element Close NDA/NBIL Flow Button
[2025-11-18T10:12:14.673Z] [DEBUG] Clicked on element Close NDA/NBIL Flow Button
[2025-11-18T10:12:17.883Z] [INFO] Element became visible during scroll.
[2025-11-18T10:12:20.039Z] [INFO] Clicking on element View All Files Button
[2025-11-18T10:12:20.738Z] [DEBUG] Clicked on element View All Files Button
[2025-11-18T10:12:24.102Z] [INFO] Clicking on element Close Files Sub Tab
[2025-11-18T10:12:24.673Z] [DEBUG] Clicked on element Close Files Sub Tab
[2025-11-18T10:12:25.076Z] [INFO] Clicking on element NBIL New Button
[2025-11-18T10:12:25.480Z] [DEBUG] Clicked on element NBIL New Button
[2025-11-18T10:12:27.788Z] [INFO] Clicking on element all Carriers Value 
[2025-11-18T10:12:28.242Z] [DEBUG] Clicked on element all Carriers Value 
[2025-11-18T10:12:28.568Z] [INFO] Clicking on element nbilNextButton
[2025-11-18T10:12:28.867Z] [DEBUG] Clicked on element nbilNextButton
[2025-11-18T10:12:28.869Z] [INFO] Sending text 'nuguri.charitha@us.lockton.com' to email Id
[2025-11-18T10:12:30.786Z] [DEBUG] Sent text 'nuguri.charitha@us.lockton.com' to email Id
[2025-11-18T10:12:30.898Z] [INFO] Subject field is validated successfully with opportunity name.
[2025-11-18T10:12:36.189Z] [INFO] Clicking on element Done Button
[2025-11-18T10:12:36.779Z] [DEBUG] Clicked on element Done Button
[2025-11-18T10:12:42.752Z] [INFO] Clicking on element Done Button
[2025-11-18T10:12:43.333Z] [DEBUG] Clicked on element Done Button
[2025-11-18T10:12:49.145Z] [INFO] Clicking on element Done Button
[2025-11-18T10:12:49.370Z] [DEBUG] Clicked on element Done Button
[2025-11-18T10:12:49.955Z] [INFO] Clicking on element Previous Button
[2025-11-18T10:12:50.326Z] [DEBUG] Clicked on element Previous Button
[2025-11-18T10:12:52.378Z] [INFO] Clicking on element Next Button
[2025-11-18T10:12:52.643Z] [DEBUG] Clicked on element Next Button
[2025-11-18T10:12:55.767Z] [INFO] Sending text 'nuguri.charitha@us.lockton.com' to email Id
[2025-11-18T10:12:55.985Z] [DEBUG] Sent text 'nuguri.charitha@us.lockton.com' to email Id
[2025-11-18T10:13:01.383Z] [INFO] Clicking on element Done Button
[2025-11-18T10:13:01.566Z] [DEBUG] Clicked on element Done Button
[2025-11-18T10:13:07.311Z] [INFO] Clicking on element Done Button
[2025-11-18T10:13:07.538Z] [DEBUG] Clicked on element Done Button
[2025-11-18T10:13:13.433Z] [INFO] Clicking on element Done Button
[2025-11-18T10:13:13.714Z] [DEBUG] Clicked on element Done Button
[2025-11-18T10:13:19.622Z] [INFO] Clicking on element Done Button
[2025-11-18T10:13:19.946Z] [DEBUG] Clicked on element Done Button
[2025-11-18T10:13:22.139Z] [INFO] Clicking on element Close Duplicate Error Button
[2025-11-18T10:13:22.709Z] [DEBUG] Clicked on element Close Duplicate Error Button
[2025-11-18T10:13:22.918Z] [INFO] Clicking on element Delete file button
[2025-11-18T10:13:23.258Z] [DEBUG] Clicked on element Delete file button
[2025-11-18T10:13:23.313Z] [INFO] Clicking on element preview Text
[2025-11-18T10:13:23.683Z] [DEBUG] Clicked on element preview Text
[2025-11-18T10:13:25.738Z] [INFO] Sending text 'Test Policy Retention Request' to policy Retention Request
[2025-11-18T10:13:26.100Z] [DEBUG] Sent text 'Test Policy Retention Request' to policy Retention Request
[2025-11-18T10:13:27.045Z] [INFO] Sending text 'Test Underwriting Information' to under Writing Information
[2025-11-18T10:13:27.389Z] [DEBUG] Sent text 'Test Underwriting Information' to under Writing Information
[2025-11-18T10:13:27.392Z] [INFO] Clicking on element send Button
[2025-11-18T10:13:27.669Z] [DEBUG] Clicked on element send Button
[2025-11-18T10:13:31.683Z] [INFO] Clicking on element successWindow Close Button
[2025-11-18T10:13:31.995Z] [DEBUG] Clicked on element successWindow Close Button
[2025-11-18T10:13:34.602Z] [INFO] Clicking on element activity Tab
[2025-11-18T10:13:40.606Z] [DEBUG] Clicked on element activity Tab
[2025-11-18T10:13:41.218Z] [INFO] Clicking on element Email Request Sent Link
[2025-11-18T10:13:43.516Z] [DEBUG] Clicked on element Email Request Sent Link
[2025-11-18T10:13:43.524Z] [INFO] Clicking on element Email Details Tab
[2025-11-18T10:13:46.007Z] [DEBUG] Clicked on element Email Details Tab
[2025-11-18T10:13:46.010Z] [INFO] Clicking on element Email Details Tab
[2025-11-18T10:13:46.442Z] [DEBUG] Clicked on element Email Details Tab
[2025-11-18T10:13:48.453Z] [INFO] Clicking on element Close NBIL Sub Tab
[2025-11-18T10:13:48.809Z] [DEBUG] Clicked on element Close NBIL Sub Tab
[2025-11-18T10:13:49.478Z] [INFO] Clicking on element activity Tab
[2025-11-18T10:13:49.758Z] [DEBUG] Clicked on element activity Tab
[2025-11-18T10:13:49.952Z] [INFO] Scrolling attempt 1
[2025-11-18T10:13:50.615Z] [INFO] Scrolling attempt 2
[2025-11-18T10:13:51.328Z] [INFO] Scrolling attempt 3
[2025-11-18T10:13:52.004Z] [INFO] Element became visible during scroll.
[2025-11-18T10:13:54.182Z] [INFO] Clicking on element View All Files Button
[2025-11-18T10:13:54.871Z] [DEBUG] Clicked on element View All Files Button
[2025-11-18T10:13:58.209Z] [INFO] Clicking on element Close Files Sub Tab
[2025-11-18T10:13:58.385Z] [DEBUG] Clicked on element Close Files Sub Tab
[2025-11-18T10:13:59.023Z] [INFO] Clicking on element NBIL New Button
[2025-11-18T10:13:59.891Z] [DEBUG] Clicked on element NBIL New Button
[2025-11-18T10:14:02.128Z] [INFO] Clicking on element all Carriers Value 
[2025-11-18T10:14:02.555Z] [DEBUG] Clicked on element all Carriers Value 
[2025-11-18T10:14:02.903Z] [INFO] Clicking on element nbilNextButton
[2025-11-18T10:14:03.278Z] [DEBUG] Clicked on element nbilNextButton
[2025-11-18T10:14:03.281Z] [INFO] Sending text 'nuguri.charitha@us.lockton.com.uat' to email Id
[2025-11-18T10:14:07.969Z] [DEBUG] Sent text 'nuguri.charitha@us.lockton.com.uat' to email Id
[2025-11-18T10:14:13.370Z] [INFO] Clicking on element Done Button
[2025-11-18T10:14:13.781Z] [DEBUG] Clicked on element Done Button
[2025-11-18T10:14:19.471Z] [INFO] Clicking on element Done Button
[2025-11-18T10:14:19.973Z] [DEBUG] Clicked on element Done Button
[2025-11-18T10:14:20.698Z] [INFO] Clicking on element Close NDA/NBIL Flow Button
[2025-11-18T10:14:20.941Z] [DEBUG] Clicked on element Close NDA/NBIL Flow Button
[2025-11-18T10:14:24.110Z] [INFO] Element became visible during scroll.
[2025-11-18T10:14:26.286Z] [INFO] Clicking on element View All Files Button
[2025-11-18T10:14:27.015Z] [DEBUG] Clicked on element View All Files Button
[2025-11-18T10:14:30.541Z] [INFO] Clicking on element Close Files Sub Tab
[2025-11-18T10:14:31.114Z] [DEBUG] Clicked on element Close Files Sub Tab
[2025-11-18T10:14:31.733Z] [INFO] Clicking on element NBIL New Button
[2025-11-18T10:14:32.599Z] [DEBUG] Clicked on element NBIL New Button
[2025-11-18T10:14:34.838Z] [INFO] Clicking on element all Carriers Value 
[2025-11-18T10:14:35.168Z] [DEBUG] Clicked on element all Carriers Value 
[2025-11-18T10:14:35.505Z] [INFO] Clicking on element nbilNextButton
[2025-11-18T10:14:35.998Z] [DEBUG] Clicked on element nbilNextButton
[2025-11-18T10:14:36.005Z] [INFO] Sending text 'nuguri.charitha@us.lockton.com' to email Id
[2025-11-18T10:14:38.048Z] [DEBUG] Sent text 'nuguri.charitha@us.lockton.com' to email Id
[2025-11-18T10:14:38.192Z] [INFO] Subject field is validated successfully with opportunity name.
[2025-11-18T10:14:43.724Z] [INFO] Clicking on element Done Button
[2025-11-18T10:14:44.403Z] [DEBUG] Clicked on element Done Button
[2025-11-18T10:14:50.334Z] [INFO] Clicking on element Done Button
[2025-11-18T10:14:51.023Z] [DEBUG] Clicked on element Done Button
[2025-11-18T10:14:57.009Z] [INFO] Clicking on element Done Button
[2025-11-18T10:14:57.344Z] [DEBUG] Clicked on element Done Button
[2025-11-18T10:14:57.991Z] [INFO] Clicking on element Previous Button
[2025-11-18T10:14:58.308Z] [DEBUG] Clicked on element Previous Button
[2025-11-18T10:15:00.337Z] [INFO] Clicking on element Next Button
[2025-11-18T10:15:00.711Z] [DEBUG] Clicked on element Next Button
[2025-11-18T10:15:03.947Z] [INFO] Sending text 'nuguri.charitha@us.lockton.com' to email Id
[2025-11-18T10:15:04.246Z] [DEBUG] Sent text 'nuguri.charitha@us.lockton.com' to email Id
[2025-11-18T10:15:09.726Z] [INFO] Clicking on element Done Button
[2025-11-18T10:15:10.161Z] [DEBUG] Clicked on element Done Button
[2025-11-18T10:15:16.275Z] [INFO] Clicking on element Done Button
[2025-11-18T10:15:16.584Z] [DEBUG] Clicked on element Done Button
[2025-11-18T10:15:22.368Z] [INFO] Clicking on element Done Button
[2025-11-18T10:15:22.962Z] [DEBUG] Clicked on element Done Button
[2025-11-18T10:15:28.960Z] [INFO] Clicking on element Done Button
[2025-11-18T10:15:29.458Z] [DEBUG] Clicked on element Done Button
[2025-11-18T10:15:31.665Z] [INFO] Clicking on element Close Duplicate Error Button
[2025-11-18T10:15:31.987Z] [DEBUG] Clicked on element Close Duplicate Error Button
[2025-11-18T10:15:32.158Z] [INFO] Clicking on element Delete file button
[2025-11-18T10:15:32.413Z] [DEBUG] Clicked on element Delete file button
[2025-11-18T10:15:32.463Z] [INFO] Clicking on element preview Text
[2025-11-18T10:15:32.760Z] [DEBUG] Clicked on element preview Text
[2025-11-18T10:15:34.155Z] [INFO] Clicking on element table Text Input
[2025-11-18T10:15:34.378Z] [DEBUG] Clicked on element table Text Input
[2025-11-18T10:15:34.648Z] [INFO] Clicking on element send Button
[2025-11-18T10:15:35.013Z] [DEBUG] Clicked on element send Button
[2025-11-18T10:15:39.039Z] [INFO] Clicking on element successWindow Close Button
[2025-11-18T10:15:39.387Z] [DEBUG] Clicked on element successWindow Close Button
[2025-11-18T10:15:41.863Z] [INFO] Clicking on element activity Tab
[2025-11-18T10:15:48.244Z] [DEBUG] Clicked on element activity Tab
[2025-11-18T10:15:50.030Z] [INFO] Clicking on element Email Request Sent Link
[2025-11-18T10:15:52.288Z] [DEBUG] Clicked on element Email Request Sent Link
[2025-11-18T10:15:52.291Z] [INFO] Clicking on element Email Details Tab
[2025-11-18T10:15:55.266Z] [DEBUG] Clicked on element Email Details Tab
[2025-11-18T10:15:55.272Z] [INFO] Clicking on element Email Details Tab
[2025-11-18T10:15:56.045Z] [DEBUG] Clicked on element Email Details Tab
[2025-11-18T10:15:56.638Z] [INFO] Clicking on element Close NBIL Sub Tab
[2025-11-18T10:15:56.983Z] [DEBUG] Clicked on element Close NBIL Sub Tab
[2025-11-18T10:15:57.676Z] [INFO] Clicking on element activity Tab
[2025-11-18T10:15:58.572Z] [DEBUG] Clicked on element activity Tab
[2025-11-18T10:15:58.755Z] [INFO] Scrolling attempt 1
[2025-11-18T10:15:59.645Z] [INFO] Element became visible during scroll.
[2025-11-18T10:16:01.896Z] [INFO] Clicking on element View All Files Button
[2025-11-18T10:16:02.749Z] [DEBUG] Clicked on element View All Files Button
[2025-11-18T10:16:06.088Z] [INFO] Clicking on element Close Files Sub Tab
[2025-11-18T10:16:06.586Z] [DEBUG] Clicked on element Close Files Sub Tab
[2025-11-18T10:16:07.150Z] [INFO] Clicking on element NBIL New Button
[2025-11-18T10:16:07.743Z] [DEBUG] Clicked on element NBIL New Button
[2025-11-18T10:16:09.981Z] [INFO] Clicking on element all Carriers Value 
[2025-11-18T10:16:10.354Z] [DEBUG] Clicked on element all Carriers Value 
[2025-11-18T10:16:10.668Z] [INFO] Clicking on element nbilNextButton
[2025-11-18T10:16:11.091Z] [DEBUG] Clicked on element nbilNextButton
[2025-11-18T10:16:11.096Z] [INFO] Sending text 'nuguri.charitha@us.lockton.com.uat' to email Id
[2025-11-18T10:16:13.350Z] [DEBUG] Sent text 'nuguri.charitha@us.lockton.com.uat' to email Id
[2025-11-18T10:16:18.760Z] [INFO] Clicking on element Done Button
[2025-11-18T10:16:19.322Z] [DEBUG] Clicked on element Done Button
[2025-11-18T10:16:25.319Z] [INFO] Clicking on element Done Button
[2025-11-18T10:16:25.764Z] [DEBUG] Clicked on element Done Button
[2025-11-18T10:16:26.533Z] [INFO] Clicking on element Close NDA/NBIL Flow Button
[2025-11-18T10:16:27.044Z] [DEBUG] Clicked on element Close NDA/NBIL Flow Button
[2025-11-18T10:16:30.214Z] [INFO] Element became visible during scroll.
[2025-11-18T10:16:32.468Z] [INFO] Clicking on element View All Files Button
[2025-11-18T10:16:33.339Z] [DEBUG] Clicked on element View All Files Button
[2025-11-18T10:16:36.604Z] [INFO] Clicking on element Close Files Sub Tab
[2025-11-18T10:16:36.926Z] [DEBUG] Clicked on element Close Files Sub Tab
[2025-11-18T10:16:37.343Z] [INFO] Clicking on element NBIL New Button
[2025-11-18T10:16:37.874Z] [DEBUG] Clicked on element NBIL New Button
[2025-11-18T10:16:44.214Z] [INFO] Clicking on element all Carriers Value 
[2025-11-18T10:16:44.672Z] [DEBUG] Clicked on element all Carriers Value 
[2025-11-18T10:16:44.942Z] [INFO] Clicking on element nbilNextButton
[2025-11-18T10:16:45.368Z] [DEBUG] Clicked on element nbilNextButton
[2025-11-18T10:16:45.373Z] [INFO] Sending text 'nuguri.charitha@us.lockton.com' to email Id
[2025-11-18T10:16:47.874Z] [DEBUG] Sent text 'nuguri.charitha@us.lockton.com' to email Id
[2025-11-18T10:16:48.017Z] [INFO] Subject field is validated successfully with opportunity name.
[2025-11-18T10:16:53.580Z] [INFO] Clicking on element Done Button
[2025-11-18T10:16:54.055Z] [DEBUG] Clicked on element Done Button
[2025-11-18T10:16:59.828Z] [INFO] Clicking on element Done Button
[2025-11-18T10:17:00.336Z] [DEBUG] Clicked on element Done Button
[2025-11-18T10:17:06.168Z] [INFO] Clicking on element Done Button
[2025-11-18T10:17:06.616Z] [DEBUG] Clicked on element Done Button
[2025-11-18T10:17:07.166Z] [INFO] Clicking on element Previous Button
[2025-11-18T10:17:07.606Z] [DEBUG] Clicked on element Previous Button
[2025-11-18T10:17:09.679Z] [INFO] Clicking on element Next Button
[2025-11-18T10:17:10.071Z] [DEBUG] Clicked on element Next Button
[2025-11-18T10:17:13.365Z] [INFO] Sending text 'nuguri.charitha@us.lockton.com' to email Id
[2025-11-18T10:17:13.915Z] [DEBUG] Sent text 'nuguri.charitha@us.lockton.com' to email Id
[2025-11-18T10:17:19.402Z] [INFO] Clicking on element Done Button
[2025-11-18T10:17:19.813Z] [DEBUG] Clicked on element Done Button
[2025-11-18T10:17:25.688Z] [INFO] Clicking on element Done Button
[2025-11-18T10:17:26.224Z] [DEBUG] Clicked on element Done Button
[2025-11-18T10:17:32.040Z] [INFO] Clicking on element Done Button
[2025-11-18T10:17:32.497Z] [DEBUG] Clicked on element Done Button
[2025-11-18T10:17:38.601Z] [INFO] Clicking on element Done Button
[2025-11-18T10:17:39.017Z] [DEBUG] Clicked on element Done Button
[2025-11-18T10:17:41.289Z] [INFO] Clicking on element Close Duplicate Error Button
[2025-11-18T10:17:41.920Z] [DEBUG] Clicked on element Close Duplicate Error Button
[2025-11-18T10:17:42.122Z] [INFO] Clicking on element Delete file button
[2025-11-18T10:17:42.597Z] [DEBUG] Clicked on element Delete file button
[2025-11-18T10:17:42.724Z] [INFO] Clicking on element preview Text
[2025-11-18T10:17:43.248Z] [DEBUG] Clicked on element preview Text
[2025-11-18T10:17:45.395Z] [INFO] Sending text 'nuguri.charitha@us.lockton.com.uat' to cc Field Locator
[2025-11-18T10:17:45.938Z] [DEBUG] Sent text 'nuguri.charitha@us.lockton.com.uat' to cc Field Locator
[2025-11-18T10:17:45.956Z] [INFO] Sending text 'This is to inform you that the NBIL request has been updated with new comprehensive Data.' to static Carrier Text
[2025-11-18T10:17:46.524Z] [DEBUG] Sent text 'This is to inform you that the NBIL request has been updated with new comprehensive Data.' to static Carrier Text
[2025-11-18T10:17:46.540Z] [INFO] Sending text 'Test Policy Retention Request' to policy Retention Request
[2025-11-18T10:17:47.100Z] [DEBUG] Sent text 'Test Policy Retention Request' to policy Retention Request
[2025-11-18T10:17:48.006Z] [INFO] Sending text 'Test Underwriting Information' to under Writing Information
[2025-11-18T10:17:48.390Z] [DEBUG] Sent text 'Test Underwriting Information' to under Writing Information
[2025-11-18T10:17:48.401Z] [INFO] Clicking on element send Button
[2025-11-18T10:17:48.959Z] [DEBUG] Clicked on element send Button
[2025-11-18T10:17:53.546Z] [INFO] Clicking on element successWindow Close Button
[2025-11-18T10:17:54.070Z] [DEBUG] Clicked on element successWindow Close Button
[2025-11-18T10:17:58.197Z] [INFO] Clicking on element activity Tab
[2025-11-18T10:18:04.203Z] [DEBUG] Clicked on element activity Tab
[2025-11-18T10:18:05.243Z] [INFO] Clicking on element Email Request Sent Link
[2025-11-18T10:18:07.064Z] [DEBUG] Clicked on element Email Request Sent Link
[2025-11-18T10:18:07.067Z] [INFO] Clicking on element Email Details Tab
[2025-11-18T10:18:10.529Z] [DEBUG] Clicked on element Email Details Tab
[2025-11-18T10:18:10.539Z] [INFO] Clicking on element Email Details Tab
[2025-11-18T10:18:11.842Z] [DEBUG] Clicked on element Email Details Tab
[2025-11-18T10:18:13.482Z] [INFO] Clicking on element Close NBIL Sub Tab
[2025-11-18T10:18:13.931Z] [DEBUG] Clicked on element Close NBIL Sub Tab
[2025-11-18T10:18:14.622Z] [INFO] Clicking on element activity Tab
[2025-11-18T10:18:15.074Z] [DEBUG] Clicked on element activity Tab
[2025-11-18T10:18:15.323Z] [INFO] Scrolling attempt 1
[2025-11-18T10:18:16.164Z] [INFO] Scrolling attempt 2
[2025-11-18T10:18:16.858Z] [INFO] Scrolling attempt 3
[2025-11-18T10:18:17.778Z] [INFO] Element became visible during scroll.
[2025-11-18T10:18:20.014Z] [INFO] Clicking on element View All Files Button
[2025-11-18T10:18:20.831Z] [DEBUG] Clicked on element View All Files Button
[2025-11-18T10:18:24.125Z] [INFO] Clicking on element Close Files Sub Tab
[2025-11-18T10:18:24.623Z] [DEBUG] Clicked on element Close Files Sub Tab
[2025-11-18T10:18:25.140Z] [INFO] Clicking on element NBIL New Button
[2025-11-18T10:18:25.954Z] [DEBUG] Clicked on element NBIL New Button
[2025-11-18T10:18:28.299Z] [INFO] Clicking on element all Carriers Value 
[2025-11-18T10:18:28.813Z] [DEBUG] Clicked on element all Carriers Value 
[2025-11-18T10:18:29.044Z] [INFO] Clicking on element nbilNextButton
[2025-11-18T10:18:29.507Z] [DEBUG] Clicked on element nbilNextButton
[2025-11-18T10:18:29.512Z] [INFO] Sending text 'nuguri.charitha@us.lockton.com.uat' to email Id
[2025-11-18T10:18:31.718Z] [DEBUG] Sent text 'nuguri.charitha@us.lockton.com.uat' to email Id
[2025-11-18T10:18:37.085Z] [INFO] Clicking on element Done Button
[2025-11-18T10:18:37.654Z] [DEBUG] Clicked on element Done Button
[2025-11-18T10:18:43.628Z] [INFO] Clicking on element Done Button
[2025-11-18T10:18:44.178Z] [DEBUG] Clicked on element Done Button
[2025-11-18T10:18:44.923Z] [INFO] Clicking on element Close NDA/NBIL Flow Button
[2025-11-18T10:18:45.371Z] [DEBUG] Clicked on element Close NDA/NBIL Flow Button
[2025-11-18T10:18:48.615Z] [INFO] Element became visible during scroll.
[2025-11-18T10:18:50.911Z] [INFO] Clicking on element View All Files Button
[2025-11-18T10:18:52.176Z] [DEBUG] Clicked on element View All Files Button
[2025-11-18T10:19:13.589Z] [INFO] Sending text 'nuguri.charitha@us.lockton.com.uat' to username Input Value
[2025-11-18T10:19:14.065Z] [DEBUG] Sent text 'nuguri.charitha@us.lockton.com.uat' to username Input Value
[2025-11-18T10:19:14.074Z] [INFO] Sending text 'Charitha@48' to password Input Value
[2025-11-18T10:19:14.319Z] [DEBUG] Sent text 'Charitha@48' to password Input Value
[2025-11-18T10:19:14.328Z] [INFO] Clicking on element login Button
[2025-11-18T10:19:17.772Z] [DEBUG] Clicked on element login Button
[2025-11-18T10:19:25.437Z] [INFO] Clicking on element setUp Icon
[2025-11-18T10:19:27.674Z] [DEBUG] Clicked on element setUp Icon
[2025-11-18T10:19:38.456Z] [INFO] Clicking on element user Search Result
[2025-11-18T10:19:42.436Z] [DEBUG] Clicked on element user Search Result
[2025-11-18T10:20:26.838Z] [INFO] Sending text 'nuguri.charitha@us.lockton.com.uat' to username Input Value
[2025-11-18T10:20:27.515Z] [DEBUG] Sent text 'nuguri.charitha@us.lockton.com.uat' to username Input Value
[2025-11-18T10:20:27.519Z] [INFO] Sending text 'Charitha@48' to password Input Value
[2025-11-18T10:20:27.721Z] [DEBUG] Sent text 'Charitha@48' to password Input Value
[2025-11-18T10:20:27.733Z] [INFO] Clicking on element login Button
[2025-11-18T10:20:31.220Z] [DEBUG] Clicked on element login Button
[2025-11-18T10:20:38.625Z] [INFO] Clicking on element setUp Icon
[2025-11-18T10:20:39.890Z] [DEBUG] Clicked on element setUp Icon
[2025-11-18T10:20:50.967Z] [INFO] Clicking on element user Search Result
[2025-11-18T10:20:56.003Z] [DEBUG] Clicked on element user Search Result
[2025-11-18T10:21:39.974Z] [INFO] Sending text 'nuguri.charitha@us.lockton.com.uat' to username Input Value
[2025-11-18T10:21:40.467Z] [DEBUG] Sent text 'nuguri.charitha@us.lockton.com.uat' to username Input Value
[2025-11-18T10:21:40.473Z] [INFO] Sending text 'Charitha@48' to password Input Value
[2025-11-18T10:21:40.715Z] [DEBUG] Sent text 'Charitha@48' to password Input Value
[2025-11-18T10:21:40.718Z] [INFO] Clicking on element login Button
[2025-11-18T10:21:44.096Z] [DEBUG] Clicked on element login Button
[2025-11-18T10:21:50.809Z] [INFO] Clicking on element setUp Icon
[2025-11-18T10:21:56.466Z] [DEBUG] Clicked on element setUp Icon
[2025-11-18T10:22:07.412Z] [INFO] Clicking on element user Search Result
[2025-11-18T10:22:11.104Z] [DEBUG] Clicked on element user Search Result
[2025-11-18T10:22:34.385Z] [INFO] Clicking on element show Navigation Menu
[2025-11-18T10:22:36.111Z] [DEBUG] Clicked on element show Navigation Menu
[2025-11-18T10:22:36.328Z] [INFO] Clicking on element accounts Menu Item
[2025-11-18T10:22:37.182Z] [DEBUG] Clicked on element accounts Menu Item
[2025-11-18T10:22:40.300Z] [INFO] Clicking on element list View Element
[2025-11-18T10:22:41.218Z] [DEBUG] Clicked on element list View Element
[2025-11-18T10:22:41.390Z] [INFO] Sending text 'All Clients' to searchBox ListViewInput
[2025-11-18T10:22:42.042Z] [DEBUG] Sent text 'All Clients' to searchBox ListViewInput
[2025-11-18T10:22:42.269Z] [INFO] Clicking on element all Clients In List View
[2025-11-18T10:22:43.415Z] [DEBUG] Clicked on element all Clients In List View
[2025-11-18T10:22:43.557Z] [INFO] Clicking on element global Search Button
[2025-11-18T10:22:46.319Z] [DEBUG] Clicked on element global Search Button
[2025-11-18T10:22:46.523Z] [INFO] Sending text '1031 Exchange Corporation' to global Search Input
[2025-11-18T10:22:47.507Z] [DEBUG] Sent text '1031 Exchange Corporation' to global Search Input
[2025-11-18T10:22:48.303Z] [INFO] Clicking on element global Search Result
[2025-11-18T10:22:49.217Z] [DEBUG] Clicked on element global Search Result
[2025-11-18T10:22:49.222Z] [INFO] AccountPage: Validating account record type: Client
[2025-11-18T10:22:54.880Z] [INFO] AccountPage: Account record type 'Client' is visible.
[2025-11-18T10:22:54.890Z] [INFO] Clicking on element new Opportunity Button
[2025-11-18T10:22:58.666Z] [DEBUG] Clicked on element new Opportunity Button
[2025-11-18T10:22:58.681Z] [INFO] Clicking on element intial Intake Button
[2025-11-18T10:23:00.967Z] [DEBUG] Clicked on element intial Intake Button
[2025-11-18T10:23:00.973Z] [INFO] Clicking on element opportunity Next Button
[2025-11-18T10:23:02.208Z] [DEBUG] Clicked on element opportunity Next Button
[2025-11-18T10:23:04.551Z] [INFO] Sending text 'auto ztbrb' to opportunity Name
[2025-11-18T10:23:05.568Z] [DEBUG] Sent text 'auto ztbrb' to opportunity Name
[2025-11-18T10:23:05.746Z] [INFO] Clicking on element stage DropDown
[2025-11-18T10:23:06.888Z] [DEBUG] Clicked on element stage DropDown
[2025-11-18T10:23:07.113Z] [INFO] Clicking on element stage Value
[2025-11-18T10:23:08.300Z] [DEBUG] Clicked on element stage Value
[2025-11-18T10:23:09.853Z] [INFO] Clicking on element insurance DropDown
[2025-11-18T10:23:10.937Z] [DEBUG] Clicked on element insurance DropDown
[2025-11-18T10:23:11.392Z] [INFO] Clicking on element Insurance Type Option
[2025-11-18T10:23:12.521Z] [DEBUG] Clicked on element Insurance Type Option
[2025-11-18T10:23:12.528Z] [INFO] Clicking on element insurance Sub Type Drop Down
[2025-11-18T10:23:13.610Z] [DEBUG] Clicked on element insurance Sub Type Drop Down
[2025-11-18T10:23:13.618Z] [INFO] Clicking on element insurance Type field
[2025-11-18T10:23:14.724Z] [DEBUG] Clicked on element insurance Type field
[2025-11-18T10:23:16.964Z] [INFO] Clicking on element save Button
[2025-11-18T10:23:18.948Z] [DEBUG] Clicked on element save Button
[2025-11-18T10:23:23.992Z] [INFO] Clicking on element show More Actions DropDown
[2025-11-18T10:23:25.838Z] [DEBUG] Clicked on element show More Actions DropDown
[2025-11-18T10:23:25.845Z] [INFO] Clicking on element manage Opportunity Assignment Option
[2025-11-18T10:23:27.621Z] [DEBUG] Clicked on element manage Opportunity Assignment Option
[2025-11-18T10:23:28.053Z] [INFO] Clicking on element Add Assignment Button
[2025-11-18T10:23:30.942Z] [DEBUG] Clicked on element Add Assignment Button
[2025-11-18T10:23:31.354Z] [INFO] Clicking on element Add Assignment Button
[2025-11-18T10:23:32.501Z] [DEBUG] Clicked on element Add Assignment Button
[2025-11-18T10:23:32.505Z] [INFO] Sending text 'Patricia Urraca' to Add Assignment Button
[2025-11-18T10:23:33.485Z] [DEBUG] Sent text 'Patricia Urraca' to Add Assignment Button
[2025-11-18T10:23:33.489Z] [INFO] Clicking on element personNameInList
[2025-11-18T10:23:35.621Z] [DEBUG] Clicked on element personNameInList
[2025-11-18T10:23:35.625Z] [INFO] Clicking on element Service LeadCheckBox
[2025-11-18T10:23:37.002Z] [DEBUG] Clicked on element Service LeadCheckBox
[2025-11-18T10:23:37.293Z] [INFO] Sending text '100' to Primary Producer Allocation TextBox
[2025-11-18T10:23:38.413Z] [DEBUG] Sent text '100' to Primary Producer Allocation TextBox
[2025-11-18T10:23:38.416Z] [INFO] Clicking on element SaveAndClose Button
[2025-11-18T10:23:39.383Z] [DEBUG] Clicked on element SaveAndClose Button
[2025-11-18T10:23:39.390Z] [INFO] Clicking on element edit Button
[2025-11-18T10:23:41.440Z] [DEBUG] Clicked on element edit Button
[2025-11-18T10:23:44.784Z] [INFO] Sending text '11/18/2026' to quote DueDate Field
[2025-11-18T10:23:47.281Z] [DEBUG] Sent text '11/18/2026' to quote DueDate Field
[2025-11-18T10:23:47.286Z] [INFO] Sending text '700' to enterpriseValueField
[2025-11-18T10:23:49.458Z] [DEBUG] Sent text '700' to enterpriseValueField
[2025-11-18T10:23:49.460Z] [INFO] Sending text 'AAK Foodservice' to target Field
[2025-11-18T10:23:52.032Z] [DEBUG] Sent text 'AAK Foodservice' to target Field
[2025-11-18T10:23:52.039Z] [INFO] Sending text 'Target provides Fats and Oils Refining and Blending' to target Description Field
[2025-11-18T10:23:54.677Z] [DEBUG] Sent text 'Target provides Fats and Oils Refining and Blending' to target Description Field
[2025-11-18T10:23:54.682Z] [INFO] Clicking on element quote DueTime DropDown
[2025-11-18T10:23:57.043Z] [DEBUG] Clicked on element quote DueTime DropDown
[2025-11-18T10:23:57.514Z] [INFO] Clicking on element quote DueTime Value
[2025-11-18T10:23:59.750Z] [DEBUG] Clicked on element quote DueTime Value
[2025-11-18T10:23:59.756Z] [INFO] Clicking on element buyers Council DropDown
[2025-11-18T10:24:03.109Z] [DEBUG] Clicked on element buyers Council DropDown
[2025-11-18T10:24:03.113Z] [INFO] Clicking on element buyers Council DropDown Value
[2025-11-18T10:24:05.898Z] [DEBUG] Clicked on element buyers Council DropDown Value
[2025-11-18T10:24:05.905Z] [INFO] Sending text '110' to limit Requested
[2025-11-18T10:24:08.507Z] [DEBUG] Sent text '110' to limit Requested
[2025-11-18T10:24:08.521Z] [INFO] Clicking on element save Button
[2025-11-18T10:24:11.762Z] [DEBUG] Clicked on element save Button
[2025-11-18T10:24:11.770Z] [INFO] Clicking on element edit Button
[2025-11-18T10:24:15.839Z] [DEBUG] Clicked on element edit Button
[2025-11-18T10:24:17.864Z] [INFO] Sending text '15' to rollover Percentage
[2025-11-18T10:24:21.477Z] [DEBUG] Sent text '15' to rollover Percentage
[2025-11-18T10:24:21.490Z] [INFO] Sending text 'Test Purchase Agreement' to purchase Agreement
[2025-11-18T10:24:23.498Z] [DEBUG] Sent text 'Test Purchase Agreement' to purchase Agreement
[2025-11-18T10:24:23.502Z] [INFO] Clicking on element sellers Council DropDown
[2025-11-18T10:24:26.275Z] [DEBUG] Clicked on element sellers Council DropDown
[2025-11-18T10:24:26.280Z] [INFO] Clicking on element sellers Council Value
[2025-11-18T10:24:29.197Z] [DEBUG] Clicked on element sellers Council Value
[2025-11-18T10:24:29.204Z] [INFO] Sending text '500' to limit Requested2
[2025-11-18T10:24:31.906Z] [DEBUG] Sent text '500' to limit Requested2
[2025-11-18T10:24:31.933Z] [INFO] Clicking on element limit Comments
[2025-11-18T10:24:34.955Z] [DEBUG] Clicked on element limit Comments
[2025-11-18T10:24:34.974Z] [INFO] Sending text 'Test limit Comments' to limit Comments
[2025-11-18T10:24:37.358Z] [DEBUG] Sent text 'Test limit Comments' to limit Comments
[2025-11-18T10:24:37.364Z] [INFO] Clicking on element other Requested Terms
[2025-11-18T10:24:40.210Z] [DEBUG] Clicked on element other Requested Terms
[2025-11-18T10:24:40.214Z] [INFO] Sending text 'Test other requested terms' to other Requested Terms
[2025-11-18T10:24:43.542Z] [DEBUG] Sent text 'Test other requested terms' to other Requested Terms
[2025-11-18T10:24:43.546Z] [INFO] Clicking on element draft Purchase Agreement CheckBox
[2025-11-18T10:24:46.605Z] [DEBUG] Clicked on element draft Purchase Agreement CheckBox
[2025-11-18T10:24:46.609Z] [INFO] Clicking on element type Of Financials DropDown
[2025-11-18T10:24:48.956Z] [DEBUG] Clicked on element type Of Financials DropDown
[2025-11-18T10:24:48.961Z] [INFO] Clicking on element type Of Financials Value
[2025-11-18T10:24:51.485Z] [DEBUG] Clicked on element type Of Financials Value
[2025-11-18T10:24:51.491Z] [INFO] Clicking on element deal Book CheckBox
[2025-11-18T10:24:54.464Z] [DEBUG] Clicked on element deal Book CheckBox
[2025-11-18T10:24:54.483Z] [INFO] Clicking on element legal DropDown
[2025-11-18T10:24:58.764Z] [DEBUG] Clicked on element legal DropDown
[2025-11-18T10:24:58.782Z] [INFO] Clicking on element legal Value
[2025-11-18T10:25:02.605Z] [DEBUG] Clicked on element legal Value
[2025-11-18T10:25:02.609Z] [INFO] Clicking on element financial DropDown
[2025-11-18T10:25:06.062Z] [DEBUG] Clicked on element financial DropDown
[2025-11-18T10:25:06.788Z] [INFO] Clicking on element financial Value
[2025-11-18T10:25:10.492Z] [DEBUG] Clicked on element financial Value
[2025-11-18T10:25:10.497Z] [INFO] Clicking on element tax DropDown
[2025-11-18T10:25:14.463Z] [DEBUG] Clicked on element tax DropDown
[2025-11-18T10:25:14.473Z] [INFO] Clicking on element tax Value
[2025-11-18T10:25:17.841Z] [DEBUG] Clicked on element tax Value
[2025-11-18T10:25:17.845Z] [INFO] Clicking on element save Button
[2025-11-18T10:25:21.004Z] [DEBUG] Clicked on element save Button
[2025-11-18T10:25:22.072Z] [INFO] Clicking on element global Search Button
[2025-11-18T10:25:26.021Z] [DEBUG] Clicked on element global Search Button
[2025-11-18T10:25:26.216Z] [INFO] Sending text 'Ambridge Partners LLC' to global Search Input
[2025-11-18T10:25:28.110Z] [DEBUG] Sent text 'Ambridge Partners LLC' to global Search Input
[2025-11-18T10:25:29.027Z] [INFO] Clicking on element global Search Result
[2025-11-18T10:25:30.270Z] [DEBUG] Clicked on element global Search Result
[2025-11-18T10:25:35.756Z] [INFO] Clicking on element taxCarriers Header
[2025-11-18T10:25:36.906Z] [DEBUG] Clicked on element taxCarriers Header
[2025-11-18T10:25:38.818Z] [INFO] Clicking on element Close Last Account Tab
[2025-11-18T10:25:39.851Z] [DEBUG] Clicked on element Close Last Account Tab
[2025-11-18T10:25:39.860Z] [INFO] Clicking on element opportunity Tab
[2025-11-18T10:25:41.812Z] [DEBUG] Clicked on element opportunity Tab
[2025-11-18T10:25:42.222Z] [INFO] Clicking on element NBIL New Button
[2025-11-18T10:25:43.794Z] [DEBUG] Clicked on element NBIL New Button
[2025-11-18T10:25:46.693Z] [INFO] Clicking on element all Carriers Value 
[2025-11-18T10:25:47.897Z] [DEBUG] Clicked on element all Carriers Value 
[2025-11-18T10:25:48.786Z] [INFO] Clicking on element nbilNextButton
[2025-11-18T10:25:49.934Z] [DEBUG] Clicked on element nbilNextButton
[2025-11-18T10:25:49.942Z] [INFO] Sending text 'nuguri.charitha@us.lockton.com' to email Id
[2025-11-18T10:25:52.772Z] [DEBUG] Sent text 'nuguri.charitha@us.lockton.com' to email Id
[2025-11-18T10:25:53.348Z] [INFO] Subject field is validated successfully with opportunity name.
[2025-11-18T10:25:59.548Z] [INFO] Clicking on element Done Button
[2025-11-18T10:26:00.929Z] [DEBUG] Clicked on element Done Button
[2025-11-18T10:26:07.732Z] [INFO] Clicking on element Done Button
[2025-11-18T10:26:09.052Z] [DEBUG] Clicked on element Done Button
[2025-11-18T10:26:15.895Z] [INFO] Clicking on element Done Button
[2025-11-18T10:26:17.238Z] [DEBUG] Clicked on element Done Button
[2025-11-18T10:26:18.426Z] [INFO] Clicking on element Previous Button
[2025-11-18T10:26:19.616Z] [DEBUG] Clicked on element Previous Button
[2025-11-18T10:26:21.821Z] [INFO] Clicking on element Next Button
[2025-11-18T10:26:22.887Z] [DEBUG] Clicked on element Next Button
[2025-11-18T10:26:27.003Z] [INFO] Sending text 'nuguri.charitha@us.lockton.com' to email Id
[2025-11-18T10:26:27.830Z] [DEBUG] Sent text 'nuguri.charitha@us.lockton.com' to email Id
[2025-11-18T10:26:33.520Z] [INFO] Clicking on element Done Button
[2025-11-18T10:26:34.294Z] [DEBUG] Clicked on element Done Button
[2025-11-18T10:26:40.439Z] [INFO] Clicking on element Done Button
[2025-11-18T10:26:41.095Z] [DEBUG] Clicked on element Done Button
[2025-11-18T10:26:47.462Z] [INFO] Clicking on element Done Button
[2025-11-18T10:26:48.255Z] [DEBUG] Clicked on element Done Button
[2025-11-18T10:26:55.058Z] [INFO] Clicking on element Done Button
[2025-11-18T10:26:56.014Z] [DEBUG] Clicked on element Done Button
[2025-11-18T10:26:58.663Z] [INFO] Clicking on element Close Duplicate Error Button
[2025-11-18T10:26:59.638Z] [DEBUG] Clicked on element Close Duplicate Error Button
[2025-11-18T10:27:00.048Z] [INFO] Clicking on element Delete file button
[2025-11-18T10:27:00.764Z] [DEBUG] Clicked on element Delete file button
[2025-11-18T10:27:00.916Z] [INFO] Clicking on element preview Text
[2025-11-18T10:27:01.323Z] [DEBUG] Clicked on element preview Text
[2025-11-18T10:27:04.502Z] [INFO] Sending text 'nuguri.charitha@us.lockton.com.uat' to cc Field Locator
[2025-11-18T10:27:05.009Z] [DEBUG] Sent text 'nuguri.charitha@us.lockton.com.uat' to cc Field Locator
[2025-11-18T10:27:05.015Z] [INFO] Clicking on element send Button
[2025-11-18T10:27:05.890Z] [DEBUG] Clicked on element send Button
[2025-11-18T10:27:09.907Z] [INFO] Clicking on element successWindow Close Button
[2025-11-18T10:27:10.570Z] [DEBUG] Clicked on element successWindow Close Button
[2025-11-18T10:27:13.992Z] [INFO] Clicking on element activity Tab
[2025-11-18T10:27:20.248Z] [DEBUG] Clicked on element activity Tab
[2025-11-18T10:27:20.765Z] [INFO] Clicking on element Email Request Sent Link
[2025-11-18T10:27:22.251Z] [DEBUG] Clicked on element Email Request Sent Link
[2025-11-18T10:27:22.254Z] [INFO] Clicking on element Email Details Tab
[2025-11-18T10:27:25.415Z] [DEBUG] Clicked on element Email Details Tab
[2025-11-18T10:27:25.421Z] [INFO] Clicking on element Email Details Tab
[2025-11-18T10:27:25.658Z] [DEBUG] Clicked on element Email Details Tab
[2025-11-18T10:27:26.505Z] [INFO] Clicking on element Close NBIL Sub Tab
[2025-11-18T10:27:27.044Z] [DEBUG] Clicked on element Close NBIL Sub Tab
[2025-11-18T10:27:27.475Z] [INFO] Clicking on element activity Tab
[2025-11-18T10:27:27.713Z] [DEBUG] Clicked on element activity Tab
[2025-11-18T10:27:27.799Z] [INFO] Scrolling attempt 1
[2025-11-18T10:27:28.397Z] [INFO] Scrolling attempt 2
[2025-11-18T10:27:29.191Z] [INFO] Scrolling attempt 3
[2025-11-18T10:27:29.955Z] [INFO] Element became visible during scroll.
[2025-11-18T10:27:32.112Z] [INFO] Clicking on element View All Files Button
[2025-11-18T10:27:32.725Z] [DEBUG] Clicked on element View All Files Button
[2025-11-18T10:27:36.025Z] [INFO] Clicking on element Close Files Sub Tab
[2025-11-18T10:27:36.277Z] [DEBUG] Clicked on element Close Files Sub Tab
[2025-11-18T10:27:36.735Z] [INFO] Clicking on element NBIL New Button
[2025-11-18T10:27:37.338Z] [DEBUG] Clicked on element NBIL New Button
[2025-11-18T10:27:39.698Z] [INFO] Clicking on element all Carriers Value 
[2025-11-18T10:27:40.033Z] [DEBUG] Clicked on element all Carriers Value 
[2025-11-18T10:27:40.194Z] [INFO] Clicking on element nbilNextButton
[2025-11-18T10:27:40.465Z] [DEBUG] Clicked on element nbilNextButton
[2025-11-18T10:27:40.469Z] [INFO] Sending text 'nuguri.charitha@us.lockton.com.uat' to email Id
[2025-11-18T10:27:42.020Z] [DEBUG] Sent text 'nuguri.charitha@us.lockton.com.uat' to email Id
[2025-11-18T10:27:47.173Z] [INFO] Clicking on element Done Button
[2025-11-18T10:27:47.819Z] [DEBUG] Clicked on element Done Button
[2025-11-18T10:27:53.624Z] [INFO] Clicking on element Done Button
[2025-11-18T10:27:53.928Z] [DEBUG] Clicked on element Done Button
[2025-11-18T10:27:54.670Z] [INFO] Clicking on element Close NDA/NBIL Flow Button
[2025-11-18T10:27:55.129Z] [DEBUG] Clicked on element Close NDA/NBIL Flow Button
[2025-11-18T10:27:58.290Z] [INFO] Element became visible during scroll.
[2025-11-18T10:28:00.409Z] [INFO] Clicking on element View All Files Button
[2025-11-18T10:28:01.025Z] [DEBUG] Clicked on element View All Files Button
[2025-11-18T10:28:04.188Z] [INFO] Clicking on element Close Files Sub Tab
[2025-11-18T10:28:04.482Z] [DEBUG] Clicked on element Close Files Sub Tab
[2025-11-18T10:28:04.941Z] [INFO] Clicking on element NBIL New Button
[2025-11-18T10:28:05.271Z] [DEBUG] Clicked on element NBIL New Button
[2025-11-18T10:28:07.480Z] [INFO] Clicking on element all Carriers Value 
[2025-11-18T10:28:07.730Z] [DEBUG] Clicked on element all Carriers Value 
[2025-11-18T10:28:07.923Z] [INFO] Clicking on element nbilNextButton
[2025-11-18T10:28:08.238Z] [DEBUG] Clicked on element nbilNextButton
[2025-11-18T10:28:08.242Z] [INFO] Sending text 'nuguri.charitha@us.lockton.com' to email Id
[2025-11-18T10:28:10.056Z] [DEBUG] Sent text 'nuguri.charitha@us.lockton.com' to email Id
[2025-11-18T10:28:10.205Z] [INFO] Subject field is validated successfully with opportunity name.
[2025-11-18T10:28:15.458Z] [INFO] Clicking on element Done Button
[2025-11-18T10:28:15.874Z] [DEBUG] Clicked on element Done Button
[2025-11-18T10:28:21.755Z] [INFO] Clicking on element Done Button
[2025-11-18T10:28:22.095Z] [DEBUG] Clicked on element Done Button
[2025-11-18T10:28:27.937Z] [INFO] Clicking on element Done Button
[2025-11-18T10:28:28.160Z] [DEBUG] Clicked on element Done Button
[2025-11-18T10:28:28.842Z] [INFO] Clicking on element Previous Button
[2025-11-18T10:28:29.138Z] [DEBUG] Clicked on element Previous Button
[2025-11-18T10:28:31.195Z] [INFO] Clicking on element Next Button
[2025-11-18T10:28:31.571Z] [DEBUG] Clicked on element Next Button
[2025-11-18T10:28:34.750Z] [INFO] Sending text 'nuguri.charitha@us.lockton.com' to email Id
[2025-11-18T10:28:34.976Z] [DEBUG] Sent text 'nuguri.charitha@us.lockton.com' to email Id
[2025-11-18T10:28:40.317Z] [INFO] Clicking on element Done Button
[2025-11-18T10:28:40.723Z] [DEBUG] Clicked on element Done Button
[2025-11-18T10:28:46.605Z] [INFO] Clicking on element Done Button
[2025-11-18T10:28:46.873Z] [DEBUG] Clicked on element Done Button
[2025-11-18T10:28:52.687Z] [INFO] Clicking on element Done Button
[2025-11-18T10:28:53.146Z] [DEBUG] Clicked on element Done Button
[2025-11-18T10:28:59.271Z] [INFO] Clicking on element Done Button
[2025-11-18T10:28:59.634Z] [DEBUG] Clicked on element Done Button
[2025-11-18T10:29:01.838Z] [INFO] Clicking on element Close Duplicate Error Button
[2025-11-18T10:29:02.065Z] [DEBUG] Clicked on element Close Duplicate Error Button
[2025-11-18T10:29:02.229Z] [INFO] Clicking on element Delete file button
[2025-11-18T10:29:02.535Z] [DEBUG] Clicked on element Delete file button
[2025-11-18T10:29:02.568Z] [INFO] Clicking on element preview Text
[2025-11-18T10:29:02.921Z] [DEBUG] Clicked on element preview Text
[2025-11-18T10:29:04.476Z] [INFO] Sending text 'This is to inform you that the NBIL request email body has been updated with new Test Information.' to email Body Locator
[2025-11-18T10:29:04.870Z] [DEBUG] Sent text 'This is to inform you that the NBIL request email body has been updated with new Test Information.' to email Body Locator
[2025-11-18T10:29:04.880Z] [INFO] Clicking on element send Button
[2025-11-18T10:29:05.278Z] [DEBUG] Clicked on element send Button
[2025-11-18T10:29:09.327Z] [INFO] Clicking on element successWindow Close Button
[2025-11-18T10:29:09.574Z] [DEBUG] Clicked on element successWindow Close Button
[2025-11-18T10:29:12.766Z] [INFO] Clicking on element activity Tab
[2025-11-18T10:29:18.796Z] [DEBUG] Clicked on element activity Tab
[2025-11-18T10:29:19.801Z] [INFO] Clicking on element Email Request Sent Link
[2025-11-18T10:29:20.786Z] [DEBUG] Clicked on element Email Request Sent Link
[2025-11-18T10:29:20.788Z] [INFO] Clicking on element Email Details Tab
[2025-11-18T10:29:23.941Z] [DEBUG] Clicked on element Email Details Tab
[2025-11-18T10:29:23.947Z] [INFO] Clicking on element Email Details Tab
[2025-11-18T10:29:24.803Z] [DEBUG] Clicked on element Email Details Tab
[2025-11-18T10:29:25.226Z] [INFO] Clicking on element Close NBIL Sub Tab
[2025-11-18T10:29:25.706Z] [DEBUG] Clicked on element Close NBIL Sub Tab
[2025-11-18T10:29:26.435Z] [INFO] Clicking on element activity Tab
[2025-11-18T10:29:27.122Z] [DEBUG] Clicked on element activity Tab
[2025-11-18T10:29:27.381Z] [INFO] Scrolling attempt 1
[2025-11-18T10:29:28.011Z] [INFO] Scrolling attempt 2
[2025-11-18T10:29:28.796Z] [INFO] Element became visible during scroll.
[2025-11-18T10:29:31.170Z] [INFO] Clicking on element View All Files Button
[2025-11-18T10:29:32.133Z] [DEBUG] Clicked on element View All Files Button
[2025-11-18T10:29:35.579Z] [INFO] Clicking on element Close Files Sub Tab
[2025-11-18T10:29:35.855Z] [DEBUG] Clicked on element Close Files Sub Tab
[2025-11-18T10:29:35.925Z] [INFO] Clicking on element Opportunity Tab
[2025-11-18T10:29:36.576Z] [DEBUG] Clicked on element Opportunity Tab
[2025-11-18T10:29:36.580Z] [INFO] Clicking on element NBIL New Button
[2025-11-18T10:29:37.637Z] [DEBUG] Clicked on element NBIL New Button
[2025-11-18T10:29:40.021Z] [INFO] Clicking on element all Carriers Value 
[2025-11-18T10:29:40.448Z] [DEBUG] Clicked on element all Carriers Value 
[2025-11-18T10:29:40.749Z] [INFO] Clicking on element nbilNextButton
[2025-11-18T10:29:41.407Z] [DEBUG] Clicked on element nbilNextButton
[2025-11-18T10:29:41.410Z] [INFO] Sending text 'nuguri.charitha@us.lockton.com.uat' to email Id
[2025-11-18T10:29:43.601Z] [DEBUG] Sent text 'nuguri.charitha@us.lockton.com.uat' to email Id
[2025-11-18T10:29:48.928Z] [INFO] Clicking on element Done Button
[2025-11-18T10:29:49.506Z] [DEBUG] Clicked on element Done Button
[2025-11-18T10:29:55.388Z] [INFO] Clicking on element Done Button
[2025-11-18T10:29:55.557Z] [DEBUG] Clicked on element Done Button
[2025-11-18T10:29:56.403Z] [INFO] Clicking on element Close NDA/NBIL Flow Button
[2025-11-18T10:29:56.913Z] [DEBUG] Clicked on element Close NDA/NBIL Flow Button
[2025-11-18T10:30:00.077Z] [INFO] Element became visible during scroll.
[2025-11-18T10:30:02.272Z] [INFO] Clicking on element View All Files Button
[2025-11-18T10:30:03.047Z] [DEBUG] Clicked on element View All Files Button
[2025-11-18T10:30:06.226Z] [INFO] Clicking on element Close Files Sub Tab
[2025-11-18T10:30:06.429Z] [DEBUG] Clicked on element Close Files Sub Tab
[2025-11-18T10:30:06.512Z] [INFO] Clicking on element Opportunity Tab
[2025-11-18T10:30:06.954Z] [DEBUG] Clicked on element Opportunity Tab
[2025-11-18T10:30:06.955Z] [INFO] Clicking on element NBIL New Button
[2025-11-18T10:30:07.304Z] [DEBUG] Clicked on element NBIL New Button
[2025-11-18T10:30:09.690Z] [INFO] Clicking on element all Carriers Value 
[2025-11-18T10:30:09.919Z] [DEBUG] Clicked on element all Carriers Value 
[2025-11-18T10:30:10.103Z] [INFO] Clicking on element nbilNextButton
[2025-11-18T10:30:10.434Z] [DEBUG] Clicked on element nbilNextButton
[2025-11-18T10:30:10.441Z] [INFO] Sending text 'nuguri.charitha@us.lockton.com' to email Id
[2025-11-18T10:30:12.504Z] [DEBUG] Sent text 'nuguri.charitha@us.lockton.com' to email Id
[2025-11-18T10:30:12.610Z] [INFO] Subject field is validated successfully with opportunity name.
[2025-11-18T10:30:17.847Z] [INFO] Clicking on element Done Button
[2025-11-18T10:30:18.071Z] [DEBUG] Clicked on element Done Button
[2025-11-18T10:30:23.917Z] [INFO] Clicking on element Done Button
[2025-11-18T10:30:24.503Z] [DEBUG] Clicked on element Done Button
[2025-11-18T10:30:30.418Z] [INFO] Clicking on element Done Button
[2025-11-18T10:30:31.091Z] [DEBUG] Clicked on element Done Button
[2025-11-18T10:30:31.772Z] [INFO] Clicking on element Previous Button
[2025-11-18T10:30:32.305Z] [DEBUG] Clicked on element Previous Button
[2025-11-18T10:30:34.428Z] [INFO] Clicking on element Next Button
[2025-11-18T10:30:34.839Z] [DEBUG] Clicked on element Next Button
[2025-11-18T10:30:38.172Z] [INFO] Sending text 'nuguri.charitha@us.lockton.com' to email Id
[2025-11-18T10:30:38.582Z] [DEBUG] Sent text 'nuguri.charitha@us.lockton.com' to email Id
[2025-11-18T10:30:44.080Z] [INFO] Clicking on element Done Button
[2025-11-18T10:30:44.546Z] [DEBUG] Clicked on element Done Button
[2025-11-18T10:30:50.471Z] [INFO] Clicking on element Done Button
[2025-11-18T10:30:51.426Z] [DEBUG] Clicked on element Done Button
[2025-11-18T10:30:57.456Z] [INFO] Clicking on element Done Button
[2025-11-18T10:30:58.153Z] [DEBUG] Clicked on element Done Button
[2025-11-18T10:31:04.649Z] [INFO] Clicking on element Done Button
[2025-11-18T10:31:05.437Z] [DEBUG] Clicked on element Done Button
[2025-11-18T10:31:07.953Z] [INFO] Clicking on element Close Duplicate Error Button
[2025-11-18T10:31:08.607Z] [DEBUG] Clicked on element Close Duplicate Error Button
[2025-11-18T10:31:08.805Z] [INFO] Clicking on element Delete file button
[2025-11-18T10:31:09.464Z] [DEBUG] Clicked on element Delete file button
[2025-11-18T10:31:09.558Z] [INFO] Clicking on element preview Text
[2025-11-18T10:31:10.039Z] [DEBUG] Clicked on element preview Text
[2025-11-18T10:31:12.184Z] [INFO] Sending text 'This is to inform you that the NBIL request has been updated with new static Test Information.' to static Carrier Text
[2025-11-18T10:31:12.649Z] [DEBUG] Sent text 'This is to inform you that the NBIL request has been updated with new static Test Information.' to static Carrier Text
[2025-11-18T10:31:12.664Z] [INFO] Clicking on element send Button
[2025-11-18T10:31:13.182Z] [DEBUG] Clicked on element send Button
[2025-11-18T10:31:16.765Z] [INFO] Clicking on element successWindow Close Button
[2025-11-18T10:31:17.397Z] [DEBUG] Clicked on element successWindow Close Button
[2025-11-18T10:31:21.716Z] [INFO] Clicking on element activity Tab
[2025-11-18T10:31:29.577Z] [DEBUG] Clicked on element activity Tab
[2025-11-18T10:31:30.200Z] [INFO] Clicking on element Email Request Sent Link
[2025-11-18T10:31:33.285Z] [DEBUG] Clicked on element Email Request Sent Link
[2025-11-18T10:31:33.293Z] [INFO] Clicking on element Email Details Tab
[2025-11-18T10:31:36.120Z] [DEBUG] Clicked on element Email Details Tab
[2025-11-18T10:31:36.124Z] [INFO] Clicking on element Email Details Tab
[2025-11-18T10:31:37.106Z] [DEBUG] Clicked on element Email Details Tab
[2025-11-18T10:31:37.716Z] [INFO] Clicking on element Close NBIL Sub Tab
[2025-11-18T10:31:38.219Z] [DEBUG] Clicked on element Close NBIL Sub Tab
[2025-11-18T10:31:39.067Z] [INFO] Clicking on element activity Tab
[2025-11-18T10:31:39.757Z] [DEBUG] Clicked on element activity Tab
[2025-11-18T10:31:40.001Z] [INFO] Scrolling attempt 1
[2025-11-18T10:31:40.891Z] [INFO] Element became visible during scroll.
[2025-11-18T10:31:43.202Z] [INFO] Clicking on element View All Files Button
[2025-11-18T10:31:44.240Z] [DEBUG] Clicked on element View All Files Button
[2025-11-18T10:31:47.645Z] [INFO] Clicking on element Close Files Sub Tab
[2025-11-18T10:31:48.089Z] [DEBUG] Clicked on element Close Files Sub Tab
[2025-11-18T10:31:48.704Z] [INFO] Clicking on element NBIL New Button
[2025-11-18T10:31:49.580Z] [DEBUG] Clicked on element NBIL New Button
[2025-11-18T10:31:51.858Z] [INFO] Clicking on element all Carriers Value 
[2025-11-18T10:31:52.424Z] [DEBUG] Clicked on element all Carriers Value 
[2025-11-18T10:31:52.810Z] [INFO] Clicking on element nbilNextButton
[2025-11-18T10:31:53.425Z] [DEBUG] Clicked on element nbilNextButton
[2025-11-18T10:31:53.435Z] [INFO] Sending text 'nuguri.charitha@us.lockton.com.uat' to email Id
[2025-11-18T10:31:56.007Z] [DEBUG] Sent text 'nuguri.charitha@us.lockton.com.uat' to email Id
[2025-11-18T10:32:01.765Z] [INFO] Clicking on element Done Button
[2025-11-18T10:32:02.372Z] [DEBUG] Clicked on element Done Button
[2025-11-18T10:32:08.462Z] [INFO] Clicking on element Done Button
[2025-11-18T10:32:09.098Z] [DEBUG] Clicked on element Done Button
[2025-11-18T10:32:09.972Z] [INFO] Clicking on element Close NDA/NBIL Flow Button
[2025-11-18T10:32:10.539Z] [DEBUG] Clicked on element Close NDA/NBIL Flow Button
[2025-11-18T10:32:13.861Z] [INFO] Element became visible during scroll.
[2025-11-18T10:32:16.268Z] [INFO] Clicking on element View All Files Button
[2025-11-18T10:32:17.662Z] [DEBUG] Clicked on element View All Files Button
[2025-11-18T10:32:21.156Z] [INFO] Clicking on element Close Files Sub Tab
[2025-11-18T10:32:21.654Z] [DEBUG] Clicked on element Close Files Sub Tab
[2025-11-18T10:32:22.309Z] [INFO] Clicking on element NBIL New Button
[2025-11-18T10:32:23.266Z] [DEBUG] Clicked on element NBIL New Button
[2025-11-18T10:32:25.586Z] [INFO] Clicking on element all Carriers Value 
[2025-11-18T10:32:26.216Z] [DEBUG] Clicked on element all Carriers Value 
[2025-11-18T10:32:26.560Z] [INFO] Clicking on element nbilNextButton
[2025-11-18T10:32:27.230Z] [DEBUG] Clicked on element nbilNextButton
[2025-11-18T10:32:27.240Z] [INFO] Sending text 'nuguri.charitha@us.lockton.com' to email Id
[2025-11-18T10:32:29.317Z] [DEBUG] Sent text 'nuguri.charitha@us.lockton.com' to email Id
[2025-11-18T10:32:29.547Z] [INFO] Subject field is validated successfully with opportunity name.
[2025-11-18T10:32:35.248Z] [INFO] Clicking on element Done Button
[2025-11-18T10:32:36.056Z] [DEBUG] Clicked on element Done Button
[2025-11-18T10:32:42.131Z] [INFO] Clicking on element Done Button
[2025-11-18T10:32:42.772Z] [DEBUG] Clicked on element Done Button
[2025-11-18T10:32:48.867Z] [INFO] Clicking on element Done Button
[2025-11-18T10:32:49.495Z] [DEBUG] Clicked on element Done Button
[2025-11-18T10:32:50.216Z] [INFO] Clicking on element Previous Button
[2025-11-18T10:32:50.848Z] [DEBUG] Clicked on element Previous Button
[2025-11-18T10:32:52.944Z] [INFO] Clicking on element Next Button
[2025-11-18T10:32:53.505Z] [DEBUG] Clicked on element Next Button
[2025-11-18T10:32:56.963Z] [INFO] Sending text 'nuguri.charitha@us.lockton.com' to email Id
[2025-11-18T10:32:57.655Z] [DEBUG] Sent text 'nuguri.charitha@us.lockton.com' to email Id
[2025-11-18T10:33:03.413Z] [INFO] Clicking on element Done Button
[2025-11-18T10:33:03.975Z] [DEBUG] Clicked on element Done Button
[2025-11-18T10:33:10.035Z] [INFO] Clicking on element Done Button
[2025-11-18T10:33:10.704Z] [DEBUG] Clicked on element Done Button
[2025-11-18T10:33:16.876Z] [INFO] Clicking on element Done Button
[2025-11-18T10:33:17.622Z] [DEBUG] Clicked on element Done Button
[2025-11-18T10:33:24.091Z] [INFO] Clicking on element Done Button
[2025-11-18T10:33:24.736Z] [DEBUG] Clicked on element Done Button
[2025-11-18T10:33:27.131Z] [INFO] Clicking on element Close Duplicate Error Button
[2025-11-18T10:33:27.835Z] [DEBUG] Clicked on element Close Duplicate Error Button
[2025-11-18T10:33:28.035Z] [INFO] Clicking on element Delete file button
[2025-11-18T10:33:28.658Z] [DEBUG] Clicked on element Delete file button
[2025-11-18T10:33:28.788Z] [INFO] Clicking on element preview Text
[2025-11-18T10:33:29.427Z] [DEBUG] Clicked on element preview Text
[2025-11-18T10:33:32.070Z] [INFO] Sending text 'Test Policy Retention Request' to policy Retention Request
[2025-11-18T10:33:32.551Z] [DEBUG] Sent text 'Test Policy Retention Request' to policy Retention Request
[2025-11-18T10:33:33.478Z] [INFO] Sending text 'Test Underwriting Information' to under Writing Information
[2025-11-18T10:33:33.959Z] [DEBUG] Sent text 'Test Underwriting Information' to under Writing Information
[2025-11-18T10:33:33.972Z] [INFO] Clicking on element send Button
[2025-11-18T10:33:34.539Z] [DEBUG] Clicked on element send Button
[2025-11-18T10:33:38.575Z] [INFO] Clicking on element successWindow Close Button
[2025-11-18T10:33:38.986Z] [DEBUG] Clicked on element successWindow Close Button
[2025-11-18T10:33:43.195Z] [INFO] Clicking on element activity Tab
[2025-11-18T10:33:50.312Z] [DEBUG] Clicked on element activity Tab
[2025-11-18T10:33:50.950Z] [INFO] Clicking on element Email Request Sent Link
[2025-11-18T10:33:53.843Z] [DEBUG] Clicked on element Email Request Sent Link
[2025-11-18T10:33:53.848Z] [INFO] Clicking on element Email Details Tab
[2025-11-18T10:33:56.468Z] [DEBUG] Clicked on element Email Details Tab
[2025-11-18T10:33:56.472Z] [INFO] Clicking on element Email Details Tab
[2025-11-18T10:33:57.246Z] [DEBUG] Clicked on element Email Details Tab
[2025-11-18T10:33:58.485Z] [INFO] Clicking on element Close NBIL Sub Tab
[2025-11-18T10:33:58.915Z] [DEBUG] Clicked on element Close NBIL Sub Tab
[2025-11-18T10:33:59.654Z] [INFO] Clicking on element activity Tab
[2025-11-18T10:34:00.290Z] [DEBUG] Clicked on element activity Tab
[2025-11-18T10:34:00.700Z] [INFO] Scrolling attempt 1
[2025-11-18T10:34:01.435Z] [INFO] Scrolling attempt 2
[2025-11-18T10:34:02.374Z] [INFO] Element became visible during scroll.
[2025-11-18T10:34:04.615Z] [INFO] Clicking on element View All Files Button
[2025-11-18T10:34:05.349Z] [DEBUG] Clicked on element View All Files Button
[2025-11-18T10:34:08.773Z] [INFO] Clicking on element Close Files Sub Tab
[2025-11-18T10:34:09.090Z] [DEBUG] Clicked on element Close Files Sub Tab
[2025-11-18T10:34:09.556Z] [INFO] Clicking on element NBIL New Button
[2025-11-18T10:34:10.170Z] [DEBUG] Clicked on element NBIL New Button
[2025-11-18T10:34:12.656Z] [INFO] Clicking on element all Carriers Value 
[2025-11-18T10:34:13.200Z] [DEBUG] Clicked on element all Carriers Value 
[2025-11-18T10:34:13.509Z] [INFO] Clicking on element nbilNextButton
[2025-11-18T10:34:14.038Z] [DEBUG] Clicked on element nbilNextButton
[2025-11-18T10:34:14.040Z] [INFO] Sending text 'nuguri.charitha@us.lockton.com.uat' to email Id
[2025-11-18T10:34:16.019Z] [DEBUG] Sent text 'nuguri.charitha@us.lockton.com.uat' to email Id
[2025-11-18T10:34:21.507Z] [INFO] Clicking on element Done Button
[2025-11-18T10:34:21.939Z] [DEBUG] Clicked on element Done Button
[2025-11-18T10:34:27.759Z] [INFO] Clicking on element Done Button
[2025-11-18T10:34:28.160Z] [DEBUG] Clicked on element Done Button
[2025-11-18T10:34:28.855Z] [INFO] Clicking on element Close NDA/NBIL Flow Button
[2025-11-18T10:34:29.256Z] [DEBUG] Clicked on element Close NDA/NBIL Flow Button
[2025-11-18T10:34:32.490Z] [INFO] Element became visible during scroll.
[2025-11-18T10:34:34.708Z] [INFO] Clicking on element View All Files Button
[2025-11-18T10:34:35.401Z] [DEBUG] Clicked on element View All Files Button
[2025-11-18T10:34:38.644Z] [INFO] Clicking on element Close Files Sub Tab
[2025-11-18T10:34:39.216Z] [DEBUG] Clicked on element Close Files Sub Tab
[2025-11-18T10:34:39.693Z] [INFO] Clicking on element NBIL New Button
[2025-11-18T10:34:40.510Z] [DEBUG] Clicked on element NBIL New Button
[2025-11-18T10:34:42.776Z] [INFO] Clicking on element all Carriers Value 
[2025-11-18T10:34:43.332Z] [DEBUG] Clicked on element all Carriers Value 
[2025-11-18T10:34:43.565Z] [INFO] Clicking on element nbilNextButton
[2025-11-18T10:34:43.962Z] [DEBUG] Clicked on element nbilNextButton
[2025-11-18T10:34:43.968Z] [INFO] Sending text 'nuguri.charitha@us.lockton.com' to email Id
[2025-11-18T10:34:45.854Z] [DEBUG] Sent text 'nuguri.charitha@us.lockton.com' to email Id
[2025-11-18T10:34:45.973Z] [INFO] Subject field is validated successfully with opportunity name.
[2025-11-18T10:34:51.434Z] [INFO] Clicking on element Done Button
[2025-11-18T10:34:51.849Z] [DEBUG] Clicked on element Done Button
[2025-11-18T10:34:57.596Z] [INFO] Clicking on element Done Button
[2025-11-18T10:34:58.086Z] [DEBUG] Clicked on element Done Button
[2025-11-18T10:35:04.091Z] [INFO] Clicking on element Done Button
[2025-11-18T10:35:04.538Z] [DEBUG] Clicked on element Done Button
[2025-11-18T10:35:05.157Z] [INFO] Clicking on element Previous Button
[2025-11-18T10:35:07.132Z] [DEBUG] Clicked on element Previous Button
[2025-11-18T10:35:09.191Z] [INFO] Clicking on element Next Button
[2025-11-18T10:35:09.567Z] [DEBUG] Clicked on element Next Button
[2025-11-18T10:35:12.905Z] [INFO] Sending text 'nuguri.charitha@us.lockton.com' to email Id
[2025-11-18T10:35:13.269Z] [DEBUG] Sent text 'nuguri.charitha@us.lockton.com' to email Id
[2025-11-18T10:35:18.736Z] [INFO] Clicking on element Done Button
[2025-11-18T10:35:19.151Z] [DEBUG] Clicked on element Done Button
[2025-11-18T10:35:25.137Z] [INFO] Clicking on element Done Button
[2025-11-18T10:35:25.705Z] [DEBUG] Clicked on element Done Button
[2025-11-18T10:35:31.523Z] [INFO] Clicking on element Done Button
[2025-11-18T10:35:31.942Z] [DEBUG] Clicked on element Done Button
[2025-11-18T10:35:38.229Z] [INFO] Clicking on element Done Button
[2025-11-18T10:35:38.634Z] [DEBUG] Clicked on element Done Button
[2025-11-18T10:35:40.877Z] [INFO] Clicking on element Close Duplicate Error Button
[2025-11-18T10:35:41.411Z] [DEBUG] Clicked on element Close Duplicate Error Button
[2025-11-18T10:35:41.543Z] [INFO] Clicking on element Delete file button
[2025-11-18T10:35:42.010Z] [DEBUG] Clicked on element Delete file button
[2025-11-18T10:35:42.073Z] [INFO] Clicking on element preview Text
[2025-11-18T10:35:42.487Z] [DEBUG] Clicked on element preview Text
[2025-11-18T10:35:44.262Z] [INFO] Clicking on element table Text Input
[2025-11-18T10:35:44.661Z] [DEBUG] Clicked on element table Text Input
[2025-11-18T10:35:44.908Z] [INFO] Clicking on element send Button
[2025-11-18T10:35:45.338Z] [DEBUG] Clicked on element send Button
[2025-11-18T10:35:48.980Z] [INFO] Clicking on element successWindow Close Button
[2025-11-18T10:35:49.423Z] [DEBUG] Clicked on element successWindow Close Button
[2025-11-18T10:35:53.001Z] [INFO] Clicking on element activity Tab
[2025-11-18T10:35:59.090Z] [DEBUG] Clicked on element activity Tab
[2025-11-18T10:35:59.698Z] [INFO] Clicking on element Email Request Sent Link
[2025-11-18T10:36:01.607Z] [DEBUG] Clicked on element Email Request Sent Link
[2025-11-18T10:36:01.609Z] [INFO] Clicking on element Email Details Tab
[2025-11-18T10:36:05.446Z] [DEBUG] Clicked on element Email Details Tab
[2025-11-18T10:36:05.449Z] [INFO] Clicking on element Email Details Tab
[2025-11-18T10:36:06.156Z] [DEBUG] Clicked on element Email Details Tab
[2025-11-18T10:36:06.627Z] [INFO] Clicking on element Close NBIL Sub Tab
[2025-11-18T10:36:07.013Z] [DEBUG] Clicked on element Close NBIL Sub Tab
[2025-11-18T10:36:07.680Z] [INFO] Clicking on element activity Tab
[2025-11-18T10:36:08.195Z] [DEBUG] Clicked on element activity Tab
[2025-11-18T10:36:08.401Z] [INFO] Scrolling attempt 1
[2025-11-18T10:36:09.032Z] [INFO] Scrolling attempt 2
[2025-11-18T10:36:10.004Z] [INFO] Element became visible during scroll.
[2025-11-18T10:36:12.220Z] [INFO] Clicking on element View All Files Button
[2025-11-18T10:36:13.062Z] [DEBUG] Clicked on element View All Files Button
[2025-11-18T10:36:16.506Z] [INFO] Clicking on element Close Files Sub Tab
[2025-11-18T10:36:16.842Z] [DEBUG] Clicked on element Close Files Sub Tab
[2025-11-18T10:36:17.377Z] [INFO] Clicking on element NBIL New Button
[2025-11-18T10:36:17.971Z] [DEBUG] Clicked on element NBIL New Button
[2025-11-18T10:36:20.330Z] [INFO] Clicking on element all Carriers Value 
[2025-11-18T10:36:20.958Z] [DEBUG] Clicked on element all Carriers Value 
[2025-11-18T10:36:21.279Z] [INFO] Clicking on element nbilNextButton
[2025-11-18T10:36:21.646Z] [DEBUG] Clicked on element nbilNextButton
[2025-11-18T10:36:21.651Z] [INFO] Sending text 'nuguri.charitha@us.lockton.com.uat' to email Id
[2025-11-18T10:36:23.694Z] [DEBUG] Sent text 'nuguri.charitha@us.lockton.com.uat' to email Id
[2025-11-18T10:36:29.081Z] [INFO] Clicking on element Done Button
[2025-11-18T10:36:29.544Z] [DEBUG] Clicked on element Done Button
[2025-11-18T10:36:35.293Z] [INFO] Clicking on element Done Button
[2025-11-18T10:36:35.865Z] [DEBUG] Clicked on element Done Button
[2025-11-18T10:36:36.646Z] [INFO] Clicking on element Close NDA/NBIL Flow Button
[2025-11-18T10:36:37.080Z] [DEBUG] Clicked on element Close NDA/NBIL Flow Button
[2025-11-18T10:36:40.334Z] [INFO] Element became visible during scroll.
[2025-11-18T10:36:42.596Z] [INFO] Clicking on element View All Files Button
[2025-11-18T10:36:43.314Z] [DEBUG] Clicked on element View All Files Button
[2025-11-18T10:36:46.693Z] [INFO] Clicking on element Close Files Sub Tab
[2025-11-18T10:36:47.079Z] [DEBUG] Clicked on element Close Files Sub Tab
[2025-11-18T10:36:47.600Z] [INFO] Clicking on element NBIL New Button
[2025-11-18T10:36:48.111Z] [DEBUG] Clicked on element NBIL New Button
[2025-11-18T10:36:50.385Z] [INFO] Clicking on element all Carriers Value 
[2025-11-18T10:36:50.752Z] [DEBUG] Clicked on element all Carriers Value 
[2025-11-18T10:36:51.015Z] [INFO] Clicking on element nbilNextButton
[2025-11-18T10:36:51.366Z] [DEBUG] Clicked on element nbilNextButton
[2025-11-18T10:36:51.373Z] [INFO] Sending text 'nuguri.charitha@us.lockton.com' to email Id
[2025-11-18T10:36:53.306Z] [DEBUG] Sent text 'nuguri.charitha@us.lockton.com' to email Id
[2025-11-18T10:36:53.446Z] [INFO] Subject field is validated successfully with opportunity name.
[2025-11-18T10:36:58.806Z] [INFO] Clicking on element Done Button
[2025-11-18T10:36:59.218Z] [DEBUG] Clicked on element Done Button
[2025-11-18T10:37:05.031Z] [INFO] Clicking on element Done Button
[2025-11-18T10:37:05.481Z] [DEBUG] Clicked on element Done Button
[2025-11-18T10:37:11.485Z] [INFO] Clicking on element Done Button
[2025-11-18T10:37:11.871Z] [DEBUG] Clicked on element Done Button
[2025-11-18T10:37:12.414Z] [INFO] Clicking on element Previous Button
[2025-11-18T10:37:12.774Z] [DEBUG] Clicked on element Previous Button
[2025-11-18T10:37:14.847Z] [INFO] Clicking on element Next Button
[2025-11-18T10:37:15.180Z] [DEBUG] Clicked on element Next Button
[2025-11-18T10:37:18.438Z] [INFO] Sending text 'nuguri.charitha@us.lockton.com' to email Id
[2025-11-18T10:37:18.752Z] [DEBUG] Sent text 'nuguri.charitha@us.lockton.com' to email Id
[2025-11-18T10:37:24.147Z] [INFO] Clicking on element Done Button
[2025-11-18T10:37:24.562Z] [DEBUG] Clicked on element Done Button
[2025-11-18T10:37:30.523Z] [INFO] Clicking on element Done Button
[2025-11-18T10:37:31.063Z] [DEBUG] Clicked on element Done Button
[2025-11-18T10:37:37.007Z] [INFO] Clicking on element Done Button
[2025-11-18T10:37:37.439Z] [DEBUG] Clicked on element Done Button
[2025-11-18T10:37:43.582Z] [INFO] Clicking on element Done Button
[2025-11-18T10:37:44.014Z] [DEBUG] Clicked on element Done Button
[2025-11-18T10:37:46.294Z] [INFO] Clicking on element Close Duplicate Error Button
[2025-11-18T10:37:46.746Z] [DEBUG] Clicked on element Close Duplicate Error Button
[2025-11-18T10:37:46.963Z] [INFO] Clicking on element Delete file button
[2025-11-18T10:37:47.397Z] [DEBUG] Clicked on element Delete file button
[2025-11-18T10:37:47.480Z] [INFO] Clicking on element preview Text
[2025-11-18T10:37:48.085Z] [DEBUG] Clicked on element preview Text
[2025-11-18T10:37:49.895Z] [INFO] Sending text 'nuguri.charitha@us.lockton.com.uat' to cc Field Locator
[2025-11-18T10:37:50.321Z] [DEBUG] Sent text 'nuguri.charitha@us.lockton.com.uat' to cc Field Locator
[2025-11-18T10:37:50.328Z] [INFO] Sending text 'This is to inform you that the NBIL request has been updated with new comprehensive Data.' to static Carrier Text
[2025-11-18T10:37:50.793Z] [DEBUG] Sent text 'This is to inform you that the NBIL request has been updated with new comprehensive Data.' to static Carrier Text
[2025-11-18T10:37:50.796Z] [INFO] Sending text 'Test Policy Retention Request' to policy Retention Request
[2025-11-18T10:37:51.140Z] [DEBUG] Sent text 'Test Policy Retention Request' to policy Retention Request
[2025-11-18T10:37:51.986Z] [INFO] Sending text 'Test Underwriting Information' to under Writing Information
[2025-11-18T10:37:52.504Z] [DEBUG] Sent text 'Test Underwriting Information' to under Writing Information
[2025-11-18T10:37:52.514Z] [INFO] Clicking on element send Button
[2025-11-18T10:37:52.992Z] [DEBUG] Clicked on element send Button
[2025-11-18T10:37:56.942Z] [INFO] Clicking on element successWindow Close Button
[2025-11-18T10:37:57.280Z] [DEBUG] Clicked on element successWindow Close Button
[2025-11-18T10:38:01.119Z] [INFO] Clicking on element activity Tab
[2025-11-18T10:38:07.595Z] [DEBUG] Clicked on element activity Tab
[2025-11-18T10:38:08.246Z] [INFO] Clicking on element Email Request Sent Link
[2025-11-18T10:38:10.072Z] [DEBUG] Clicked on element Email Request Sent Link
[2025-11-18T10:38:10.073Z] [INFO] Clicking on element Email Details Tab
[2025-11-18T10:38:13.945Z] [DEBUG] Clicked on element Email Details Tab
[2025-11-18T10:38:13.949Z] [INFO] Clicking on element Email Details Tab
[2025-11-18T10:38:14.485Z] [DEBUG] Clicked on element Email Details Tab
[2025-11-18T10:38:16.235Z] [INFO] Clicking on element Close NBIL Sub Tab
[2025-11-18T10:38:16.656Z] [DEBUG] Clicked on element Close NBIL Sub Tab
[2025-11-18T10:38:17.301Z] [INFO] Clicking on element activity Tab
[2025-11-18T10:38:18.344Z] [DEBUG] Clicked on element activity Tab
[2025-11-18T10:38:18.590Z] [INFO] Scrolling attempt 1
[2025-11-18T10:38:19.277Z] [INFO] Scrolling attempt 2
[2025-11-18T10:38:20.220Z] [INFO] Element became visible during scroll.
[2025-11-18T10:38:22.493Z] [INFO] Clicking on element View All Files Button
[2025-11-18T10:38:23.278Z] [DEBUG] Clicked on element View All Files Button
[2025-11-18T10:38:26.743Z] [INFO] Clicking on element Close Files Sub Tab
[2025-11-18T10:38:27.117Z] [DEBUG] Clicked on element Close Files Sub Tab
[2025-11-18T10:38:27.630Z] [INFO] Clicking on element NBIL New Button
[2025-11-18T10:38:28.510Z] [DEBUG] Clicked on element NBIL New Button
[2025-11-18T10:38:30.796Z] [INFO] Clicking on element all Carriers Value 
[2025-11-18T10:38:31.193Z] [DEBUG] Clicked on element all Carriers Value 
[2025-11-18T10:38:31.432Z] [INFO] Clicking on element nbilNextButton
[2025-11-18T10:38:31.887Z] [DEBUG] Clicked on element nbilNextButton
[2025-11-18T10:38:31.890Z] [INFO] Sending text 'nuguri.charitha@us.lockton.com.uat' to email Id
[2025-11-18T10:38:33.767Z] [DEBUG] Sent text 'nuguri.charitha@us.lockton.com.uat' to email Id
[2025-11-18T10:38:39.107Z] [INFO] Clicking on element Done Button
[2025-11-18T10:38:39.509Z] [DEBUG] Clicked on element Done Button
[2025-11-18T10:38:45.256Z] [INFO] Clicking on element Done Button
[2025-11-18T10:38:45.882Z] [DEBUG] Clicked on element Done Button
[2025-11-18T10:38:46.638Z] [INFO] Clicking on element Close NDA/NBIL Flow Button
[2025-11-18T10:38:47.159Z] [DEBUG] Clicked on element Close NDA/NBIL Flow Button
[2025-11-18T10:38:50.494Z] [INFO] Element became visible during scroll.
[2025-11-18T10:38:52.806Z] [INFO] Clicking on element View All Files Button
[2025-11-18T10:38:53.528Z] [DEBUG] Clicked on element View All Files Button
[2025-11-18T10:46:21.491Z] [INFO] Sending text 'nuguri.charitha@us.lockton.com.uat' to username Input Value
[2025-11-18T10:46:21.967Z] [DEBUG] Sent text 'nuguri.charitha@us.lockton.com.uat' to username Input Value
[2025-11-18T10:46:21.986Z] [INFO] Sending text 'Charitha@48' to password Input Value
[2025-11-18T10:46:22.256Z] [DEBUG] Sent text 'Charitha@48' to password Input Value
[2025-11-18T10:46:22.267Z] [INFO] Clicking on element login Button
[2025-11-18T10:46:24.496Z] [DEBUG] Clicked on element login Button
[2025-11-18T10:46:29.682Z] [INFO] Clicking on element setUp Icon
[2025-11-18T10:46:30.027Z] [DEBUG] Clicked on element setUp Icon
[2025-11-18T10:46:37.154Z] [INFO] Clicking on element user Search Result
[2025-11-18T10:46:37.474Z] [DEBUG] Clicked on element user Search Result
[2025-11-18T10:46:57.672Z] [INFO] Clicking on element show Navigation Menu
[2025-11-18T10:46:57.963Z] [DEBUG] Clicked on element show Navigation Menu
[2025-11-18T10:46:58.005Z] [INFO] Clicking on element accounts Menu Item
[2025-11-18T10:46:58.349Z] [DEBUG] Clicked on element accounts Menu Item
[2025-11-18T10:46:59.810Z] [INFO] Clicking on element list View Element
[2025-11-18T10:47:00.318Z] [DEBUG] Clicked on element list View Element
[2025-11-18T10:47:00.403Z] [INFO] Sending text 'All Clients' to searchBox ListViewInput
[2025-11-18T10:47:00.648Z] [DEBUG] Sent text 'All Clients' to searchBox ListViewInput
[2025-11-18T10:47:00.714Z] [INFO] Clicking on element all Clients In List View
[2025-11-18T10:47:01.077Z] [DEBUG] Clicked on element all Clients In List View
[2025-11-18T10:47:01.117Z] [INFO] Clicking on element global Search Button
[2025-11-18T10:47:01.565Z] [DEBUG] Clicked on element global Search Button
[2025-11-18T10:47:02.090Z] [INFO] Sending text '1031 Exchange Corporation' to global Search Input
[2025-11-18T10:47:02.323Z] [DEBUG] Sent text '1031 Exchange Corporation' to global Search Input
[2025-11-18T10:47:03.822Z] [INFO] Clicking on element global Search Result
[2025-11-18T10:47:04.231Z] [DEBUG] Clicked on element global Search Result
[2025-11-18T10:47:04.236Z] [INFO] AccountPage: Validating account record type: Client
[2025-11-18T10:47:09.594Z] [INFO] AccountPage: Account record type 'Client' is visible.
[2025-11-18T10:47:09.600Z] [INFO] Clicking on element new Opportunity Button
[2025-11-18T10:47:11.620Z] [DEBUG] Clicked on element new Opportunity Button
[2025-11-18T10:47:11.622Z] [INFO] Clicking on element intial Intake Button
[2025-11-18T10:47:12.889Z] [DEBUG] Clicked on element intial Intake Button
[2025-11-18T10:47:12.891Z] [INFO] Clicking on element opportunity Next Button
[2025-11-18T10:47:13.407Z] [DEBUG] Clicked on element opportunity Next Button
[2025-11-18T10:47:15.034Z] [INFO] Sending text 'auto siugy' to opportunity Name
[2025-11-18T10:47:15.371Z] [DEBUG] Sent text 'auto siugy' to opportunity Name
[2025-11-18T10:47:15.431Z] [INFO] Clicking on element stage DropDown
[2025-11-18T10:47:15.870Z] [DEBUG] Clicked on element stage DropDown
[2025-11-18T10:47:15.921Z] [INFO] Clicking on element stage Value
[2025-11-18T10:47:16.317Z] [DEBUG] Clicked on element stage Value
[2025-11-18T10:47:16.815Z] [INFO] Clicking on element insurance DropDown
[2025-11-18T10:47:17.165Z] [DEBUG] Clicked on element insurance DropDown
[2025-11-18T10:47:17.292Z] [INFO] Clicking on element Insurance Type Option
[2025-11-18T10:47:17.809Z] [DEBUG] Clicked on element Insurance Type Option
[2025-11-18T10:47:17.814Z] [INFO] Clicking on element insurance Sub Type Drop Down
[2025-11-18T10:47:18.313Z] [DEBUG] Clicked on element insurance Sub Type Drop Down
[2025-11-18T10:47:18.319Z] [INFO] Clicking on element insurance Type field
[2025-11-18T10:47:18.759Z] [DEBUG] Clicked on element insurance Type field
[2025-11-18T10:47:20.829Z] [INFO] Clicking on element save Button
[2025-11-18T10:47:21.340Z] [DEBUG] Clicked on element save Button
[2025-11-18T10:47:25.157Z] [INFO] Clicking on element show More Actions DropDown
[2025-11-18T10:47:25.740Z] [DEBUG] Clicked on element show More Actions DropDown
[2025-11-18T10:47:25.748Z] [INFO] Clicking on element manage Opportunity Assignment Option
[2025-11-18T10:47:26.266Z] [DEBUG] Clicked on element manage Opportunity Assignment Option
[2025-11-18T10:47:26.556Z] [INFO] Clicking on element Add Assignment Button
[2025-11-18T10:47:29.508Z] [DEBUG] Clicked on element Add Assignment Button
[2025-11-18T10:47:29.642Z] [INFO] Clicking on element Add Assignment Button
[2025-11-18T10:47:30.169Z] [DEBUG] Clicked on element Add Assignment Button
[2025-11-18T10:47:30.174Z] [INFO] Sending text 'Patricia Urraca' to Add Assignment Button
[2025-11-18T10:47:30.541Z] [DEBUG] Sent text 'Patricia Urraca' to Add Assignment Button
[2025-11-18T10:47:30.548Z] [INFO] Clicking on element personNameInList
[2025-11-18T10:47:31.860Z] [DEBUG] Clicked on element personNameInList
[2025-11-18T10:47:31.871Z] [INFO] Clicking on element Service LeadCheckBox
[2025-11-18T10:47:32.652Z] [DEBUG] Clicked on element Service LeadCheckBox
[2025-11-18T10:47:32.759Z] [INFO] Sending text '100' to Primary Producer Allocation TextBox
[2025-11-18T10:47:33.129Z] [DEBUG] Sent text '100' to Primary Producer Allocation TextBox
[2025-11-18T10:47:33.135Z] [INFO] Clicking on element SaveAndClose Button
[2025-11-18T10:47:33.575Z] [DEBUG] Clicked on element SaveAndClose Button
[2025-11-18T10:47:33.583Z] [INFO] Clicking on element edit Button
[2025-11-18T10:47:36.409Z] [DEBUG] Clicked on element edit Button
[2025-11-18T10:47:39.724Z] [INFO] Sending text '11/18/2026' to quote DueDate Field
[2025-11-18T10:47:40.768Z] [DEBUG] Sent text '11/18/2026' to quote DueDate Field
[2025-11-18T10:47:40.774Z] [INFO] Sending text '800' to enterpriseValueField
[2025-11-18T10:47:41.439Z] [DEBUG] Sent text '800' to enterpriseValueField
[2025-11-18T10:47:41.446Z] [INFO] Sending text 'A&M Home Services' to target Field
[2025-11-18T10:47:41.979Z] [DEBUG] Sent text 'A&M Home Services' to target Field
[2025-11-18T10:47:41.984Z] [INFO] Sending text 'It is for New Single-Family Housing Construction (except For-Sale Builders)' to target Description Field
[2025-11-18T10:47:42.434Z] [DEBUG] Sent text 'It is for New Single-Family Housing Construction (except For-Sale Builders)' to target Description Field
[2025-11-18T10:47:42.439Z] [INFO] Clicking on element quote DueTime DropDown
[2025-11-18T10:47:42.987Z] [DEBUG] Clicked on element quote DueTime DropDown
[2025-11-18T10:47:43.109Z] [INFO] Clicking on element quote DueTime Value
[2025-11-18T10:47:43.584Z] [DEBUG] Clicked on element quote DueTime Value
[2025-11-18T10:47:43.590Z] [INFO] Clicking on element buyers Council DropDown
[2025-11-18T10:47:44.243Z] [DEBUG] Clicked on element buyers Council DropDown
[2025-11-18T10:47:44.249Z] [INFO] Clicking on element buyers Council DropDown Value
[2025-11-18T10:47:44.884Z] [DEBUG] Clicked on element buyers Council DropDown Value
[2025-11-18T10:47:44.889Z] [INFO] Sending text '109' to limit Requested
[2025-11-18T10:47:45.486Z] [DEBUG] Sent text '109' to limit Requested
[2025-11-18T10:47:45.493Z] [INFO] Clicking on element save Button
[2025-11-18T10:47:46.419Z] [DEBUG] Clicked on element save Button
[2025-11-18T10:47:46.435Z] [INFO] Clicking on element edit Button
[2025-11-18T10:47:49.554Z] [DEBUG] Clicked on element edit Button
[2025-11-18T10:47:50.641Z] [INFO] Sending text '40' to rollover Percentage
[2025-11-18T10:47:52.095Z] [DEBUG] Sent text '40' to rollover Percentage
[2025-11-18T10:47:52.100Z] [INFO] Sending text 'Test Purchase Agreement' to purchase Agreement
[2025-11-18T10:47:53.077Z] [DEBUG] Sent text 'Test Purchase Agreement' to purchase Agreement
[2025-11-18T10:47:53.084Z] [INFO] Clicking on element sellers Council DropDown
[2025-11-18T10:47:54.254Z] [DEBUG] Clicked on element sellers Council DropDown
[2025-11-18T10:47:54.260Z] [INFO] Clicking on element sellers Council Value
[2025-11-18T10:47:54.916Z] [DEBUG] Clicked on element sellers Council Value
[2025-11-18T10:47:54.920Z] [INFO] Sending text '400' to limit Requested2
[2025-11-18T10:47:55.416Z] [DEBUG] Sent text '400' to limit Requested2
[2025-11-18T10:47:55.426Z] [INFO] Clicking on element limit Comments
[2025-11-18T10:47:55.868Z] [DEBUG] Clicked on element limit Comments
[2025-11-18T10:47:55.877Z] [INFO] Sending text 'Test limit Comments' to limit Comments
[2025-11-18T10:47:56.273Z] [DEBUG] Sent text 'Test limit Comments' to limit Comments
[2025-11-18T10:47:56.278Z] [INFO] Clicking on element other Requested Terms
[2025-11-18T10:47:56.763Z] [DEBUG] Clicked on element other Requested Terms
[2025-11-18T10:47:56.767Z] [INFO] Sending text 'Test other requested terms' to other Requested Terms
[2025-11-18T10:47:57.190Z] [DEBUG] Sent text 'Test other requested terms' to other Requested Terms
[2025-11-18T10:47:57.194Z] [INFO] Clicking on element draft Purchase Agreement CheckBox
[2025-11-18T10:47:57.829Z] [DEBUG] Clicked on element draft Purchase Agreement CheckBox
[2025-11-18T10:47:57.832Z] [INFO] Clicking on element type Of Financials DropDown
[2025-11-18T10:47:58.290Z] [DEBUG] Clicked on element type Of Financials DropDown
[2025-11-18T10:47:58.293Z] [INFO] Clicking on element type Of Financials Value
[2025-11-18T10:47:58.764Z] [DEBUG] Clicked on element type Of Financials Value
[2025-11-18T10:47:58.765Z] [INFO] Clicking on element deal Book CheckBox
[2025-11-18T10:47:59.253Z] [DEBUG] Clicked on element deal Book CheckBox
[2025-11-18T10:47:59.256Z] [INFO] Clicking on element legal DropDown
[2025-11-18T10:48:00.076Z] [DEBUG] Clicked on element legal DropDown
[2025-11-18T10:48:00.078Z] [INFO] Clicking on element legal Value
[2025-11-18T10:48:00.661Z] [DEBUG] Clicked on element legal Value
[2025-11-18T10:48:00.664Z] [INFO] Clicking on element financial DropDown
[2025-11-18T10:48:01.261Z] [DEBUG] Clicked on element financial DropDown
[2025-11-18T10:48:01.369Z] [INFO] Clicking on element financial Value
[2025-11-18T10:48:01.942Z] [DEBUG] Clicked on element financial Value
[2025-11-18T10:48:01.948Z] [INFO] Clicking on element tax DropDown
[2025-11-18T10:48:02.547Z] [DEBUG] Clicked on element tax DropDown
[2025-11-18T10:48:02.549Z] [INFO] Clicking on element tax Value
[2025-11-18T10:48:03.295Z] [DEBUG] Clicked on element tax Value
[2025-11-18T10:48:03.297Z] [INFO] Clicking on element save Button
[2025-11-18T10:48:04.028Z] [DEBUG] Clicked on element save Button
[2025-11-18T10:48:04.191Z] [INFO] Clicking on element global Search Button
[2025-11-18T10:48:07.590Z] [DEBUG] Clicked on element global Search Button
[2025-11-18T10:48:07.630Z] [INFO] Sending text 'CFC Underwriting Limited' to global Search Input
[2025-11-18T10:48:07.801Z] [DEBUG] Sent text 'CFC Underwriting Limited' to global Search Input
[2025-11-18T10:48:08.753Z] [INFO] Clicking on element global Search Result
[2025-11-18T10:48:09.121Z] [DEBUG] Clicked on element global Search Result
[2025-11-18T10:48:12.297Z] [INFO] Clicking on element taxCarriers Header
[2025-11-18T10:48:12.794Z] [DEBUG] Clicked on element taxCarriers Header
[2025-11-18T10:48:13.434Z] [INFO] Clicking on element Close Last Account Tab
[2025-11-18T10:48:13.706Z] [DEBUG] Clicked on element Close Last Account Tab
[2025-11-18T10:48:13.714Z] [INFO] Clicking on element opportunity Tab
[2025-11-18T10:48:14.475Z] [DEBUG] Clicked on element opportunity Tab
[2025-11-18T10:48:14.579Z] [INFO] Clicking on element NBIL New Button
[2025-11-18T10:48:15.068Z] [DEBUG] Clicked on element NBIL New Button
[2025-11-18T10:48:17.459Z] [INFO] Clicking on element all Carriers Value 
[2025-11-18T10:48:17.829Z] [DEBUG] Clicked on element all Carriers Value 
[2025-11-18T10:48:18.051Z] [INFO] Clicking on element nbilNextButton
[2025-11-18T10:48:18.497Z] [DEBUG] Clicked on element nbilNextButton
[2025-11-18T10:48:18.501Z] [INFO] Sending text 'nuguri.charitha@us.lockton.com,Sudha.Batchala@us.lockton.com' to email Id
[2025-11-18T10:48:22.401Z] [DEBUG] Sent text 'nuguri.charitha@us.lockton.com,Sudha.Batchala@us.lockton.com' to email Id
[2025-11-18T10:48:22.603Z] [INFO] Subject field is validated successfully with opportunity name.
[2025-11-18T10:48:28.035Z] [INFO] Clicking on element Done Button
[2025-11-18T10:48:28.573Z] [DEBUG] Clicked on element Done Button
[2025-11-18T10:48:34.415Z] [INFO] Clicking on element Done Button
[2025-11-18T10:48:35.242Z] [DEBUG] Clicked on element Done Button
[2025-11-18T10:48:41.265Z] [INFO] Clicking on element Done Button
[2025-11-18T10:48:42.306Z] [DEBUG] Clicked on element Done Button
[2025-11-18T10:48:43.427Z] [INFO] Clicking on element Previous Button
[2025-11-18T10:48:44.713Z] [DEBUG] Clicked on element Previous Button
[2025-11-18T10:48:46.907Z] [INFO] Clicking on element Next Button
[2025-11-18T10:48:48.034Z] [DEBUG] Clicked on element Next Button
[2025-11-18T10:48:51.847Z] [INFO] Sending text 'nuguri.charitha@us.lockton.com,Sudha.Batchala@us.lockton.com' to email Id
[2025-11-18T10:48:52.703Z] [DEBUG] Sent text 'nuguri.charitha@us.lockton.com,Sudha.Batchala@us.lockton.com' to email Id
[2025-11-18T10:48:58.778Z] [INFO] Clicking on element Done Button
[2025-11-18T10:48:59.851Z] [DEBUG] Clicked on element Done Button
[2025-11-18T10:49:05.818Z] [INFO] Clicking on element Done Button
[2025-11-18T10:49:06.336Z] [DEBUG] Clicked on element Done Button
[2025-11-18T10:49:12.231Z] [INFO] Clicking on element Done Button
[2025-11-18T10:49:12.744Z] [DEBUG] Clicked on element Done Button
[2025-11-18T10:49:19.073Z] [INFO] Clicking on element Done Button
[2025-11-18T10:49:19.525Z] [DEBUG] Clicked on element Done Button
[2025-11-18T10:49:21.916Z] [INFO] Clicking on element Close Duplicate Error Button
[2025-11-18T10:49:22.500Z] [DEBUG] Clicked on element Close Duplicate Error Button
[2025-11-18T10:49:22.653Z] [INFO] Clicking on element Delete file button
[2025-11-18T10:49:23.151Z] [DEBUG] Clicked on element Delete file button
[2025-11-18T10:49:23.262Z] [INFO] Clicking on element preview Text
[2025-11-18T10:49:23.722Z] [DEBUG] Clicked on element preview Text
[2025-11-18T10:49:25.130Z] [INFO] Sending text 'nuguri.charitha@us.lockton.com,Sudha.Batchala@us.lockton.com' to cc Field Locator
[2025-11-18T10:49:25.403Z] [DEBUG] Sent text 'nuguri.charitha@us.lockton.com,Sudha.Batchala@us.lockton.com' to cc Field Locator
[2025-11-18T10:49:25.412Z] [INFO] Clicking on element send Button
[2025-11-18T10:49:25.766Z] [DEBUG] Clicked on element send Button
[2025-11-18T10:50:21.467Z] [INFO] Sending text 'nuguri.charitha@us.lockton.com.uat' to username Input Value
[2025-11-18T10:50:21.856Z] [DEBUG] Sent text 'nuguri.charitha@us.lockton.com.uat' to username Input Value
[2025-11-18T10:50:21.863Z] [INFO] Sending text 'Charitha@48' to password Input Value
[2025-11-18T10:50:22.070Z] [DEBUG] Sent text 'Charitha@48' to password Input Value
[2025-11-18T10:50:22.073Z] [INFO] Clicking on element login Button
[2025-11-18T10:50:24.190Z] [DEBUG] Clicked on element login Button
[2025-11-18T10:50:30.166Z] [INFO] Clicking on element setUp Icon
[2025-11-18T10:50:30.519Z] [DEBUG] Clicked on element setUp Icon
[2025-11-18T10:50:37.128Z] [INFO] Clicking on element user Search Result
[2025-11-18T10:50:40.429Z] [DEBUG] Clicked on element user Search Result
[2025-11-18T10:51:00.447Z] [INFO] Clicking on element show Navigation Menu
[2025-11-18T10:51:01.189Z] [DEBUG] Clicked on element show Navigation Menu
[2025-11-18T10:51:01.236Z] [INFO] Clicking on element accounts Menu Item
[2025-11-18T10:51:01.539Z] [DEBUG] Clicked on element accounts Menu Item
[2025-11-18T10:51:02.990Z] [INFO] Clicking on element list View Element
[2025-11-18T10:51:03.375Z] [DEBUG] Clicked on element list View Element
[2025-11-18T10:51:03.451Z] [INFO] Sending text 'All Clients' to searchBox ListViewInput
[2025-11-18T10:51:03.764Z] [DEBUG] Sent text 'All Clients' to searchBox ListViewInput
[2025-11-18T10:51:03.852Z] [INFO] Clicking on element all Clients In List View
[2025-11-18T10:51:04.300Z] [DEBUG] Clicked on element all Clients In List View
[2025-11-18T10:51:04.349Z] [INFO] Clicking on element global Search Button
[2025-11-18T10:51:05.570Z] [DEBUG] Clicked on element global Search Button
[2025-11-18T10:51:05.707Z] [INFO] Sending text '1031 Exchange Corporation' to global Search Input
[2025-11-18T10:51:06.070Z] [DEBUG] Sent text '1031 Exchange Corporation' to global Search Input
[2025-11-18T10:51:07.063Z] [INFO] Clicking on element global Search Result
[2025-11-18T10:51:07.501Z] [DEBUG] Clicked on element global Search Result
[2025-11-18T10:51:07.508Z] [INFO] AccountPage: Validating account record type: Client
[2025-11-18T10:51:12.311Z] [INFO] AccountPage: Account record type 'Client' is visible.
[2025-11-18T10:51:12.318Z] [INFO] Clicking on element new Opportunity Button
[2025-11-18T10:51:14.049Z] [DEBUG] Clicked on element new Opportunity Button
[2025-11-18T10:51:14.057Z] [INFO] Clicking on element intial Intake Button
[2025-11-18T10:51:15.818Z] [DEBUG] Clicked on element intial Intake Button
[2025-11-18T10:51:15.821Z] [INFO] Clicking on element opportunity Next Button
[2025-11-18T10:51:16.341Z] [DEBUG] Clicked on element opportunity Next Button
[2025-11-18T10:51:18.151Z] [INFO] Sending text 'auto zgjdr' to opportunity Name
[2025-11-18T10:51:18.514Z] [DEBUG] Sent text 'auto zgjdr' to opportunity Name
[2025-11-18T10:51:18.600Z] [INFO] Clicking on element stage DropDown
[2025-11-18T10:51:18.955Z] [DEBUG] Clicked on element stage DropDown
[2025-11-18T10:51:19.002Z] [INFO] Clicking on element stage Value
[2025-11-18T10:51:19.347Z] [DEBUG] Clicked on element stage Value
[2025-11-18T10:51:19.817Z] [INFO] Clicking on element insurance DropDown
[2025-11-18T10:51:20.107Z] [DEBUG] Clicked on element insurance DropDown
[2025-11-18T10:51:20.213Z] [INFO] Clicking on element Insurance Type Option
[2025-11-18T10:51:20.515Z] [DEBUG] Clicked on element Insurance Type Option
[2025-11-18T10:51:20.517Z] [INFO] Clicking on element insurance Sub Type Drop Down
[2025-11-18T10:51:20.839Z] [DEBUG] Clicked on element insurance Sub Type Drop Down
[2025-11-18T10:51:20.842Z] [INFO] Clicking on element insurance Type field
[2025-11-18T10:51:21.218Z] [DEBUG] Clicked on element insurance Type field
[2025-11-18T10:51:23.311Z] [INFO] Clicking on element save Button
[2025-11-18T10:51:23.774Z] [DEBUG] Clicked on element save Button
[2025-11-18T10:51:27.878Z] [INFO] Clicking on element show More Actions DropDown
[2025-11-18T10:51:28.240Z] [DEBUG] Clicked on element show More Actions DropDown
[2025-11-18T10:51:28.246Z] [INFO] Clicking on element manage Opportunity Assignment Option
[2025-11-18T10:51:28.649Z] [DEBUG] Clicked on element manage Opportunity Assignment Option
[2025-11-18T10:51:28.847Z] [INFO] Clicking on element Add Assignment Button
[2025-11-18T10:51:31.281Z] [DEBUG] Clicked on element Add Assignment Button
[2025-11-18T10:51:31.567Z] [INFO] Clicking on element Add Assignment Button
[2025-11-18T10:51:32.037Z] [DEBUG] Clicked on element Add Assignment Button
[2025-11-18T10:51:32.040Z] [INFO] Sending text 'Patricia Urraca' to Add Assignment Button
[2025-11-18T10:51:32.606Z] [DEBUG] Sent text 'Patricia Urraca' to Add Assignment Button
[2025-11-18T10:51:32.615Z] [INFO] Clicking on element personNameInList
[2025-11-18T10:51:34.592Z] [DEBUG] Clicked on element personNameInList
[2025-11-18T10:51:34.603Z] [INFO] Clicking on element Service LeadCheckBox
[2025-11-18T10:51:35.154Z] [DEBUG] Clicked on element Service LeadCheckBox
[2025-11-18T10:51:35.223Z] [INFO] Sending text '100' to Primary Producer Allocation TextBox
[2025-11-18T10:51:35.558Z] [DEBUG] Sent text '100' to Primary Producer Allocation TextBox
[2025-11-18T10:51:35.563Z] [INFO] Clicking on element SaveAndClose Button
[2025-11-18T10:51:36.041Z] [DEBUG] Clicked on element SaveAndClose Button
[2025-11-18T10:51:36.050Z] [INFO] Clicking on element edit Button
[2025-11-18T10:51:38.721Z] [DEBUG] Clicked on element edit Button
[2025-11-18T10:51:41.854Z] [INFO] Sending text '11/18/2026' to quote DueDate Field
[2025-11-18T10:51:42.829Z] [DEBUG] Sent text '11/18/2026' to quote DueDate Field
[2025-11-18T10:51:42.839Z] [INFO] Sending text '800' to enterpriseValueField
[2025-11-18T10:51:43.388Z] [DEBUG] Sent text '800' to enterpriseValueField
[2025-11-18T10:51:43.395Z] [INFO] Sending text 'A&M Home Services' to target Field
[2025-11-18T10:51:43.833Z] [DEBUG] Sent text 'A&M Home Services' to target Field
[2025-11-18T10:51:43.841Z] [INFO] Sending text 'It is for New Single-Family Housing Construction (except For-Sale Builders)' to target Description Field
[2025-11-18T10:51:44.333Z] [DEBUG] Sent text 'It is for New Single-Family Housing Construction (except For-Sale Builders)' to target Description Field
[2025-11-18T10:51:44.340Z] [INFO] Clicking on element quote DueTime DropDown
[2025-11-18T10:51:44.836Z] [DEBUG] Clicked on element quote DueTime DropDown
[2025-11-18T10:51:44.919Z] [INFO] Clicking on element quote DueTime Value
[2025-11-18T10:51:45.396Z] [DEBUG] Clicked on element quote DueTime Value
[2025-11-18T10:51:45.402Z] [INFO] Clicking on element buyers Council DropDown
[2025-11-18T10:51:46.055Z] [DEBUG] Clicked on element buyers Council DropDown
[2025-11-18T10:51:46.059Z] [INFO] Clicking on element buyers Council DropDown Value
[2025-11-18T10:51:46.700Z] [DEBUG] Clicked on element buyers Council DropDown Value
[2025-11-18T10:51:46.706Z] [INFO] Sending text '109' to limit Requested
[2025-11-18T10:51:47.175Z] [DEBUG] Sent text '109' to limit Requested
[2025-11-18T10:51:47.181Z] [INFO] Clicking on element save Button
[2025-11-18T10:51:47.795Z] [DEBUG] Clicked on element save Button
[2025-11-18T10:51:47.806Z] [INFO] Clicking on element edit Button
[2025-11-18T10:51:50.680Z] [DEBUG] Clicked on element edit Button
[2025-11-18T10:51:51.839Z] [INFO] Sending text '40' to rollover Percentage
[2025-11-18T10:51:53.424Z] [DEBUG] Sent text '40' to rollover Percentage
[2025-11-18T10:51:53.429Z] [INFO] Sending text 'Test Purchase Agreement' to purchase Agreement
[2025-11-18T10:51:54.067Z] [DEBUG] Sent text 'Test Purchase Agreement' to purchase Agreement
[2025-11-18T10:51:54.072Z] [INFO] Clicking on element sellers Council DropDown
[2025-11-18T10:51:54.840Z] [DEBUG] Clicked on element sellers Council DropDown
[2025-11-18T10:51:54.849Z] [INFO] Clicking on element sellers Council Value
[2025-11-18T10:51:55.430Z] [DEBUG] Clicked on element sellers Council Value
[2025-11-18T10:51:55.435Z] [INFO] Sending text '400' to limit Requested2
[2025-11-18T10:51:55.911Z] [DEBUG] Sent text '400' to limit Requested2
[2025-11-18T10:51:55.918Z] [INFO] Clicking on element limit Comments
[2025-11-18T10:51:56.563Z] [DEBUG] Clicked on element limit Comments
[2025-11-18T10:51:56.568Z] [INFO] Sending text 'Test limit Comments' to limit Comments
[2025-11-18T10:51:57.000Z] [DEBUG] Sent text 'Test limit Comments' to limit Comments
[2025-11-18T10:51:57.006Z] [INFO] Clicking on element other Requested Terms
[2025-11-18T10:51:57.515Z] [DEBUG] Clicked on element other Requested Terms
[2025-11-18T10:51:57.523Z] [INFO] Sending text 'Test other requested terms' to other Requested Terms
[2025-11-18T10:51:57.954Z] [DEBUG] Sent text 'Test other requested terms' to other Requested Terms
[2025-11-18T10:51:57.962Z] [INFO] Clicking on element draft Purchase Agreement CheckBox
[2025-11-18T10:51:58.514Z] [DEBUG] Clicked on element draft Purchase Agreement CheckBox
[2025-11-18T10:51:58.519Z] [INFO] Clicking on element type Of Financials DropDown
[2025-11-18T10:51:59.096Z] [DEBUG] Clicked on element type Of Financials DropDown
[2025-11-18T10:51:59.102Z] [INFO] Clicking on element type Of Financials Value
[2025-11-18T10:51:59.640Z] [DEBUG] Clicked on element type Of Financials Value
[2025-11-18T10:51:59.645Z] [INFO] Clicking on element deal Book CheckBox
[2025-11-18T10:52:00.150Z] [DEBUG] Clicked on element deal Book CheckBox
[2025-11-18T10:52:00.156Z] [INFO] Clicking on element legal DropDown
[2025-11-18T10:52:01.126Z] [DEBUG] Clicked on element legal DropDown
[2025-11-18T10:52:01.132Z] [INFO] Clicking on element legal Value
[2025-11-18T10:52:01.906Z] [DEBUG] Clicked on element legal Value
[2025-11-18T10:52:01.911Z] [INFO] Clicking on element financial DropDown
[2025-11-18T10:52:02.688Z] [DEBUG] Clicked on element financial DropDown
[2025-11-18T10:52:02.832Z] [INFO] Clicking on element financial Value
[2025-11-18T10:52:03.525Z] [DEBUG] Clicked on element financial Value
[2025-11-18T10:52:03.534Z] [INFO] Clicking on element tax DropDown
[2025-11-18T10:52:04.237Z] [DEBUG] Clicked on element tax DropDown
[2025-11-18T10:52:04.243Z] [INFO] Clicking on element tax Value
[2025-11-18T10:52:05.076Z] [DEBUG] Clicked on element tax Value
[2025-11-18T10:52:05.081Z] [INFO] Clicking on element save Button
[2025-11-18T10:52:05.696Z] [DEBUG] Clicked on element save Button
[2025-11-18T10:52:05.898Z] [INFO] Clicking on element global Search Button
[2025-11-18T10:52:08.662Z] [DEBUG] Clicked on element global Search Button
[2025-11-18T10:52:08.758Z] [INFO] Sending text 'CFC Underwriting Limited' to global Search Input
[2025-11-18T10:52:09.139Z] [DEBUG] Sent text 'CFC Underwriting Limited' to global Search Input
[2025-11-18T10:52:10.183Z] [INFO] Clicking on element global Search Result
[2025-11-18T10:52:10.621Z] [DEBUG] Clicked on element global Search Result
[2025-11-18T10:52:14.827Z] [INFO] Clicking on element taxCarriers Header
[2025-11-18T10:52:15.510Z] [DEBUG] Clicked on element taxCarriers Header
[2025-11-18T10:52:16.239Z] [INFO] Clicking on element Close Last Account Tab
[2025-11-18T10:52:16.661Z] [DEBUG] Clicked on element Close Last Account Tab
[2025-11-18T10:52:16.669Z] [INFO] Clicking on element opportunity Tab
[2025-11-18T10:52:17.684Z] [DEBUG] Clicked on element opportunity Tab
[2025-11-18T10:52:17.810Z] [INFO] Clicking on element NBIL New Button
[2025-11-18T10:52:18.345Z] [DEBUG] Clicked on element NBIL New Button
[2025-11-18T10:52:20.664Z] [INFO] Clicking on element all Carriers Value 
[2025-11-18T10:52:21.086Z] [DEBUG] Clicked on element all Carriers Value 
[2025-11-18T10:52:21.405Z] [INFO] Clicking on element nbilNextButton
[2025-11-18T10:52:21.716Z] [DEBUG] Clicked on element nbilNextButton
[2025-11-18T10:52:21.719Z] [INFO] Sending text 'nuguri.charitha@us.lockton.com,Sudha.Batchala@us.lockton.com' to email Id
[2025-11-18T10:52:24.101Z] [DEBUG] Sent text 'nuguri.charitha@us.lockton.com,Sudha.Batchala@us.lockton.com' to email Id
[2025-11-18T10:52:24.231Z] [INFO] Subject field is validated successfully with opportunity name.
[2025-11-18T10:52:29.662Z] [INFO] Clicking on element Done Button
[2025-11-18T10:52:30.134Z] [DEBUG] Clicked on element Done Button
[2025-11-18T10:52:36.174Z] [INFO] Clicking on element Done Button
[2025-11-18T10:52:36.665Z] [DEBUG] Clicked on element Done Button
[2025-11-18T10:52:42.773Z] [INFO] Clicking on element Done Button
[2025-11-18T10:52:43.345Z] [DEBUG] Clicked on element Done Button
[2025-11-18T10:52:43.986Z] [INFO] Clicking on element Previous Button
[2025-11-18T10:52:44.326Z] [DEBUG] Clicked on element Previous Button
[2025-11-18T10:52:46.394Z] [INFO] Clicking on element Next Button
[2025-11-18T10:52:46.809Z] [DEBUG] Clicked on element Next Button
[2025-11-18T10:52:50.188Z] [INFO] Sending text 'nuguri.charitha@us.lockton.com,Sudha.Batchala@us.lockton.com' to email Id
[2025-11-18T10:52:50.645Z] [DEBUG] Sent text 'nuguri.charitha@us.lockton.com,Sudha.Batchala@us.lockton.com' to email Id
[2025-11-18T10:52:56.249Z] [INFO] Clicking on element Done Button
[2025-11-18T10:52:56.785Z] [DEBUG] Clicked on element Done Button
[2025-11-18T10:53:02.937Z] [INFO] Clicking on element Done Button
[2025-11-18T10:53:03.796Z] [DEBUG] Clicked on element Done Button
[2025-11-18T10:53:10.198Z] [INFO] Clicking on element Done Button
[2025-11-18T10:53:10.838Z] [DEBUG] Clicked on element Done Button
[2025-11-18T10:53:17.298Z] [INFO] Clicking on element Done Button
[2025-11-18T10:53:18.048Z] [DEBUG] Clicked on element Done Button
[2025-11-18T10:53:20.471Z] [INFO] Clicking on element Close Duplicate Error Button
[2025-11-18T10:53:21.150Z] [DEBUG] Clicked on element Close Duplicate Error Button
[2025-11-18T10:53:21.304Z] [INFO] Clicking on element Delete file button
[2025-11-18T10:53:21.820Z] [DEBUG] Clicked on element Delete file button
[2025-11-18T10:53:21.900Z] [INFO] Clicking on element preview Text
[2025-11-18T10:53:22.317Z] [DEBUG] Clicked on element preview Text
[2025-11-18T10:53:23.990Z] [INFO] Sending text 'nuguri.charitha@us.lockton.com,Sudha.Batchala@us.lockton.com' to cc Field Locator
[2025-11-18T10:53:24.352Z] [DEBUG] Sent text 'nuguri.charitha@us.lockton.com,Sudha.Batchala@us.lockton.com' to cc Field Locator
[2025-11-18T10:53:24.364Z] [INFO] Clicking on element send Button
[2025-11-18T10:53:24.782Z] [DEBUG] Clicked on element send Button
[2025-11-18T10:53:44.030Z] [INFO] Clicking on element successWindow Close Button
[2025-11-18T10:53:44.649Z] [DEBUG] Clicked on element successWindow Close Button
[2025-11-18T10:53:48.148Z] [INFO] Clicking on element activity Tab
[2025-11-18T10:53:55.043Z] [DEBUG] Clicked on element activity Tab
[2025-11-18T10:53:55.489Z] [INFO] Clicking on element Email Request Sent Link
[2025-11-18T10:53:55.832Z] [DEBUG] Clicked on element Email Request Sent Link
[2025-11-18T10:53:55.834Z] [INFO] Clicking on element Email Details Tab
[2025-11-18T10:53:58.987Z] [DEBUG] Clicked on element Email Details Tab
[2025-11-18T10:53:58.994Z] [INFO] Clicking on element Email Details Tab
[2025-11-18T10:53:59.257Z] [DEBUG] Clicked on element Email Details Tab
[2025-11-18T10:54:00.115Z] [INFO] Clicking on element Close NBIL Sub Tab
[2025-11-18T10:54:00.361Z] [DEBUG] Clicked on element Close NBIL Sub Tab
[2025-11-18T10:54:00.981Z] [INFO] Clicking on element activity Tab
[2025-11-18T10:54:01.298Z] [DEBUG] Clicked on element activity Tab
[2025-11-18T10:54:01.495Z] [INFO] Scrolling attempt 1
[2025-11-18T10:54:02.205Z] [INFO] Scrolling attempt 2
[2025-11-18T10:54:03.112Z] [INFO] Element became visible during scroll.
[2025-11-18T10:54:05.314Z] [INFO] Clicking on element View All Files Button
[2025-11-18T10:54:05.880Z] [DEBUG] Clicked on element View All Files Button
[2025-11-18T10:54:25.045Z] [INFO] Sending text 'nuguri.charitha@us.lockton.com.uat' to username Input Value
[2025-11-18T10:54:25.535Z] [DEBUG] Sent text 'nuguri.charitha@us.lockton.com.uat' to username Input Value
[2025-11-18T10:54:25.540Z] [INFO] Sending text 'Charitha@48' to password Input Value
[2025-11-18T10:54:25.717Z] [DEBUG] Sent text 'Charitha@48' to password Input Value
[2025-11-18T10:54:25.720Z] [INFO] Clicking on element login Button
[2025-11-18T10:54:27.803Z] [DEBUG] Clicked on element login Button
[2025-11-18T10:54:33.544Z] [INFO] Clicking on element setUp Icon
[2025-11-18T10:54:33.934Z] [DEBUG] Clicked on element setUp Icon
[2025-11-18T10:54:44.744Z] [INFO] Clicking on element user Search Result
[2025-11-18T10:54:49.792Z] [DEBUG] Clicked on element user Search Result
[2025-11-18T10:55:12.487Z] [INFO] Clicking on element show Navigation Menu
[2025-11-18T10:55:16.129Z] [DEBUG] Clicked on element show Navigation Menu
[2025-11-18T10:55:16.303Z] [INFO] Clicking on element accounts Menu Item
[2025-11-18T10:55:17.228Z] [DEBUG] Clicked on element accounts Menu Item
[2025-11-18T10:55:19.100Z] [INFO] Clicking on element list View Element
[2025-11-18T10:55:20.032Z] [DEBUG] Clicked on element list View Element
[2025-11-18T10:55:20.184Z] [INFO] Sending text 'All Clients' to searchBox ListViewInput
[2025-11-18T10:55:20.765Z] [DEBUG] Sent text 'All Clients' to searchBox ListViewInput
[2025-11-18T10:55:20.881Z] [INFO] Clicking on element all Clients In List View
[2025-11-18T10:55:21.970Z] [DEBUG] Clicked on element all Clients In List View
[2025-11-18T10:55:22.102Z] [INFO] Clicking on element global Search Button
[2025-11-18T10:55:24.700Z] [DEBUG] Clicked on element global Search Button
[2025-11-18T10:55:24.912Z] [INFO] Sending text '1031 Exchange Corporation' to global Search Input
[2025-11-18T10:55:25.807Z] [DEBUG] Sent text '1031 Exchange Corporation' to global Search Input
[2025-11-18T10:55:26.459Z] [INFO] Clicking on element global Search Result
[2025-11-18T10:55:27.344Z] [DEBUG] Clicked on element global Search Result
[2025-11-18T10:55:27.352Z] [INFO] AccountPage: Validating account record type: Client
[2025-11-18T10:55:32.928Z] [INFO] AccountPage: Account record type 'Client' is visible.
[2025-11-18T10:55:32.936Z] [INFO] Clicking on element new Opportunity Button
[2025-11-18T10:55:36.645Z] [DEBUG] Clicked on element new Opportunity Button
[2025-11-18T10:55:36.660Z] [INFO] Clicking on element intial Intake Button
[2025-11-18T10:55:39.408Z] [DEBUG] Clicked on element intial Intake Button
[2025-11-18T10:55:39.417Z] [INFO] Clicking on element opportunity Next Button
[2025-11-18T10:55:40.879Z] [DEBUG] Clicked on element opportunity Next Button
[2025-11-18T10:55:43.159Z] [INFO] Sending text 'auto zlvux' to opportunity Name
[2025-11-18T10:55:44.115Z] [DEBUG] Sent text 'auto zlvux' to opportunity Name
[2025-11-18T10:55:44.321Z] [INFO] Clicking on element stage DropDown
[2025-11-18T10:55:45.558Z] [DEBUG] Clicked on element stage DropDown
[2025-11-18T10:55:45.762Z] [INFO] Clicking on element stage Value
[2025-11-18T10:55:47.134Z] [DEBUG] Clicked on element stage Value
[2025-11-18T10:55:48.926Z] [INFO] Clicking on element insurance DropDown
[2025-11-18T10:55:50.054Z] [DEBUG] Clicked on element insurance DropDown
[2025-11-18T10:55:50.656Z] [INFO] Clicking on element Insurance Type Option
[2025-11-18T10:55:51.752Z] [DEBUG] Clicked on element Insurance Type Option
[2025-11-18T10:55:51.759Z] [INFO] Clicking on element insurance Sub Type Drop Down
[2025-11-18T10:55:52.716Z] [DEBUG] Clicked on element insurance Sub Type Drop Down
[2025-11-18T10:55:52.726Z] [INFO] Clicking on element insurance Type field
[2025-11-18T10:55:53.952Z] [DEBUG] Clicked on element insurance Type field
[2025-11-18T10:55:56.173Z] [INFO] Clicking on element save Button
[2025-11-18T10:55:57.278Z] [DEBUG] Clicked on element save Button
[2025-11-18T10:56:01.583Z] [INFO] Clicking on element show More Actions DropDown
[2025-11-18T10:56:03.212Z] [DEBUG] Clicked on element show More Actions DropDown
[2025-11-18T10:56:03.221Z] [INFO] Clicking on element manage Opportunity Assignment Option
[2025-11-18T10:56:04.338Z] [DEBUG] Clicked on element manage Opportunity Assignment Option
[2025-11-18T10:56:04.821Z] [INFO] Clicking on element Add Assignment Button
[2025-11-18T10:56:06.916Z] [DEBUG] Clicked on element Add Assignment Button
[2025-11-18T10:56:07.176Z] [INFO] Clicking on element Add Assignment Button
[2025-11-18T10:56:08.105Z] [DEBUG] Clicked on element Add Assignment Button
[2025-11-18T10:56:08.111Z] [INFO] Sending text 'Patricia Urraca' to Add Assignment Button
[2025-11-18T10:56:08.710Z] [DEBUG] Sent text 'Patricia Urraca' to Add Assignment Button
[2025-11-18T10:56:08.715Z] [INFO] Clicking on element personNameInList
[2025-11-18T10:56:10.708Z] [DEBUG] Clicked on element personNameInList
[2025-11-18T10:56:10.717Z] [INFO] Clicking on element Service LeadCheckBox
[2025-11-18T10:56:11.394Z] [DEBUG] Clicked on element Service LeadCheckBox
[2025-11-18T10:56:11.503Z] [INFO] Sending text '100' to Primary Producer Allocation TextBox
[2025-11-18T10:56:11.920Z] [DEBUG] Sent text '100' to Primary Producer Allocation TextBox
[2025-11-18T10:56:11.926Z] [INFO] Clicking on element SaveAndClose Button
[2025-11-18T10:56:12.501Z] [DEBUG] Clicked on element SaveAndClose Button
[2025-11-18T10:56:12.512Z] [INFO] Clicking on element edit Button
[2025-11-18T10:56:15.133Z] [DEBUG] Clicked on element edit Button
[2025-11-18T10:56:18.306Z] [INFO] Sending text '11/18/2026' to quote DueDate Field
[2025-11-18T10:56:19.144Z] [DEBUG] Sent text '11/18/2026' to quote DueDate Field
[2025-11-18T10:56:19.153Z] [INFO] Sending text '800' to enterpriseValueField
[2025-11-18T10:56:19.821Z] [DEBUG] Sent text '800' to enterpriseValueField
[2025-11-18T10:56:19.830Z] [INFO] Sending text 'A&M Home Services' to target Field
[2025-11-18T10:56:20.368Z] [DEBUG] Sent text 'A&M Home Services' to target Field
[2025-11-18T10:56:20.375Z] [INFO] Sending text 'It is for New Single-Family Housing Construction (except For-Sale Builders)' to target Description Field
[2025-11-18T10:56:20.962Z] [DEBUG] Sent text 'It is for New Single-Family Housing Construction (except For-Sale Builders)' to target Description Field
[2025-11-18T10:56:20.970Z] [INFO] Clicking on element quote DueTime DropDown
[2025-11-18T10:56:21.732Z] [DEBUG] Clicked on element quote DueTime DropDown
[2025-11-18T10:56:21.848Z] [INFO] Clicking on element quote DueTime Value
[2025-11-18T10:56:22.445Z] [DEBUG] Clicked on element quote DueTime Value
[2025-11-18T10:56:22.451Z] [INFO] Clicking on element buyers Council DropDown
[2025-11-18T10:56:23.189Z] [DEBUG] Clicked on element buyers Council DropDown
[2025-11-18T10:56:23.193Z] [INFO] Clicking on element buyers Council DropDown Value
[2025-11-18T10:56:23.868Z] [DEBUG] Clicked on element buyers Council DropDown Value
[2025-11-18T10:56:23.874Z] [INFO] Sending text '109' to limit Requested
[2025-11-18T10:56:24.489Z] [DEBUG] Sent text '109' to limit Requested
[2025-11-18T10:56:24.493Z] [INFO] Clicking on element save Button
[2025-11-18T10:56:25.201Z] [DEBUG] Clicked on element save Button
[2025-11-18T10:56:25.217Z] [INFO] Clicking on element edit Button
[2025-11-18T10:56:28.737Z] [DEBUG] Clicked on element edit Button
[2025-11-18T10:56:29.821Z] [INFO] Sending text '40' to rollover Percentage
[2025-11-18T10:56:30.771Z] [DEBUG] Sent text '40' to rollover Percentage
[2025-11-18T10:56:30.777Z] [INFO] Sending text 'Test Purchase Agreement' to purchase Agreement
[2025-11-18T10:56:31.284Z] [DEBUG] Sent text 'Test Purchase Agreement' to purchase Agreement
[2025-11-18T10:56:31.289Z] [INFO] Clicking on element sellers Council DropDown
[2025-11-18T10:56:32.360Z] [DEBUG] Clicked on element sellers Council DropDown
[2025-11-18T10:56:32.365Z] [INFO] Clicking on element sellers Council Value
[2025-11-18T10:56:33.348Z] [DEBUG] Clicked on element sellers Council Value
[2025-11-18T10:56:33.353Z] [INFO] Sending text '400' to limit Requested2
[2025-11-18T10:56:33.874Z] [DEBUG] Sent text '400' to limit Requested2
[2025-11-18T10:56:33.880Z] [INFO] Clicking on element limit Comments
[2025-11-18T10:56:34.436Z] [DEBUG] Clicked on element limit Comments
[2025-11-18T10:56:34.441Z] [INFO] Sending text 'Test limit Comments' to limit Comments
[2025-11-18T10:56:34.947Z] [DEBUG] Sent text 'Test limit Comments' to limit Comments
[2025-11-18T10:56:34.953Z] [INFO] Clicking on element other Requested Terms
[2025-11-18T10:56:35.644Z] [DEBUG] Clicked on element other Requested Terms
[2025-11-18T10:56:35.651Z] [INFO] Sending text 'Test other requested terms' to other Requested Terms
[2025-11-18T10:56:36.389Z] [DEBUG] Sent text 'Test other requested terms' to other Requested Terms
[2025-11-18T10:56:36.394Z] [INFO] Clicking on element draft Purchase Agreement CheckBox
[2025-11-18T10:56:37.230Z] [DEBUG] Clicked on element draft Purchase Agreement CheckBox
[2025-11-18T10:56:37.237Z] [INFO] Clicking on element type Of Financials DropDown
[2025-11-18T10:56:38.344Z] [DEBUG] Clicked on element type Of Financials DropDown
[2025-11-18T10:56:38.352Z] [INFO] Clicking on element type Of Financials Value
[2025-11-18T10:56:39.141Z] [DEBUG] Clicked on element type Of Financials Value
[2025-11-18T10:56:39.148Z] [INFO] Clicking on element deal Book CheckBox
[2025-11-18T10:56:40.115Z] [DEBUG] Clicked on element deal Book CheckBox
[2025-11-18T10:56:40.124Z] [INFO] Clicking on element legal DropDown
[2025-11-18T10:56:41.789Z] [DEBUG] Clicked on element legal DropDown
[2025-11-18T10:56:41.797Z] [INFO] Clicking on element legal Value
[2025-11-18T10:56:42.831Z] [DEBUG] Clicked on element legal Value
[2025-11-18T10:56:42.840Z] [INFO] Clicking on element financial DropDown
[2025-11-18T10:56:43.660Z] [DEBUG] Clicked on element financial DropDown
[2025-11-18T10:56:43.820Z] [INFO] Clicking on element financial Value
[2025-11-18T10:56:44.565Z] [DEBUG] Clicked on element financial Value
[2025-11-18T10:56:44.569Z] [INFO] Clicking on element tax DropDown
[2025-11-18T10:56:45.265Z] [DEBUG] Clicked on element tax DropDown
[2025-11-18T10:56:45.270Z] [INFO] Clicking on element tax Value
[2025-11-18T10:56:46.124Z] [DEBUG] Clicked on element tax Value
[2025-11-18T10:56:46.129Z] [INFO] Clicking on element save Button
[2025-11-18T10:56:46.840Z] [DEBUG] Clicked on element save Button
[2025-11-18T10:56:47.053Z] [INFO] Clicking on element global Search Button
[2025-11-18T10:56:49.731Z] [DEBUG] Clicked on element global Search Button
[2025-11-18T10:56:49.799Z] [INFO] Sending text 'CFC Underwriting Limited' to global Search Input
[2025-11-18T10:56:50.558Z] [DEBUG] Sent text 'CFC Underwriting Limited' to global Search Input
[2025-11-18T10:56:51.200Z] [INFO] Clicking on element global Search Result
[2025-11-18T10:56:51.737Z] [DEBUG] Clicked on element global Search Result
[2025-11-18T10:56:55.158Z] [INFO] Clicking on element taxCarriers Header
[2025-11-18T10:56:55.903Z] [DEBUG] Clicked on element taxCarriers Header
[2025-11-18T10:56:56.844Z] [INFO] Clicking on element Close Last Account Tab
[2025-11-18T10:56:57.315Z] [DEBUG] Clicked on element Close Last Account Tab
[2025-11-18T10:56:57.322Z] [INFO] Clicking on element opportunity Tab
[2025-11-18T10:56:58.323Z] [DEBUG] Clicked on element opportunity Tab
[2025-11-18T10:56:58.493Z] [INFO] Clicking on element NBIL New Button
[2025-11-18T10:56:59.275Z] [DEBUG] Clicked on element NBIL New Button
[2025-11-18T10:57:01.871Z] [INFO] Clicking on element all Carriers Value 
[2025-11-18T10:57:02.589Z] [DEBUG] Clicked on element all Carriers Value 
[2025-11-18T10:57:02.938Z] [INFO] Clicking on element nbilNextButton
[2025-11-18T10:57:03.453Z] [DEBUG] Clicked on element nbilNextButton
[2025-11-18T10:57:03.462Z] [INFO] Sending text 'nuguri.charitha@us.lockton.com,Sudha.Batchala@us.lockton.com' to email Id
[2025-11-18T10:57:05.437Z] [DEBUG] Sent text 'nuguri.charitha@us.lockton.com,Sudha.Batchala@us.lockton.com' to email Id
[2025-11-18T10:57:05.579Z] [INFO] Subject field is validated successfully with opportunity name.
[2025-11-18T10:57:11.047Z] [INFO] Clicking on element Done Button
[2025-11-18T10:57:11.799Z] [DEBUG] Clicked on element Done Button
[2025-11-18T10:57:17.691Z] [INFO] Clicking on element Done Button
[2025-11-18T10:57:18.316Z] [DEBUG] Clicked on element Done Button
[2025-11-18T10:57:24.393Z] [INFO] Clicking on element Done Button
[2025-11-18T10:57:25.218Z] [DEBUG] Clicked on element Done Button
[2025-11-18T10:57:25.933Z] [INFO] Clicking on element Previous Button
[2025-11-18T10:57:26.632Z] [DEBUG] Clicked on element Previous Button
[2025-11-18T10:57:28.728Z] [INFO] Clicking on element Next Button
[2025-11-18T10:57:29.166Z] [DEBUG] Clicked on element Next Button
[2025-11-18T10:57:32.516Z] [INFO] Sending text 'nuguri.charitha@us.lockton.com,Sudha.Batchala@us.lockton.com' to email Id
[2025-11-18T10:57:33.009Z] [DEBUG] Sent text 'nuguri.charitha@us.lockton.com,Sudha.Batchala@us.lockton.com' to email Id
[2025-11-18T10:57:38.601Z] [INFO] Clicking on element Done Button
[2025-11-18T10:57:39.452Z] [DEBUG] Clicked on element Done Button
[2025-11-18T10:57:45.321Z] [INFO] Clicking on element Done Button
[2025-11-18T10:57:45.814Z] [DEBUG] Clicked on element Done Button
[2025-11-18T10:57:51.917Z] [INFO] Clicking on element Done Button
[2025-11-18T10:57:52.456Z] [DEBUG] Clicked on element Done Button
[2025-11-18T10:57:58.701Z] [INFO] Clicking on element Done Button
[2025-11-18T10:57:59.137Z] [DEBUG] Clicked on element Done Button
[2025-11-18T10:58:01.554Z] [INFO] Clicking on element Close Duplicate Error Button
[2025-11-18T10:58:02.118Z] [DEBUG] Clicked on element Close Duplicate Error Button
[2025-11-18T10:58:02.271Z] [INFO] Clicking on element Delete file button
[2025-11-18T10:58:02.787Z] [DEBUG] Clicked on element Delete file button
[2025-11-18T10:58:02.861Z] [INFO] Clicking on element preview Text
[2025-11-18T10:58:03.365Z] [DEBUG] Clicked on element preview Text
[2025-11-18T10:58:05.386Z] [INFO] Sending text 'nuguri.charitha@us.lockton.com,Sudha.Batchala@us.lockton.com' to cc Field Locator
[2025-11-18T10:58:05.763Z] [DEBUG] Sent text 'nuguri.charitha@us.lockton.com,Sudha.Batchala@us.lockton.com' to cc Field Locator
[2025-11-18T10:58:05.781Z] [INFO] Clicking on element send Button
[2025-11-18T10:58:06.233Z] [DEBUG] Clicked on element send Button
[2025-11-18T11:00:13.127Z] [INFO] Sending text 'nuguri.charitha@us.lockton.com.uat' to username Input Value
[2025-11-18T11:00:13.764Z] [DEBUG] Sent text 'nuguri.charitha@us.lockton.com.uat' to username Input Value
[2025-11-18T11:00:13.775Z] [INFO] Sending text 'Charitha@48' to password Input Value
[2025-11-18T11:00:13.987Z] [DEBUG] Sent text 'Charitha@48' to password Input Value
[2025-11-18T11:00:13.996Z] [INFO] Clicking on element login Button
[2025-11-18T11:00:16.752Z] [DEBUG] Clicked on element login Button
[2025-11-18T11:00:22.498Z] [INFO] Clicking on element setUp Icon
[2025-11-18T11:00:22.854Z] [DEBUG] Clicked on element setUp Icon
[2025-11-18T11:00:30.866Z] [INFO] Clicking on element user Search Result
[2025-11-18T11:00:31.263Z] [DEBUG] Clicked on element user Search Result
[2025-11-18T11:01:11.302Z] [INFO] Sending text 'nuguri.charitha@us.lockton.com.uat' to username Input Value
[2025-11-18T11:01:11.868Z] [DEBUG] Sent text 'nuguri.charitha@us.lockton.com.uat' to username Input Value
[2025-11-18T11:01:11.872Z] [INFO] Sending text 'Charitha@48' to password Input Value
[2025-11-18T11:01:12.018Z] [DEBUG] Sent text 'Charitha@48' to password Input Value
[2025-11-18T11:01:12.023Z] [INFO] Clicking on element login Button
[2025-11-18T11:01:14.520Z] [DEBUG] Clicked on element login Button
[2025-11-18T11:01:19.892Z] [INFO] Clicking on element setUp Icon
[2025-11-18T11:01:20.270Z] [DEBUG] Clicked on element setUp Icon
[2025-11-18T11:01:28.085Z] [INFO] Clicking on element user Search Result
[2025-11-18T11:01:32.077Z] [DEBUG] Clicked on element user Search Result
[2025-11-18T11:01:49.515Z] [INFO] Clicking on element show Navigation Menu
[2025-11-18T11:01:50.273Z] [DEBUG] Clicked on element show Navigation Menu
[2025-11-18T11:01:50.343Z] [INFO] Clicking on element accounts Menu Item
[2025-11-18T11:01:50.711Z] [DEBUG] Clicked on element accounts Menu Item
[2025-11-18T11:01:52.302Z] [INFO] Clicking on element list View Element
[2025-11-18T11:01:52.774Z] [DEBUG] Clicked on element list View Element
[2025-11-18T11:01:52.855Z] [INFO] Sending text 'All Clients' to searchBox ListViewInput
[2025-11-18T11:01:53.222Z] [DEBUG] Sent text 'All Clients' to searchBox ListViewInput
[2025-11-18T11:01:53.317Z] [INFO] Clicking on element all Clients In List View
[2025-11-18T11:01:53.952Z] [DEBUG] Clicked on element all Clients In List View
[2025-11-18T11:01:54.029Z] [INFO] Clicking on element global Search Button
[2025-11-18T11:01:55.800Z] [DEBUG] Clicked on element global Search Button
[2025-11-18T11:01:55.876Z] [INFO] Sending text '1031 Exchange Corporation' to global Search Input
[2025-11-18T11:01:56.228Z] [DEBUG] Sent text '1031 Exchange Corporation' to global Search Input
[2025-11-18T11:01:57.701Z] [INFO] Clicking on element global Search Result
[2025-11-18T11:01:58.256Z] [DEBUG] Clicked on element global Search Result
[2025-11-18T11:01:58.259Z] [INFO] AccountPage: Validating account record type: Client
[2025-11-18T11:02:02.962Z] [INFO] AccountPage: Account record type 'Client' is visible.
[2025-11-18T11:02:02.966Z] [INFO] Clicking on element new Opportunity Button
[2025-11-18T11:02:05.482Z] [DEBUG] Clicked on element new Opportunity Button
[2025-11-18T11:02:05.486Z] [INFO] Clicking on element intial Intake Button
[2025-11-18T11:02:06.748Z] [DEBUG] Clicked on element intial Intake Button
[2025-11-18T11:02:06.751Z] [INFO] Clicking on element opportunity Next Button
[2025-11-18T11:02:07.435Z] [DEBUG] Clicked on element opportunity Next Button
[2025-11-18T11:02:10.296Z] [INFO] Sending text 'auto ibdsg' to opportunity Name
[2025-11-18T11:02:10.911Z] [DEBUG] Sent text 'auto ibdsg' to opportunity Name
[2025-11-18T11:02:11.000Z] [INFO] Clicking on element stage DropDown
[2025-11-18T11:02:11.384Z] [DEBUG] Clicked on element stage DropDown
[2025-11-18T11:02:11.478Z] [INFO] Clicking on element stage Value
[2025-11-18T11:02:11.868Z] [DEBUG] Clicked on element stage Value
[2025-11-18T11:02:12.921Z] [INFO] Clicking on element insurance DropDown
[2025-11-18T11:02:13.377Z] [DEBUG] Clicked on element insurance DropDown
[2025-11-18T11:02:13.615Z] [INFO] Clicking on element Insurance Type Option
[2025-11-18T11:02:14.075Z] [DEBUG] Clicked on element Insurance Type Option
[2025-11-18T11:02:14.077Z] [INFO] Clicking on element insurance Sub Type Drop Down
[2025-11-18T11:02:14.616Z] [DEBUG] Clicked on element insurance Sub Type Drop Down
[2025-11-18T11:02:14.619Z] [INFO] Clicking on element insurance Type field
[2025-11-18T11:02:15.080Z] [DEBUG] Clicked on element insurance Type field
[2025-11-18T11:02:17.184Z] [INFO] Clicking on element save Button
[2025-11-18T11:02:17.695Z] [DEBUG] Clicked on element save Button
[2025-11-18T11:02:21.852Z] [INFO] Clicking on element show More Actions DropDown
[2025-11-18T11:02:22.558Z] [DEBUG] Clicked on element show More Actions DropDown
[2025-11-18T11:02:22.560Z] [INFO] Clicking on element manage Opportunity Assignment Option
[2025-11-18T11:02:23.402Z] [DEBUG] Clicked on element manage Opportunity Assignment Option
[2025-11-18T11:02:23.846Z] [INFO] Clicking on element Add Assignment Button
[2025-11-18T11:02:26.264Z] [DEBUG] Clicked on element Add Assignment Button
[2025-11-18T11:02:26.592Z] [INFO] Clicking on element Add Assignment Button
[2025-11-18T11:02:27.113Z] [DEBUG] Clicked on element Add Assignment Button
[2025-11-18T11:02:27.115Z] [INFO] Sending text 'Patricia Urraca' to Add Assignment Button
[2025-11-18T11:02:27.420Z] [DEBUG] Sent text 'Patricia Urraca' to Add Assignment Button
[2025-11-18T11:02:27.422Z] [INFO] Clicking on element personNameInList
[2025-11-18T11:02:28.755Z] [DEBUG] Clicked on element personNameInList
[2025-11-18T11:02:28.759Z] [INFO] Clicking on element Service LeadCheckBox
[2025-11-18T11:02:29.303Z] [DEBUG] Clicked on element Service LeadCheckBox
[2025-11-18T11:02:29.375Z] [INFO] Sending text '100' to Primary Producer Allocation TextBox
[2025-11-18T11:02:29.786Z] [DEBUG] Sent text '100' to Primary Producer Allocation TextBox
[2025-11-18T11:02:29.788Z] [INFO] Clicking on element SaveAndClose Button
[2025-11-18T11:02:30.505Z] [DEBUG] Clicked on element SaveAndClose Button
[2025-11-18T11:02:30.508Z] [INFO] Clicking on element edit Button
[2025-11-18T11:02:32.464Z] [DEBUG] Clicked on element edit Button
[2025-11-18T11:02:35.859Z] [INFO] Sending text '11/18/2026' to quote DueDate Field
[2025-11-18T11:02:36.883Z] [DEBUG] Sent text '11/18/2026' to quote DueDate Field
[2025-11-18T11:02:36.885Z] [INFO] Sending text '800' to enterpriseValueField
[2025-11-18T11:02:37.356Z] [DEBUG] Sent text '800' to enterpriseValueField
[2025-11-18T11:02:37.358Z] [INFO] Sending text 'A&M Home Services' to target Field
[2025-11-18T11:02:37.757Z] [DEBUG] Sent text 'A&M Home Services' to target Field
[2025-11-18T11:02:37.759Z] [INFO] Sending text 'It is for New Single-Family Housing Construction (except For-Sale Builders)' to target Description Field
[2025-11-18T11:02:38.180Z] [DEBUG] Sent text 'It is for New Single-Family Housing Construction (except For-Sale Builders)' to target Description Field
[2025-11-18T11:02:38.182Z] [INFO] Clicking on element quote DueTime DropDown
[2025-11-18T11:02:38.803Z] [DEBUG] Clicked on element quote DueTime DropDown
[2025-11-18T11:02:38.933Z] [INFO] Clicking on element quote DueTime Value
[2025-11-18T11:02:39.519Z] [DEBUG] Clicked on element quote DueTime Value
[2025-11-18T11:02:39.521Z] [INFO] Clicking on element buyers Council DropDown
[2025-11-18T11:02:40.507Z] [DEBUG] Clicked on element buyers Council DropDown
[2025-11-18T11:02:40.513Z] [INFO] Clicking on element buyers Council DropDown Value
[2025-11-18T11:02:41.342Z] [DEBUG] Clicked on element buyers Council DropDown Value
[2025-11-18T11:02:41.348Z] [INFO] Sending text '109' to limit Requested
[2025-11-18T11:02:41.934Z] [DEBUG] Sent text '109' to limit Requested
[2025-11-18T11:02:41.935Z] [INFO] Clicking on element save Button
[2025-11-18T11:02:42.600Z] [DEBUG] Clicked on element save Button
[2025-11-18T11:02:42.604Z] [INFO] Clicking on element edit Button
[2025-11-18T11:02:45.918Z] [DEBUG] Clicked on element edit Button
[2025-11-18T11:02:46.869Z] [INFO] Sending text '40' to rollover Percentage
[2025-11-18T11:02:48.033Z] [DEBUG] Sent text '40' to rollover Percentage
[2025-11-18T11:02:48.035Z] [INFO] Sending text 'Test Purchase Agreement' to purchase Agreement
[2025-11-18T11:02:48.704Z] [DEBUG] Sent text 'Test Purchase Agreement' to purchase Agreement
[2025-11-18T11:02:48.706Z] [INFO] Clicking on element sellers Council DropDown
[2025-11-18T11:02:49.427Z] [DEBUG] Clicked on element sellers Council DropDown
[2025-11-18T11:02:49.432Z] [INFO] Clicking on element sellers Council Value
[2025-11-18T11:02:50.637Z] [DEBUG] Clicked on element sellers Council Value
[2025-11-18T11:02:50.642Z] [INFO] Sending text '400' to limit Requested2
[2025-11-18T11:02:51.510Z] [DEBUG] Sent text '400' to limit Requested2
[2025-11-18T11:02:51.511Z] [INFO] Clicking on element limit Comments
[2025-11-18T11:02:52.211Z] [DEBUG] Clicked on element limit Comments
[2025-11-18T11:02:52.214Z] [INFO] Sending text 'Test limit Comments' to limit Comments
[2025-11-18T11:02:52.923Z] [DEBUG] Sent text 'Test limit Comments' to limit Comments
[2025-11-18T11:02:52.926Z] [INFO] Clicking on element other Requested Terms
[2025-11-18T11:02:53.778Z] [DEBUG] Clicked on element other Requested Terms
[2025-11-18T11:02:53.783Z] [INFO] Sending text 'Test other requested terms' to other Requested Terms
[2025-11-18T11:02:54.416Z] [DEBUG] Sent text 'Test other requested terms' to other Requested Terms
[2025-11-18T11:02:54.418Z] [INFO] Clicking on element draft Purchase Agreement CheckBox
[2025-11-18T11:02:55.049Z] [DEBUG] Clicked on element draft Purchase Agreement CheckBox
[2025-11-18T11:02:55.054Z] [INFO] Clicking on element type Of Financials DropDown
[2025-11-18T11:02:56.092Z] [DEBUG] Clicked on element type Of Financials DropDown
[2025-11-18T11:02:56.094Z] [INFO] Clicking on element type Of Financials Value
[2025-11-18T11:02:56.869Z] [DEBUG] Clicked on element type Of Financials Value
[2025-11-18T11:02:56.873Z] [INFO] Clicking on element deal Book CheckBox
[2025-11-18T11:02:57.489Z] [DEBUG] Clicked on element deal Book CheckBox
[2025-11-18T11:02:57.492Z] [INFO] Clicking on element legal DropDown
[2025-11-18T11:02:58.556Z] [DEBUG] Clicked on element legal DropDown
[2025-11-18T11:02:58.560Z] [INFO] Clicking on element legal Value
[2025-11-18T11:02:59.662Z] [DEBUG] Clicked on element legal Value
[2025-11-18T11:02:59.665Z] [INFO] Clicking on element financial DropDown
[2025-11-18T11:03:00.576Z] [DEBUG] Clicked on element financial DropDown
[2025-11-18T11:03:00.703Z] [INFO] Clicking on element financial Value
[2025-11-18T11:03:01.783Z] [DEBUG] Clicked on element financial Value
[2025-11-18T11:03:01.786Z] [INFO] Clicking on element tax DropDown
[2025-11-18T11:03:03.046Z] [DEBUG] Clicked on element tax DropDown
[2025-11-18T11:03:03.049Z] [INFO] Clicking on element tax Value
[2025-11-18T11:03:04.033Z] [DEBUG] Clicked on element tax Value
[2025-11-18T11:03:04.035Z] [INFO] Clicking on element save Button
[2025-11-18T11:03:05.081Z] [DEBUG] Clicked on element save Button
[2025-11-18T11:03:05.246Z] [INFO] Clicking on element global Search Button
[2025-11-18T11:03:08.050Z] [DEBUG] Clicked on element global Search Button
[2025-11-18T11:03:08.118Z] [INFO] Sending text 'CFC Underwriting Limited' to global Search Input
[2025-11-18T11:03:08.604Z] [DEBUG] Sent text 'CFC Underwriting Limited' to global Search Input
[2025-11-18T11:03:09.576Z] [INFO] Clicking on element global Search Result
[2025-11-18T11:03:09.934Z] [DEBUG] Clicked on element global Search Result
[2025-11-18T11:03:13.308Z] [INFO] Clicking on element taxCarriers Header
[2025-11-18T11:03:13.870Z] [DEBUG] Clicked on element taxCarriers Header
[2025-11-18T11:03:14.469Z] [INFO] Clicking on element Close Last Account Tab
[2025-11-18T11:03:14.751Z] [DEBUG] Clicked on element Close Last Account Tab
[2025-11-18T11:03:14.753Z] [INFO] Clicking on element opportunity Tab
[2025-11-18T11:03:15.461Z] [DEBUG] Clicked on element opportunity Tab
[2025-11-18T11:03:15.553Z] [INFO] Clicking on element NBIL New Button
[2025-11-18T11:03:16.140Z] [DEBUG] Clicked on element NBIL New Button
[2025-11-18T11:03:18.600Z] [INFO] Clicking on element all Carriers Value 
[2025-11-18T11:03:19.130Z] [DEBUG] Clicked on element all Carriers Value 
[2025-11-18T11:03:19.548Z] [INFO] Clicking on element nbilNextButton
[2025-11-18T11:03:19.954Z] [DEBUG] Clicked on element nbilNextButton
[2025-11-18T11:03:19.959Z] [INFO] Sending text 'Sudha.Batchala@us.lockton.com' to email Id
[2025-11-18T11:03:30.160Z] [ERROR] Failed to send text to email Id: TimeoutError: locator.waitFor: Timeout 10000ms exceeded.
Call log:
[2m  - waiting for locator('//div/input[contains(@name,\'CC\')]') to be visible[22m

[2025-11-18T11:03:47.860Z] [INFO] Sending text 'nuguri.charitha@us.lockton.com.uat' to username Input Value
[2025-11-18T11:03:48.304Z] [DEBUG] Sent text 'nuguri.charitha@us.lockton.com.uat' to username Input Value
[2025-11-18T11:03:48.307Z] [INFO] Sending text 'Charitha@48' to password Input Value
[2025-11-18T11:03:48.500Z] [DEBUG] Sent text 'Charitha@48' to password Input Value
[2025-11-18T11:03:48.503Z] [INFO] Clicking on element login Button
[2025-11-18T11:03:50.636Z] [DEBUG] Clicked on element login Button
[2025-11-18T11:03:56.587Z] [INFO] Clicking on element setUp Icon
[2025-11-18T11:03:56.927Z] [DEBUG] Clicked on element setUp Icon
[2025-11-18T11:04:03.612Z] [INFO] Clicking on element user Search Result
[2025-11-18T11:04:04.000Z] [DEBUG] Clicked on element user Search Result
[2025-11-18T11:05:37.932Z] [INFO] Sending text 'nuguri.charitha@us.lockton.com.uat' to username Input Value
[2025-11-18T11:05:38.396Z] [DEBUG] Sent text 'nuguri.charitha@us.lockton.com.uat' to username Input Value
[2025-11-18T11:05:38.402Z] [INFO] Sending text 'Charitha@48' to password Input Value
[2025-11-18T11:05:38.628Z] [DEBUG] Sent text 'Charitha@48' to password Input Value
[2025-11-18T11:05:38.636Z] [INFO] Clicking on element login Button
[2025-11-18T11:05:41.261Z] [DEBUG] Clicked on element login Button
[2025-11-18T11:05:46.373Z] [INFO] Clicking on element setUp Icon
[2025-11-18T11:05:46.786Z] [DEBUG] Clicked on element setUp Icon
[2025-11-18T11:05:52.848Z] [INFO] Clicking on element user Search Result
[2025-11-18T11:05:54.657Z] [DEBUG] Clicked on element user Search Result
[2025-11-18T11:06:26.565Z] [INFO] Sending text 'nuguri.charitha@us.lockton.com.uat' to username Input Value
[2025-11-18T11:06:27.065Z] [DEBUG] Sent text 'nuguri.charitha@us.lockton.com.uat' to username Input Value
[2025-11-18T11:06:27.072Z] [INFO] Sending text 'Charitha@48' to password Input Value
[2025-11-18T11:06:27.307Z] [DEBUG] Sent text 'Charitha@48' to password Input Value
[2025-11-18T11:06:27.312Z] [INFO] Clicking on element login Button
[2025-11-18T11:06:29.694Z] [DEBUG] Clicked on element login Button
[2025-11-18T11:06:35.302Z] [INFO] Clicking on element setUp Icon
[2025-11-18T11:06:35.647Z] [DEBUG] Clicked on element setUp Icon
[2025-11-18T11:06:42.392Z] [INFO] Clicking on element user Search Result
[2025-11-18T11:06:42.770Z] [DEBUG] Clicked on element user Search Result
[2025-11-18T11:07:24.645Z] [INFO] Sending text 'nuguri.charitha@us.lockton.com.uat' to username Input Value
[2025-11-18T11:07:25.226Z] [DEBUG] Sent text 'nuguri.charitha@us.lockton.com.uat' to username Input Value
[2025-11-18T11:07:25.237Z] [INFO] Sending text 'Charitha@48' to password Input Value
[2025-11-18T11:07:25.457Z] [DEBUG] Sent text 'Charitha@48' to password Input Value
[2025-11-18T11:07:25.460Z] [INFO] Clicking on element login Button
[2025-11-18T11:07:27.958Z] [DEBUG] Clicked on element login Button
[2025-11-18T11:07:32.387Z] [INFO] Clicking on element setUp Icon
[2025-11-18T11:07:32.913Z] [DEBUG] Clicked on element setUp Icon
[2025-11-18T11:07:39.889Z] [INFO] Clicking on element user Search Result
[2025-11-18T11:07:43.257Z] [DEBUG] Clicked on element user Search Result
[2025-11-18T11:08:01.481Z] [INFO] Clicking on element show Navigation Menu
[2025-11-18T11:08:02.094Z] [DEBUG] Clicked on element show Navigation Menu
[2025-11-18T11:08:02.148Z] [INFO] Clicking on element accounts Menu Item
[2025-11-18T11:08:02.476Z] [DEBUG] Clicked on element accounts Menu Item
[2025-11-18T11:08:03.925Z] [INFO] Clicking on element list View Element
[2025-11-18T11:08:04.256Z] [DEBUG] Clicked on element list View Element
[2025-11-18T11:08:04.323Z] [INFO] Sending text 'All Clients' to searchBox ListViewInput
[2025-11-18T11:08:04.505Z] [DEBUG] Sent text 'All Clients' to searchBox ListViewInput
[2025-11-18T11:08:04.612Z] [INFO] Clicking on element all Clients In List View
[2025-11-18T11:08:05.044Z] [DEBUG] Clicked on element all Clients In List View
[2025-11-18T11:08:05.083Z] [INFO] Clicking on element global Search Button
[2025-11-18T11:08:05.503Z] [DEBUG] Clicked on element global Search Button
[2025-11-18T11:08:06.079Z] [INFO] Sending text '1031 Exchange Corporation' to global Search Input
[2025-11-18T11:08:06.293Z] [DEBUG] Sent text '1031 Exchange Corporation' to global Search Input
[2025-11-18T11:08:07.387Z] [INFO] Clicking on element global Search Result
[2025-11-18T11:08:07.808Z] [DEBUG] Clicked on element global Search Result
[2025-11-18T11:08:07.811Z] [INFO] AccountPage: Validating account record type: Client
[2025-11-18T11:08:12.551Z] [INFO] AccountPage: Account record type 'Client' is visible.
[2025-11-18T11:08:12.560Z] [INFO] Clicking on element new Opportunity Button
[2025-11-18T11:08:14.902Z] [DEBUG] Clicked on element new Opportunity Button
[2025-11-18T11:08:14.906Z] [INFO] Clicking on element intial Intake Button
[2025-11-18T11:08:16.574Z] [DEBUG] Clicked on element intial Intake Button
[2025-11-18T11:08:16.575Z] [INFO] Clicking on element opportunity Next Button
[2025-11-18T11:08:17.085Z] [DEBUG] Clicked on element opportunity Next Button
[2025-11-18T11:08:18.719Z] [INFO] Sending text 'auto bovhl' to opportunity Name
[2025-11-18T11:08:19.053Z] [DEBUG] Sent text 'auto bovhl' to opportunity Name
[2025-11-18T11:08:19.206Z] [INFO] Clicking on element stage DropDown
[2025-11-18T11:08:19.519Z] [DEBUG] Clicked on element stage DropDown
[2025-11-18T11:08:19.577Z] [INFO] Clicking on element stage Value
[2025-11-18T11:08:19.849Z] [DEBUG] Clicked on element stage Value
[2025-11-18T11:08:20.325Z] [INFO] Clicking on element insurance DropDown
[2025-11-18T11:08:20.675Z] [DEBUG] Clicked on element insurance DropDown
[2025-11-18T11:08:20.787Z] [INFO] Clicking on element Insurance Type Option
[2025-11-18T11:08:21.170Z] [DEBUG] Clicked on element Insurance Type Option
[2025-11-18T11:08:21.171Z] [INFO] Clicking on element insurance Sub Type Drop Down
[2025-11-18T11:08:21.417Z] [DEBUG] Clicked on element insurance Sub Type Drop Down
[2025-11-18T11:08:21.419Z] [INFO] Clicking on element insurance Type field
[2025-11-18T11:08:21.850Z] [DEBUG] Clicked on element insurance Type field
[2025-11-18T11:08:23.916Z] [INFO] Clicking on element save Button
[2025-11-18T11:08:24.368Z] [DEBUG] Clicked on element save Button
[2025-11-18T11:08:28.011Z] [INFO] Clicking on element show More Actions DropDown
[2025-11-18T11:08:28.607Z] [DEBUG] Clicked on element show More Actions DropDown
[2025-11-18T11:08:28.610Z] [INFO] Clicking on element manage Opportunity Assignment Option
[2025-11-18T11:08:29.072Z] [DEBUG] Clicked on element manage Opportunity Assignment Option
[2025-11-18T11:08:29.431Z] [INFO] Clicking on element Add Assignment Button
[2025-11-18T11:08:31.025Z] [DEBUG] Clicked on element Add Assignment Button
[2025-11-18T11:08:31.268Z] [INFO] Clicking on element Add Assignment Button
[2025-11-18T11:08:31.875Z] [DEBUG] Clicked on element Add Assignment Button
[2025-11-18T11:08:31.880Z] [INFO] Sending text 'Patricia Urraca' to Add Assignment Button
[2025-11-18T11:08:32.193Z] [DEBUG] Sent text 'Patricia Urraca' to Add Assignment Button
[2025-11-18T11:08:32.195Z] [INFO] Clicking on element personNameInList
[2025-11-18T11:08:33.583Z] [DEBUG] Clicked on element personNameInList
[2025-11-18T11:08:33.589Z] [INFO] Clicking on element Service LeadCheckBox
[2025-11-18T11:08:34.140Z] [DEBUG] Clicked on element Service LeadCheckBox
[2025-11-18T11:08:34.244Z] [INFO] Sending text '100' to Primary Producer Allocation TextBox
[2025-11-18T11:08:34.704Z] [DEBUG] Sent text '100' to Primary Producer Allocation TextBox
[2025-11-18T11:08:34.708Z] [INFO] Clicking on element SaveAndClose Button
[2025-11-18T11:08:35.400Z] [DEBUG] Clicked on element SaveAndClose Button
[2025-11-18T11:08:35.404Z] [INFO] Clicking on element edit Button
[2025-11-18T11:08:37.593Z] [DEBUG] Clicked on element edit Button
[2025-11-18T11:08:40.268Z] [INFO] Sending text '11/18/2026' to quote DueDate Field
[2025-11-18T11:08:40.801Z] [DEBUG] Sent text '11/18/2026' to quote DueDate Field
[2025-11-18T11:08:40.808Z] [INFO] Sending text '800' to enterpriseValueField
[2025-11-18T11:08:41.482Z] [DEBUG] Sent text '800' to enterpriseValueField
[2025-11-18T11:08:41.484Z] [INFO] Sending text 'A&M Home Services' to target Field
[2025-11-18T11:08:42.103Z] [DEBUG] Sent text 'A&M Home Services' to target Field
[2025-11-18T11:08:42.104Z] [INFO] Sending text 'It is for New Single-Family Housing Construction (except For-Sale Builders)' to target Description Field
[2025-11-18T11:08:42.519Z] [DEBUG] Sent text 'It is for New Single-Family Housing Construction (except For-Sale Builders)' to target Description Field
[2025-11-18T11:08:42.524Z] [INFO] Clicking on element quote DueTime DropDown
[2025-11-18T11:08:43.062Z] [DEBUG] Clicked on element quote DueTime DropDown
[2025-11-18T11:08:43.137Z] [INFO] Clicking on element quote DueTime Value
[2025-11-18T11:08:43.568Z] [DEBUG] Clicked on element quote DueTime Value
[2025-11-18T11:08:43.573Z] [INFO] Clicking on element buyers Council DropDown
[2025-11-18T11:08:44.098Z] [DEBUG] Clicked on element buyers Council DropDown
[2025-11-18T11:08:44.101Z] [INFO] Clicking on element buyers Council DropDown Value
[2025-11-18T11:08:44.687Z] [DEBUG] Clicked on element buyers Council DropDown Value
[2025-11-18T11:08:44.693Z] [INFO] Sending text '109' to limit Requested
[2025-11-18T11:08:45.195Z] [DEBUG] Sent text '109' to limit Requested
[2025-11-18T11:08:45.197Z] [INFO] Clicking on element save Button
[2025-11-18T11:08:45.836Z] [DEBUG] Clicked on element save Button
[2025-11-18T11:08:45.844Z] [INFO] Clicking on element edit Button
[2025-11-18T11:08:50.746Z] [DEBUG] Clicked on element edit Button
[2025-11-18T11:08:51.614Z] [INFO] Sending text '40' to rollover Percentage
[2025-11-18T11:08:52.472Z] [DEBUG] Sent text '40' to rollover Percentage
[2025-11-18T11:08:52.474Z] [INFO] Sending text 'Test Purchase Agreement' to purchase Agreement
[2025-11-18T11:08:52.968Z] [DEBUG] Sent text 'Test Purchase Agreement' to purchase Agreement
[2025-11-18T11:08:52.969Z] [INFO] Clicking on element sellers Council DropDown
[2025-11-18T11:08:53.580Z] [DEBUG] Clicked on element sellers Council DropDown
[2025-11-18T11:08:53.582Z] [INFO] Clicking on element sellers Council Value
[2025-11-18T11:08:54.333Z] [DEBUG] Clicked on element sellers Council Value
[2025-11-18T11:08:54.335Z] [INFO] Sending text '400' to limit Requested2
[2025-11-18T11:08:54.822Z] [DEBUG] Sent text '400' to limit Requested2
[2025-11-18T11:08:54.824Z] [INFO] Clicking on element limit Comments
[2025-11-18T11:08:55.303Z] [DEBUG] Clicked on element limit Comments
[2025-11-18T11:08:55.308Z] [INFO] Sending text 'Test limit Comments' to limit Comments
[2025-11-18T11:08:55.723Z] [DEBUG] Sent text 'Test limit Comments' to limit Comments
[2025-11-18T11:08:55.728Z] [INFO] Clicking on element other Requested Terms
[2025-11-18T11:08:56.229Z] [DEBUG] Clicked on element other Requested Terms
[2025-11-18T11:08:56.231Z] [INFO] Sending text 'Test other requested terms' to other Requested Terms
[2025-11-18T11:08:56.683Z] [DEBUG] Sent text 'Test other requested terms' to other Requested Terms
[2025-11-18T11:08:56.685Z] [INFO] Clicking on element draft Purchase Agreement CheckBox
[2025-11-18T11:08:57.304Z] [DEBUG] Clicked on element draft Purchase Agreement CheckBox
[2025-11-18T11:08:57.305Z] [INFO] Clicking on element type Of Financials DropDown
[2025-11-18T11:08:57.844Z] [DEBUG] Clicked on element type Of Financials DropDown
[2025-11-18T11:08:57.846Z] [INFO] Clicking on element type Of Financials Value
[2025-11-18T11:08:58.389Z] [DEBUG] Clicked on element type Of Financials Value
[2025-11-18T11:08:58.392Z] [INFO] Clicking on element deal Book CheckBox
[2025-11-18T11:08:58.927Z] [DEBUG] Clicked on element deal Book CheckBox
[2025-11-18T11:08:58.929Z] [INFO] Clicking on element legal DropDown
[2025-11-18T11:08:59.787Z] [DEBUG] Clicked on element legal DropDown
[2025-11-18T11:08:59.790Z] [INFO] Clicking on element legal Value
[2025-11-18T11:09:00.455Z] [DEBUG] Clicked on element legal Value
[2025-11-18T11:09:00.457Z] [INFO] Clicking on element financial DropDown
[2025-11-18T11:09:01.108Z] [DEBUG] Clicked on element financial DropDown
[2025-11-18T11:09:01.238Z] [INFO] Clicking on element financial Value
[2025-11-18T11:09:01.886Z] [DEBUG] Clicked on element financial Value
[2025-11-18T11:09:01.888Z] [INFO] Clicking on element tax DropDown
[2025-11-18T11:09:02.638Z] [DEBUG] Clicked on element tax DropDown
[2025-11-18T11:09:02.643Z] [INFO] Clicking on element tax Value
[2025-11-18T11:09:03.328Z] [DEBUG] Clicked on element tax Value
[2025-11-18T11:09:03.331Z] [INFO] Clicking on element save Button
[2025-11-18T11:09:04.026Z] [DEBUG] Clicked on element save Button
[2025-11-18T11:09:04.204Z] [INFO] Clicking on element global Search Button
[2025-11-18T11:09:06.937Z] [DEBUG] Clicked on element global Search Button
[2025-11-18T11:09:06.981Z] [INFO] Sending text 'CFC Underwriting Limited' to global Search Input
[2025-11-18T11:09:07.174Z] [DEBUG] Sent text 'CFC Underwriting Limited' to global Search Input
[2025-11-18T11:09:08.166Z] [INFO] Clicking on element global Search Result
[2025-11-18T11:09:08.520Z] [DEBUG] Clicked on element global Search Result
[2025-11-18T11:09:11.820Z] [INFO] Clicking on element taxCarriers Header
[2025-11-18T11:09:12.400Z] [DEBUG] Clicked on element taxCarriers Header
[2025-11-18T11:09:13.021Z] [INFO] Clicking on element Close Last Account Tab
[2025-11-18T11:09:13.339Z] [DEBUG] Clicked on element Close Last Account Tab
[2025-11-18T11:09:13.344Z] [INFO] Clicking on element opportunity Tab
[2025-11-18T11:09:14.125Z] [DEBUG] Clicked on element opportunity Tab
[2025-11-18T11:09:14.250Z] [INFO] Clicking on element NBIL New Button
[2025-11-18T11:09:14.967Z] [DEBUG] Clicked on element NBIL New Button
[2025-11-18T11:09:17.445Z] [INFO] Clicking on element all Carriers Value 
[2025-11-18T11:09:17.971Z] [DEBUG] Clicked on element all Carriers Value 
[2025-11-18T11:09:18.350Z] [INFO] Clicking on element nbilNextButton
[2025-11-18T11:09:18.705Z] [DEBUG] Clicked on element nbilNextButton
[2025-11-18T11:09:18.719Z] [INFO] Sending text 'Sudha.Batchala@us.lockton.com' to email Id
[2025-11-18T11:09:20.985Z] [DEBUG] Sent text 'Sudha.Batchala@us.lockton.com' to email Id
[2025-11-18T11:09:21.119Z] [INFO] Subject field is validated successfully with opportunity name.
[2025-11-18T11:09:26.521Z] [INFO] Clicking on element Done Button
[2025-11-18T11:09:27.372Z] [DEBUG] Clicked on element Done Button
[2025-11-18T11:09:33.440Z] [INFO] Clicking on element Done Button
[2025-11-18T11:09:34.225Z] [DEBUG] Clicked on element Done Button
[2025-11-18T11:09:40.271Z] [INFO] Clicking on element Done Button
[2025-11-18T11:09:40.960Z] [DEBUG] Clicked on element Done Button
[2025-11-18T11:09:41.611Z] [INFO] Clicking on element Previous Button
[2025-11-18T11:09:42.071Z] [DEBUG] Clicked on element Previous Button
[2025-11-18T11:09:44.148Z] [INFO] Clicking on element Next Button
[2025-11-18T11:09:44.686Z] [DEBUG] Clicked on element Next Button
[2025-11-18T11:09:48.025Z] [INFO] Sending text 'Sudha.Batchala@us.lockton.com' to email Id
[2025-11-18T11:09:48.309Z] [DEBUG] Sent text 'Sudha.Batchala@us.lockton.com' to email Id
[2025-11-18T11:09:53.955Z] [INFO] Clicking on element Done Button
[2025-11-18T11:09:54.645Z] [DEBUG] Clicked on element Done Button
[2025-11-18T11:10:00.600Z] [INFO] Clicking on element Done Button
[2025-11-18T11:10:01.303Z] [DEBUG] Clicked on element Done Button
[2025-11-18T11:10:07.247Z] [INFO] Clicking on element Done Button
[2025-11-18T11:10:07.816Z] [DEBUG] Clicked on element Done Button
[2025-11-18T11:10:13.984Z] [INFO] Clicking on element Done Button
[2025-11-18T11:10:14.429Z] [DEBUG] Clicked on element Done Button
[2025-11-18T11:10:16.815Z] [INFO] Clicking on element Close Duplicate Error Button
[2025-11-18T11:10:17.386Z] [DEBUG] Clicked on element Close Duplicate Error Button
[2025-11-18T11:10:17.598Z] [INFO] Clicking on element Delete file button
[2025-11-18T11:10:17.935Z] [DEBUG] Clicked on element Delete file button
[2025-11-18T11:10:17.990Z] [INFO] Clicking on element preview Text
[2025-11-18T11:10:18.457Z] [DEBUG] Clicked on element preview Text
[2025-11-18T11:10:20.025Z] [INFO] Sending text 'Sudha.Batchala@us.lockton.com' to cc Field Locator
[2025-11-18T11:10:20.323Z] [DEBUG] Sent text 'Sudha.Batchala@us.lockton.com' to cc Field Locator
[2025-11-18T11:10:20.334Z] [INFO] Clicking on element send Button
[2025-11-18T11:10:20.858Z] [DEBUG] Clicked on element send Button
[2025-11-18T11:10:25.372Z] [INFO] Clicking on element successWindow Close Button
[2025-11-18T11:10:25.848Z] [DEBUG] Clicked on element successWindow Close Button
[2025-11-18T11:10:28.043Z] [INFO] Clicking on element activity Tab
[2025-11-18T11:10:31.948Z] [DEBUG] Clicked on element activity Tab
[2025-11-18T11:10:33.070Z] [INFO] Clicking on element Email Request Sent Link
[2025-11-18T11:10:34.109Z] [DEBUG] Clicked on element Email Request Sent Link
[2025-11-18T11:10:34.119Z] [INFO] Clicking on element Email Details Tab
[2025-11-18T11:10:36.253Z] [DEBUG] Clicked on element Email Details Tab
[2025-11-18T11:10:36.261Z] [INFO] Clicking on element Email Details Tab
[2025-11-18T11:10:36.471Z] [DEBUG] Clicked on element Email Details Tab
[2025-11-18T11:10:37.587Z] [INFO] Clicking on element Close NBIL Sub Tab
[2025-11-18T11:10:37.825Z] [DEBUG] Clicked on element Close NBIL Sub Tab
[2025-11-18T11:10:38.135Z] [INFO] Clicking on element activity Tab
[2025-11-18T11:10:38.523Z] [DEBUG] Clicked on element activity Tab
[2025-11-18T11:10:38.738Z] [INFO] Scrolling attempt 1
[2025-11-18T11:10:39.415Z] [INFO] Scrolling attempt 2
[2025-11-18T11:10:40.132Z] [INFO] Element became visible during scroll.
[2025-11-18T11:10:42.263Z] [INFO] Clicking on element View All Files Button
[2025-11-18T11:10:42.677Z] [DEBUG] Clicked on element View All Files Button
[2025-11-18T11:10:45.805Z] [INFO] Clicking on element Close Files Sub Tab
[2025-11-18T11:10:45.947Z] [DEBUG] Clicked on element Close Files Sub Tab
[2025-11-18T11:10:46.017Z] [INFO] Clicking on element Opportunity Tab
[2025-11-18T11:10:46.564Z] [DEBUG] Clicked on element Opportunity Tab
[2025-11-18T11:10:46.569Z] [INFO] Clicking on element NBIL New Button
[2025-11-18T11:10:46.971Z] [DEBUG] Clicked on element NBIL New Button
[2025-11-18T11:10:49.182Z] [INFO] Clicking on element all Carriers Value 
[2025-11-18T11:10:49.440Z] [DEBUG] Clicked on element all Carriers Value 
[2025-11-18T11:10:49.646Z] [INFO] Clicking on element nbilNextButton
[2025-11-18T11:10:49.896Z] [DEBUG] Clicked on element nbilNextButton
[2025-11-18T11:10:49.900Z] [INFO] Sending text 'nuguri.charitha@us.lockton.com.uat' to email Id
[2025-11-18T11:10:56.908Z] [DEBUG] Sent text 'nuguri.charitha@us.lockton.com.uat' to email Id
[2025-11-18T11:11:02.192Z] [INFO] Clicking on element Done Button
[2025-11-18T11:11:02.456Z] [DEBUG] Clicked on element Done Button
[2025-11-18T11:11:08.089Z] [INFO] Clicking on element Done Button
[2025-11-18T11:11:08.366Z] [DEBUG] Clicked on element Done Button
[2025-11-18T11:11:09.027Z] [INFO] Clicking on element Close NDA/NBIL Flow Button
[2025-11-18T11:11:09.232Z] [DEBUG] Clicked on element Close NDA/NBIL Flow Button
[2025-11-18T11:11:12.396Z] [INFO] Element became visible during scroll.
[2025-11-18T11:11:14.787Z] [INFO] Clicking on element View All Files Button
[2025-11-18T11:11:15.760Z] [DEBUG] Clicked on element View All Files Button
[2025-11-18T11:11:18.986Z] [INFO] Clicking on element Close Files Sub Tab
[2025-11-18T11:11:19.382Z] [DEBUG] Clicked on element Close Files Sub Tab
[2025-11-18T11:11:19.752Z] [INFO] Clicking on element NBIL New Button
[2025-11-18T11:11:20.427Z] [DEBUG] Clicked on element NBIL New Button
[2025-11-18T11:11:22.836Z] [INFO] Clicking on element all Carriers Value 
[2025-11-18T11:11:23.101Z] [DEBUG] Clicked on element all Carriers Value 
[2025-11-18T11:11:23.333Z] [INFO] Clicking on element nbilNextButton
[2025-11-18T11:11:23.546Z] [DEBUG] Clicked on element nbilNextButton
[2025-11-18T11:11:23.550Z] [INFO] Sending text 'Sudha.Batchala@us.lockton.com' to email Id
[2025-11-18T11:11:25.115Z] [DEBUG] Sent text 'Sudha.Batchala@us.lockton.com' to email Id
[2025-11-18T11:11:25.204Z] [INFO] Subject field is validated successfully with opportunity name.
[2025-11-18T11:11:30.478Z] [INFO] Clicking on element Done Button
[2025-11-18T11:11:30.755Z] [DEBUG] Clicked on element Done Button
[2025-11-18T11:11:36.666Z] [INFO] Clicking on element Done Button
[2025-11-18T11:11:37.010Z] [DEBUG] Clicked on element Done Button
[2025-11-18T11:11:42.997Z] [INFO] Clicking on element Done Button
[2025-11-18T11:11:43.233Z] [DEBUG] Clicked on element Done Button
[2025-11-18T11:11:43.940Z] [INFO] Clicking on element Previous Button
[2025-11-18T11:11:44.232Z] [DEBUG] Clicked on element Previous Button
[2025-11-18T11:11:46.293Z] [INFO] Clicking on element Next Button
[2025-11-18T11:11:46.730Z] [DEBUG] Clicked on element Next Button
[2025-11-18T11:11:50.023Z] [INFO] Sending text 'Sudha.Batchala@us.lockton.com' to email Id
[2025-11-18T11:11:50.359Z] [DEBUG] Sent text 'Sudha.Batchala@us.lockton.com' to email Id
[2025-11-18T11:11:55.657Z] [INFO] Clicking on element Done Button
[2025-11-18T11:11:56.300Z] [DEBUG] Clicked on element Done Button
[2025-11-18T11:12:02.196Z] [INFO] Clicking on element Done Button
[2025-11-18T11:12:02.670Z] [DEBUG] Clicked on element Done Button
[2025-11-18T11:12:08.525Z] [INFO] Clicking on element Done Button
[2025-11-18T11:12:09.089Z] [DEBUG] Clicked on element Done Button
[2025-11-18T11:12:15.361Z] [INFO] Clicking on element Done Button
[2025-11-18T11:12:15.840Z] [DEBUG] Clicked on element Done Button
[2025-11-18T11:12:18.188Z] [INFO] Clicking on element Close Duplicate Error Button
[2025-11-18T11:12:18.729Z] [DEBUG] Clicked on element Close Duplicate Error Button
[2025-11-18T11:12:18.914Z] [INFO] Clicking on element Delete file button
[2025-11-18T11:12:19.337Z] [DEBUG] Clicked on element Delete file button
[2025-11-18T11:12:19.428Z] [INFO] Clicking on element preview Text
[2025-11-18T11:12:19.956Z] [DEBUG] Clicked on element preview Text
[2025-11-18T11:12:22.280Z] [INFO] Sending text 'This is to inform you that the NBIL request email body has been updated with new Test Information.' to email Body Locator
[2025-11-18T11:12:22.784Z] [DEBUG] Sent text 'This is to inform you that the NBIL request email body has been updated with new Test Information.' to email Body Locator
[2025-11-18T11:12:22.803Z] [INFO] Clicking on element send Button
[2025-11-18T11:12:23.201Z] [DEBUG] Clicked on element send Button
[2025-11-18T11:12:26.704Z] [INFO] Clicking on element successWindow Close Button
[2025-11-18T11:12:27.125Z] [DEBUG] Clicked on element successWindow Close Button
[2025-11-18T11:12:30.026Z] [INFO] Clicking on element activity Tab
[2025-11-18T11:12:36.951Z] [DEBUG] Clicked on element activity Tab
[2025-11-18T11:12:37.489Z] [INFO] Clicking on element Email Request Sent Link
[2025-11-18T11:12:38.000Z] [DEBUG] Clicked on element Email Request Sent Link
[2025-11-18T11:12:38.027Z] [INFO] Clicking on element Email Details Tab
[2025-11-18T11:12:41.371Z] [DEBUG] Clicked on element Email Details Tab
[2025-11-18T11:12:41.378Z] [INFO] Clicking on element Email Details Tab
[2025-11-18T11:12:42.912Z] [DEBUG] Clicked on element Email Details Tab
[2025-11-18T11:12:44.131Z] [INFO] Clicking on element Close NBIL Sub Tab
[2025-11-18T11:12:44.742Z] [DEBUG] Clicked on element Close NBIL Sub Tab
[2025-11-18T11:12:45.427Z] [INFO] Clicking on element activity Tab
[2025-11-18T11:12:45.874Z] [DEBUG] Clicked on element activity Tab
[2025-11-18T11:12:46.026Z] [INFO] Scrolling attempt 1
[2025-11-18T11:12:46.657Z] [INFO] Scrolling attempt 2
[2025-11-18T11:12:47.442Z] [INFO] Element became visible during scroll.
[2025-11-18T11:12:49.811Z] [INFO] Clicking on element View All Files Button
[2025-11-18T11:12:50.892Z] [DEBUG] Clicked on element View All Files Button
[2025-11-18T11:12:54.286Z] [INFO] Clicking on element Close Files Sub Tab
[2025-11-18T11:12:54.633Z] [DEBUG] Clicked on element Close Files Sub Tab
[2025-11-18T11:12:55.246Z] [INFO] Clicking on element NBIL New Button
[2025-11-18T11:12:56.307Z] [DEBUG] Clicked on element NBIL New Button
[2025-11-18T11:12:58.854Z] [INFO] Clicking on element all Carriers Value 
[2025-11-18T11:12:59.321Z] [DEBUG] Clicked on element all Carriers Value 
[2025-11-18T11:12:59.652Z] [INFO] Clicking on element nbilNextButton
[2025-11-18T11:13:00.065Z] [DEBUG] Clicked on element nbilNextButton
[2025-11-18T11:13:00.073Z] [INFO] Sending text 'nuguri.charitha@us.lockton.com.uat' to email Id
[2025-11-18T11:13:02.149Z] [DEBUG] Sent text 'nuguri.charitha@us.lockton.com.uat' to email Id
[2025-11-18T11:13:07.529Z] [INFO] Clicking on element Done Button
[2025-11-18T11:13:07.975Z] [DEBUG] Clicked on element Done Button
[2025-11-18T11:13:13.843Z] [INFO] Clicking on element Done Button
[2025-11-18T11:13:14.378Z] [DEBUG] Clicked on element Done Button
[2025-11-18T11:13:15.204Z] [INFO] Clicking on element Close NDA/NBIL Flow Button
[2025-11-18T11:13:15.766Z] [DEBUG] Clicked on element Close NDA/NBIL Flow Button
[2025-11-18T11:13:19.002Z] [INFO] Element became visible during scroll.
[2025-11-18T11:13:21.282Z] [INFO] Clicking on element View All Files Button
[2025-11-18T11:13:22.300Z] [DEBUG] Clicked on element View All Files Button
[2025-11-18T11:13:25.787Z] [INFO] Clicking on element Close Files Sub Tab
[2025-11-18T11:13:26.300Z] [DEBUG] Clicked on element Close Files Sub Tab
[2025-11-18T11:13:26.897Z] [INFO] Clicking on element NBIL New Button
[2025-11-18T11:13:27.769Z] [DEBUG] Clicked on element NBIL New Button
[2025-11-18T11:13:32.547Z] [INFO] Clicking on element all Carriers Value 
[2025-11-18T11:13:33.010Z] [DEBUG] Clicked on element all Carriers Value 
[2025-11-18T11:13:33.369Z] [INFO] Clicking on element nbilNextButton
[2025-11-18T11:13:33.834Z] [DEBUG] Clicked on element nbilNextButton
[2025-11-18T11:13:33.844Z] [INFO] Sending text 'Sudha.Batchala@us.lockton.com' to email Id
[2025-11-18T11:13:36.014Z] [DEBUG] Sent text 'Sudha.Batchala@us.lockton.com' to email Id
[2025-11-18T11:13:36.222Z] [INFO] Subject field is validated successfully with opportunity name.
[2025-11-18T11:13:41.853Z] [INFO] Clicking on element Done Button
[2025-11-18T11:13:42.360Z] [DEBUG] Clicked on element Done Button
[2025-11-18T11:13:48.473Z] [INFO] Clicking on element Done Button
[2025-11-18T11:13:48.798Z] [DEBUG] Clicked on element Done Button
[2025-11-18T11:13:54.844Z] [INFO] Clicking on element Done Button
[2025-11-18T11:13:55.412Z] [DEBUG] Clicked on element Done Button
[2025-11-18T11:13:56.090Z] [INFO] Clicking on element Previous Button
[2025-11-18T11:13:56.618Z] [DEBUG] Clicked on element Previous Button
[2025-11-18T11:13:58.710Z] [INFO] Clicking on element Next Button
[2025-11-18T11:13:59.121Z] [DEBUG] Clicked on element Next Button
[2025-11-18T11:14:02.439Z] [INFO] Sending text 'Sudha.Batchala@us.lockton.com' to email Id
[2025-11-18T11:14:02.834Z] [DEBUG] Sent text 'Sudha.Batchala@us.lockton.com' to email Id
[2025-11-18T11:14:08.342Z] [INFO] Clicking on element Done Button
[2025-11-18T11:14:08.625Z] [DEBUG] Clicked on element Done Button
[2025-11-18T11:14:14.531Z] [INFO] Clicking on element Done Button
[2025-11-18T11:14:14.949Z] [DEBUG] Clicked on element Done Button
[2025-11-18T11:14:20.818Z] [INFO] Clicking on element Done Button
[2025-11-18T11:14:21.326Z] [DEBUG] Clicked on element Done Button
[2025-11-18T11:14:27.583Z] [INFO] Clicking on element Done Button
[2025-11-18T11:14:28.123Z] [DEBUG] Clicked on element Done Button
[2025-11-18T11:14:30.455Z] [INFO] Clicking on element Close Duplicate Error Button
[2025-11-18T11:14:30.878Z] [DEBUG] Clicked on element Close Duplicate Error Button
[2025-11-18T11:14:31.043Z] [INFO] Clicking on element Delete file button
[2025-11-18T11:14:31.433Z] [DEBUG] Clicked on element Delete file button
[2025-11-18T11:14:31.500Z] [INFO] Clicking on element preview Text
[2025-11-18T11:14:31.937Z] [DEBUG] Clicked on element preview Text
[2025-11-18T11:14:33.974Z] [INFO] Sending text 'This is to inform you that the NBIL request has been updated with new static Test Information.' to static Carrier Text
[2025-11-18T11:14:34.391Z] [DEBUG] Sent text 'This is to inform you that the NBIL request has been updated with new static Test Information.' to static Carrier Text
[2025-11-18T11:14:34.404Z] [INFO] Clicking on element send Button
[2025-11-18T11:14:35.047Z] [DEBUG] Clicked on element send Button
[2025-11-18T11:14:38.515Z] [INFO] Clicking on element successWindow Close Button
[2025-11-18T11:14:38.877Z] [DEBUG] Clicked on element successWindow Close Button
[2025-11-18T11:14:43.520Z] [INFO] Clicking on element activity Tab
[2025-11-18T11:14:51.419Z] [DEBUG] Clicked on element activity Tab
[2025-11-18T11:14:52.822Z] [INFO] Clicking on element Email Request Sent Link
[2025-11-18T11:14:53.575Z] [DEBUG] Clicked on element Email Request Sent Link
[2025-11-18T11:14:53.582Z] [INFO] Clicking on element Email Details Tab
[2025-11-18T11:14:56.441Z] [DEBUG] Clicked on element Email Details Tab
[2025-11-18T11:14:56.450Z] [INFO] Clicking on element Email Details Tab
[2025-11-18T11:14:56.998Z] [DEBUG] Clicked on element Email Details Tab
[2025-11-18T11:14:58.542Z] [INFO] Clicking on element Close NBIL Sub Tab
[2025-11-18T11:14:59.021Z] [DEBUG] Clicked on element Close NBIL Sub Tab
[2025-11-18T11:14:59.782Z] [INFO] Clicking on element activity Tab
[2025-11-18T11:15:00.644Z] [DEBUG] Clicked on element activity Tab
[2025-11-18T11:15:00.808Z] [INFO] Element became visible during scroll.
[2025-11-18T11:15:03.197Z] [INFO] Clicking on element View All Files Button
[2025-11-18T11:15:04.209Z] [DEBUG] Clicked on element View All Files Button
[2025-11-18T11:15:07.663Z] [INFO] Clicking on element Close Files Sub Tab
[2025-11-18T11:15:08.065Z] [DEBUG] Clicked on element Close Files Sub Tab
[2025-11-18T11:15:08.675Z] [INFO] Clicking on element NBIL New Button
[2025-11-18T11:15:09.551Z] [DEBUG] Clicked on element NBIL New Button
[2025-11-18T11:15:11.807Z] [INFO] Clicking on element all Carriers Value 
[2025-11-18T11:15:12.300Z] [DEBUG] Clicked on element all Carriers Value 
[2025-11-18T11:15:12.624Z] [INFO] Clicking on element nbilNextButton
[2025-11-18T11:15:13.095Z] [DEBUG] Clicked on element nbilNextButton
[2025-11-18T11:15:13.102Z] [INFO] Sending text 'nuguri.charitha@us.lockton.com.uat' to email Id
[2025-11-18T11:15:15.238Z] [DEBUG] Sent text 'nuguri.charitha@us.lockton.com.uat' to email Id
[2025-11-18T11:15:20.635Z] [INFO] Clicking on element Done Button
[2025-11-18T11:15:21.181Z] [DEBUG] Clicked on element Done Button
[2025-11-18T11:15:26.918Z] [INFO] Clicking on element Done Button
[2025-11-18T11:15:27.272Z] [DEBUG] Clicked on element Done Button
[2025-11-18T11:15:28.014Z] [INFO] Clicking on element Close NDA/NBIL Flow Button
[2025-11-18T11:15:28.440Z] [DEBUG] Clicked on element Close NDA/NBIL Flow Button
[2025-11-18T11:15:31.757Z] [INFO] Element became visible during scroll.
[2025-11-18T11:15:33.991Z] [INFO] Clicking on element View All Files Button
[2025-11-18T11:15:34.711Z] [DEBUG] Clicked on element View All Files Button
[2025-11-18T11:15:37.912Z] [INFO] Clicking on element Close Files Sub Tab
[2025-11-18T11:15:38.329Z] [DEBUG] Clicked on element Close Files Sub Tab
[2025-11-18T11:15:38.804Z] [INFO] Clicking on element NBIL New Button
[2025-11-18T11:15:39.440Z] [DEBUG] Clicked on element NBIL New Button
[2025-11-18T11:15:41.718Z] [INFO] Clicking on element all Carriers Value 
[2025-11-18T11:15:42.159Z] [DEBUG] Clicked on element all Carriers Value 
[2025-11-18T11:15:42.421Z] [INFO] Clicking on element nbilNextButton
[2025-11-18T11:15:42.814Z] [DEBUG] Clicked on element nbilNextButton
[2025-11-18T11:15:42.823Z] [INFO] Sending text 'Sudha.Batchala@us.lockton.com' to email Id
[2025-11-18T11:15:44.435Z] [DEBUG] Sent text 'Sudha.Batchala@us.lockton.com' to email Id
[2025-11-18T11:15:44.560Z] [INFO] Subject field is validated successfully with opportunity name.
[2025-11-18T11:15:49.922Z] [INFO] Clicking on element Done Button
[2025-11-18T11:15:50.367Z] [DEBUG] Clicked on element Done Button
[2025-11-18T11:15:56.332Z] [INFO] Clicking on element Done Button
[2025-11-18T11:15:56.696Z] [DEBUG] Clicked on element Done Button
[2025-11-18T11:16:02.467Z] [INFO] Clicking on element Done Button
[2025-11-18T11:16:02.776Z] [DEBUG] Clicked on element Done Button
[2025-11-18T11:16:03.390Z] [INFO] Clicking on element Previous Button
[2025-11-18T11:16:03.794Z] [DEBUG] Clicked on element Previous Button
[2025-11-18T11:16:05.847Z] [INFO] Clicking on element Next Button
[2025-11-18T11:16:06.145Z] [DEBUG] Clicked on element Next Button
[2025-11-18T11:16:09.324Z] [INFO] Sending text 'Sudha.Batchala@us.lockton.com' to email Id
[2025-11-18T11:16:09.592Z] [DEBUG] Sent text 'Sudha.Batchala@us.lockton.com' to email Id
[2025-11-18T11:16:14.946Z] [INFO] Clicking on element Done Button
[2025-11-18T11:16:15.290Z] [DEBUG] Clicked on element Done Button
[2025-11-18T11:16:20.931Z] [INFO] Clicking on element Done Button
[2025-11-18T11:16:21.201Z] [DEBUG] Clicked on element Done Button
[2025-11-18T11:16:26.888Z] [INFO] Clicking on element Done Button
[2025-11-18T11:16:27.312Z] [DEBUG] Clicked on element Done Button
[2025-11-18T11:16:33.299Z] [INFO] Clicking on element Done Button
[2025-11-18T11:16:33.747Z] [DEBUG] Clicked on element Done Button
[2025-11-18T11:16:36.008Z] [INFO] Clicking on element Close Duplicate Error Button
[2025-11-18T11:16:36.489Z] [DEBUG] Clicked on element Close Duplicate Error Button
[2025-11-18T11:16:36.681Z] [INFO] Clicking on element Delete file button
[2025-11-18T11:16:37.062Z] [DEBUG] Clicked on element Delete file button
[2025-11-18T11:16:37.157Z] [INFO] Clicking on element preview Text
[2025-11-18T11:16:37.616Z] [DEBUG] Clicked on element preview Text
[2025-11-18T11:16:39.211Z] [INFO] Sending text 'Test Policy Retention Request' to policy Retention Request
[2025-11-18T11:16:39.623Z] [DEBUG] Sent text 'Test Policy Retention Request' to policy Retention Request
[2025-11-18T11:16:40.279Z] [INFO] Sending text 'Test Underwriting Information' to under Writing Information
[2025-11-18T11:16:40.616Z] [DEBUG] Sent text 'Test Underwriting Information' to under Writing Information
[2025-11-18T11:16:40.628Z] [INFO] Clicking on element send Button
[2025-11-18T11:16:41.023Z] [DEBUG] Clicked on element send Button
[2025-11-18T11:16:43.953Z] [INFO] Clicking on element successWindow Close Button
[2025-11-18T11:16:44.246Z] [DEBUG] Clicked on element successWindow Close Button
[2025-11-18T11:16:46.499Z] [INFO] Clicking on element activity Tab
[2025-11-18T11:16:50.114Z] [DEBUG] Clicked on element activity Tab
[2025-11-18T11:16:51.446Z] [INFO] Clicking on element Email Request Sent Link
[2025-11-18T11:16:52.016Z] [DEBUG] Clicked on element Email Request Sent Link
[2025-11-18T11:16:52.022Z] [INFO] Clicking on element Email Details Tab
[2025-11-18T11:16:54.691Z] [DEBUG] Clicked on element Email Details Tab
[2025-11-18T11:16:54.701Z] [INFO] Clicking on element Email Details Tab
[2025-11-18T11:16:55.124Z] [DEBUG] Clicked on element Email Details Tab
[2025-11-18T11:16:56.248Z] [INFO] Clicking on element Close NBIL Sub Tab
[2025-11-18T11:16:56.502Z] [DEBUG] Clicked on element Close NBIL Sub Tab
[2025-11-18T11:16:56.896Z] [INFO] Clicking on element activity Tab
[2025-11-18T11:16:57.392Z] [DEBUG] Clicked on element activity Tab
[2025-11-18T11:16:57.529Z] [INFO] Scrolling attempt 1
[2025-11-18T11:16:58.203Z] [INFO] Scrolling attempt 2
[2025-11-18T11:16:58.932Z] [INFO] Element became visible during scroll.
[2025-11-18T11:17:01.160Z] [INFO] Clicking on element View All Files Button
[2025-11-18T11:17:01.775Z] [DEBUG] Clicked on element View All Files Button
[2025-11-18T11:17:04.985Z] [INFO] Clicking on element Close Files Sub Tab
[2025-11-18T11:17:05.215Z] [DEBUG] Clicked on element Close Files Sub Tab
[2025-11-18T11:17:05.551Z] [INFO] Clicking on element Opportunity Tab
[2025-11-18T11:17:05.884Z] [DEBUG] Clicked on element Opportunity Tab
[2025-11-18T11:17:05.887Z] [INFO] Clicking on element NBIL New Button
[2025-11-18T11:17:06.408Z] [DEBUG] Clicked on element NBIL New Button
[2025-11-18T11:17:08.620Z] [INFO] Clicking on element all Carriers Value 
[2025-11-18T11:17:08.899Z] [DEBUG] Clicked on element all Carriers Value 
[2025-11-18T11:17:09.144Z] [INFO] Clicking on element nbilNextButton
[2025-11-18T11:17:09.404Z] [DEBUG] Clicked on element nbilNextButton
[2025-11-18T11:17:09.411Z] [INFO] Sending text 'nuguri.charitha@us.lockton.com.uat' to email Id
[2025-11-18T11:17:11.074Z] [DEBUG] Sent text 'nuguri.charitha@us.lockton.com.uat' to email Id
[2025-11-18T11:17:16.314Z] [INFO] Clicking on element Done Button
[2025-11-18T11:17:16.789Z] [DEBUG] Clicked on element Done Button
[2025-11-18T11:17:22.629Z] [INFO] Clicking on element Done Button
[2025-11-18T11:17:22.990Z] [DEBUG] Clicked on element Done Button
[2025-11-18T11:17:23.793Z] [INFO] Clicking on element Close NDA/NBIL Flow Button
[2025-11-18T11:17:24.158Z] [DEBUG] Clicked on element Close NDA/NBIL Flow Button
[2025-11-18T11:17:27.348Z] [INFO] Element became visible during scroll.
[2025-11-18T11:17:29.567Z] [INFO] Clicking on element View All Files Button
[2025-11-18T11:17:30.323Z] [DEBUG] Clicked on element View All Files Button
[2025-11-18T11:17:33.659Z] [INFO] Clicking on element Close Files Sub Tab
[2025-11-18T11:17:34.114Z] [DEBUG] Clicked on element Close Files Sub Tab
[2025-11-18T11:17:34.523Z] [INFO] Clicking on element NBIL New Button
[2025-11-18T11:17:35.107Z] [DEBUG] Clicked on element NBIL New Button
[2025-11-18T11:17:37.476Z] [INFO] Clicking on element all Carriers Value 
[2025-11-18T11:17:37.860Z] [DEBUG] Clicked on element all Carriers Value 
[2025-11-18T11:17:38.101Z] [INFO] Clicking on element nbilNextButton
[2025-11-18T11:17:38.475Z] [DEBUG] Clicked on element nbilNextButton
[2025-11-18T11:17:38.485Z] [INFO] Sending text 'Sudha.Batchala@us.lockton.com' to email Id
[2025-11-18T11:17:40.153Z] [DEBUG] Sent text 'Sudha.Batchala@us.lockton.com' to email Id
[2025-11-18T11:17:40.264Z] [INFO] Subject field is validated successfully with opportunity name.
[2025-11-18T11:17:45.682Z] [INFO] Clicking on element Done Button
[2025-11-18T11:17:46.137Z] [DEBUG] Clicked on element Done Button
[2025-11-18T11:17:52.057Z] [INFO] Clicking on element Done Button
[2025-11-18T11:17:52.361Z] [DEBUG] Clicked on element Done Button
[2025-11-18T11:17:58.060Z] [INFO] Clicking on element Done Button
[2025-11-18T11:17:58.430Z] [DEBUG] Clicked on element Done Button
[2025-11-18T11:17:59.003Z] [INFO] Clicking on element Previous Button
[2025-11-18T11:17:59.415Z] [DEBUG] Clicked on element Previous Button
[2025-11-18T11:18:01.467Z] [INFO] Clicking on element Next Button
[2025-11-18T11:18:01.773Z] [DEBUG] Clicked on element Next Button
[2025-11-18T11:18:04.991Z] [INFO] Sending text 'Sudha.Batchala@us.lockton.com' to email Id
[2025-11-18T11:18:05.334Z] [DEBUG] Sent text 'Sudha.Batchala@us.lockton.com' to email Id
[2025-11-18T11:18:10.699Z] [INFO] Clicking on element Done Button
[2025-11-18T11:18:10.999Z] [DEBUG] Clicked on element Done Button
[2025-11-18T11:18:16.833Z] [INFO] Clicking on element Done Button
[2025-11-18T11:18:17.157Z] [DEBUG] Clicked on element Done Button
[2025-11-18T11:18:22.868Z] [INFO] Clicking on element Done Button
[2025-11-18T11:18:23.237Z] [DEBUG] Clicked on element Done Button
[2025-11-18T11:18:29.149Z] [INFO] Clicking on element Done Button
[2025-11-18T11:18:29.487Z] [DEBUG] Clicked on element Done Button
[2025-11-18T11:18:31.720Z] [INFO] Clicking on element Close Duplicate Error Button
[2025-11-18T11:18:32.114Z] [DEBUG] Clicked on element Close Duplicate Error Button
[2025-11-18T11:18:32.279Z] [INFO] Clicking on element Delete file button
[2025-11-18T11:18:32.647Z] [DEBUG] Clicked on element Delete file button
[2025-11-18T11:18:32.717Z] [INFO] Clicking on element preview Text
[2025-11-18T11:18:33.142Z] [DEBUG] Clicked on element preview Text
[2025-11-18T11:18:34.802Z] [INFO] Clicking on element table Text Input
[2025-11-18T11:18:35.200Z] [DEBUG] Clicked on element table Text Input
[2025-11-18T11:18:35.432Z] [INFO] Clicking on element send Button
[2025-11-18T11:18:35.896Z] [DEBUG] Clicked on element send Button
[2025-11-18T11:18:39.942Z] [INFO] Clicking on element successWindow Close Button
[2025-11-18T11:18:40.505Z] [DEBUG] Clicked on element successWindow Close Button
[2025-11-18T11:18:43.644Z] [INFO] Clicking on element activity Tab
[2025-11-18T11:18:47.719Z] [DEBUG] Clicked on element activity Tab
[2025-11-18T11:18:48.129Z] [INFO] Clicking on element Email Request Sent Link
[2025-11-18T11:18:48.747Z] [DEBUG] Clicked on element Email Request Sent Link
[2025-11-18T11:18:48.754Z] [INFO] Clicking on element Email Details Tab
[2025-11-18T11:18:51.937Z] [DEBUG] Clicked on element Email Details Tab
[2025-11-18T11:18:51.944Z] [INFO] Clicking on element Email Details Tab
[2025-11-18T11:18:52.614Z] [DEBUG] Clicked on element Email Details Tab
[2025-11-18T11:18:53.709Z] [INFO] Clicking on element Close NBIL Sub Tab
[2025-11-18T11:18:54.955Z] [DEBUG] Clicked on element Close NBIL Sub Tab
[2025-11-18T11:18:55.551Z] [INFO] Clicking on element activity Tab
[2025-11-18T11:18:56.028Z] [DEBUG] Clicked on element activity Tab
[2025-11-18T11:18:56.201Z] [INFO] Scrolling attempt 1
[2025-11-18T11:18:56.831Z] [INFO] Scrolling attempt 2
[2025-11-18T11:18:57.528Z] [INFO] Scrolling attempt 3
[2025-11-18T11:18:58.159Z] [INFO] Scrolling attempt 4
[2025-11-18T11:18:58.948Z] [INFO] Element became visible during scroll.
[2025-11-18T11:19:01.158Z] [INFO] Clicking on element View All Files Button
[2025-11-18T11:19:01.851Z] [DEBUG] Clicked on element View All Files Button
[2025-11-18T11:19:05.131Z] [INFO] Clicking on element Close Files Sub Tab
[2025-11-18T11:19:05.478Z] [DEBUG] Clicked on element Close Files Sub Tab
[2025-11-18T11:19:05.936Z] [INFO] Clicking on element NBIL New Button
[2025-11-18T11:19:06.674Z] [DEBUG] Clicked on element NBIL New Button
[2025-11-18T11:19:08.901Z] [INFO] Clicking on element all Carriers Value 
[2025-11-18T11:19:09.279Z] [DEBUG] Clicked on element all Carriers Value 
[2025-11-18T11:19:09.543Z] [INFO] Clicking on element nbilNextButton
[2025-11-18T11:19:09.905Z] [DEBUG] Clicked on element nbilNextButton
[2025-11-18T11:19:09.913Z] [INFO] Sending text 'nuguri.charitha@us.lockton.com.uat' to email Id
[2025-11-18T11:19:11.644Z] [DEBUG] Sent text 'nuguri.charitha@us.lockton.com.uat' to email Id
[2025-11-18T11:19:17.067Z] [INFO] Clicking on element Done Button
[2025-11-18T11:19:17.321Z] [DEBUG] Clicked on element Done Button
[2025-11-18T11:19:23.333Z] [INFO] Clicking on element Done Button
[2025-11-18T11:19:23.882Z] [DEBUG] Clicked on element Done Button
[2025-11-18T11:19:24.749Z] [INFO] Clicking on element Close NDA/NBIL Flow Button
[2025-11-18T11:19:25.402Z] [DEBUG] Clicked on element Close NDA/NBIL Flow Button
[2025-11-18T11:19:28.613Z] [INFO] Element became visible during scroll.
[2025-11-18T11:19:30.803Z] [INFO] Clicking on element View All Files Button
[2025-11-18T11:19:31.916Z] [DEBUG] Clicked on element View All Files Button
[2025-11-18T11:19:35.348Z] [INFO] Clicking on element Close Files Sub Tab
[2025-11-18T11:19:35.772Z] [DEBUG] Clicked on element Close Files Sub Tab
[2025-11-18T11:19:36.378Z] [INFO] Clicking on element NBIL New Button
[2025-11-18T11:19:37.207Z] [DEBUG] Clicked on element NBIL New Button
[2025-11-18T11:19:39.512Z] [INFO] Clicking on element all Carriers Value 
[2025-11-18T11:19:39.995Z] [DEBUG] Clicked on element all Carriers Value 
[2025-11-18T11:19:40.320Z] [INFO] Clicking on element nbilNextButton
[2025-11-18T11:19:40.781Z] [DEBUG] Clicked on element nbilNextButton
[2025-11-18T11:19:40.790Z] [INFO] Sending text 'Sudha.Batchala@us.lockton.com' to email Id
[2025-11-18T11:19:42.720Z] [DEBUG] Sent text 'Sudha.Batchala@us.lockton.com' to email Id
[2025-11-18T11:19:42.855Z] [INFO] Subject field is validated successfully with opportunity name.
[2025-11-18T11:19:48.501Z] [INFO] Clicking on element Done Button
[2025-11-18T11:19:48.914Z] [DEBUG] Clicked on element Done Button
[2025-11-18T11:19:54.879Z] [INFO] Clicking on element Done Button
[2025-11-18T11:19:55.404Z] [DEBUG] Clicked on element Done Button
[2025-11-18T11:20:01.264Z] [INFO] Clicking on element Done Button
[2025-11-18T11:20:01.846Z] [DEBUG] Clicked on element Done Button
[2025-11-18T11:20:02.505Z] [INFO] Clicking on element Previous Button
[2025-11-18T11:20:03.147Z] [DEBUG] Clicked on element Previous Button
[2025-11-18T11:20:05.218Z] [INFO] Clicking on element Next Button
[2025-11-18T11:20:05.711Z] [DEBUG] Clicked on element Next Button
[2025-11-18T11:20:08.973Z] [INFO] Sending text 'Sudha.Batchala@us.lockton.com' to email Id
[2025-11-18T11:20:09.299Z] [DEBUG] Sent text 'Sudha.Batchala@us.lockton.com' to email Id
[2025-11-18T11:20:14.661Z] [INFO] Clicking on element Done Button
[2025-11-18T11:20:15.024Z] [DEBUG] Clicked on element Done Button
[2025-11-18T11:20:21.046Z] [INFO] Clicking on element Done Button
[2025-11-18T11:20:21.680Z] [DEBUG] Clicked on element Done Button
[2025-11-18T11:20:27.649Z] [INFO] Clicking on element Done Button
[2025-11-18T11:20:28.150Z] [DEBUG] Clicked on element Done Button
[2025-11-18T11:20:34.715Z] [INFO] Clicking on element Done Button
[2025-11-18T11:20:35.314Z] [DEBUG] Clicked on element Done Button
[2025-11-18T11:20:37.668Z] [INFO] Clicking on element Close Duplicate Error Button
[2025-11-18T11:20:38.252Z] [DEBUG] Clicked on element Close Duplicate Error Button
[2025-11-18T11:20:38.466Z] [INFO] Clicking on element Delete file button
[2025-11-18T11:20:38.976Z] [DEBUG] Clicked on element Delete file button
[2025-11-18T11:20:39.076Z] [INFO] Clicking on element preview Text
[2025-11-18T11:20:39.559Z] [DEBUG] Clicked on element preview Text
[2025-11-18T11:20:41.594Z] [INFO] Sending text 'Sudha.Batchala@us.lockton.com' to cc Field Locator
[2025-11-18T11:20:42.128Z] [DEBUG] Sent text 'Sudha.Batchala@us.lockton.com' to cc Field Locator
[2025-11-18T11:20:42.135Z] [INFO] Sending text 'This is to inform you that the NBIL request has been updated with new comprehensive Data.' to static Carrier Text
[2025-11-18T11:20:42.586Z] [DEBUG] Sent text 'This is to inform you that the NBIL request has been updated with new comprehensive Data.' to static Carrier Text
[2025-11-18T11:20:42.591Z] [INFO] Sending text 'Test Policy Retention Request' to policy Retention Request
[2025-11-18T11:20:42.994Z] [DEBUG] Sent text 'Test Policy Retention Request' to policy Retention Request
[2025-11-18T11:20:43.939Z] [INFO] Sending text 'Test Underwriting Information' to under Writing Information
[2025-11-18T11:20:44.328Z] [DEBUG] Sent text 'Test Underwriting Information' to under Writing Information
[2025-11-18T11:20:44.341Z] [INFO] Clicking on element send Button
[2025-11-18T11:20:44.827Z] [DEBUG] Clicked on element send Button
[2025-11-18T11:20:48.362Z] [INFO] Clicking on element successWindow Close Button
[2025-11-18T11:20:48.686Z] [DEBUG] Clicked on element successWindow Close Button
[2025-11-18T11:20:52.419Z] [INFO] Clicking on element activity Tab
[2025-11-18T11:20:59.256Z] [DEBUG] Clicked on element activity Tab
[2025-11-18T11:20:59.982Z] [INFO] Clicking on element Email Request Sent Link
[2025-11-18T11:21:02.647Z] [DEBUG] Clicked on element Email Request Sent Link
[2025-11-18T11:21:02.652Z] [INFO] Clicking on element Email Details Tab
[2025-11-18T11:21:05.807Z] [DEBUG] Clicked on element Email Details Tab
[2025-11-18T11:21:05.815Z] [INFO] Clicking on element Email Details Tab
[2025-11-18T11:21:06.489Z] [DEBUG] Clicked on element Email Details Tab
[2025-11-18T11:21:07.744Z] [INFO] Clicking on element Close NBIL Sub Tab
[2025-11-18T11:21:08.138Z] [DEBUG] Clicked on element Close NBIL Sub Tab
[2025-11-18T11:21:08.767Z] [INFO] Clicking on element activity Tab
[2025-11-18T11:21:09.318Z] [DEBUG] Clicked on element activity Tab
[2025-11-18T11:21:09.549Z] [INFO] Scrolling attempt 1
[2025-11-18T11:21:10.274Z] [INFO] Scrolling attempt 2
[2025-11-18T11:21:11.146Z] [INFO] Element became visible during scroll.
[2025-11-18T11:21:13.392Z] [INFO] Clicking on element View All Files Button
[2025-11-18T11:21:14.173Z] [DEBUG] Clicked on element View All Files Button
[2025-11-18T11:21:17.574Z] [INFO] Clicking on element Close Files Sub Tab
[2025-11-18T11:21:17.880Z] [DEBUG] Clicked on element Close Files Sub Tab
[2025-11-18T11:21:18.509Z] [INFO] Clicking on element NBIL New Button
[2025-11-18T11:21:19.481Z] [DEBUG] Clicked on element NBIL New Button
[2025-11-18T11:21:21.695Z] [INFO] Clicking on element all Carriers Value 
[2025-11-18T11:21:22.167Z] [DEBUG] Clicked on element all Carriers Value 
[2025-11-18T11:21:22.479Z] [INFO] Clicking on element nbilNextButton
[2025-11-18T11:21:22.837Z] [DEBUG] Clicked on element nbilNextButton
[2025-11-18T11:21:22.841Z] [INFO] Sending text 'nuguri.charitha@us.lockton.com.uat' to email Id
[2025-11-18T11:21:24.767Z] [DEBUG] Sent text 'nuguri.charitha@us.lockton.com.uat' to email Id
[2025-11-18T11:21:30.084Z] [INFO] Clicking on element Done Button
[2025-11-18T11:21:30.464Z] [DEBUG] Clicked on element Done Button
[2025-11-18T11:21:36.400Z] [INFO] Clicking on element Done Button
[2025-11-18T11:21:36.828Z] [DEBUG] Clicked on element Done Button
[2025-11-18T11:21:37.715Z] [INFO] Clicking on element Close NDA/NBIL Flow Button
[2025-11-18T11:21:38.222Z] [DEBUG] Clicked on element Close NDA/NBIL Flow Button
[2025-11-18T11:21:41.419Z] [INFO] Element became visible during scroll.
[2025-11-18T11:21:43.659Z] [INFO] Clicking on element View All Files Button
[2025-11-18T11:21:44.431Z] [DEBUG] Clicked on element View All Files Button
[2025-11-18T11:24:14.685Z] [INFO] Sending text 'nuguri.charitha@us.lockton.com.uat' to username Input Value
[2025-11-18T11:24:15.224Z] [DEBUG] Sent text 'nuguri.charitha@us.lockton.com.uat' to username Input Value
[2025-11-18T11:24:15.227Z] [INFO] Sending text 'Charitha@48' to password Input Value
[2025-11-18T11:24:15.397Z] [DEBUG] Sent text 'Charitha@48' to password Input Value
[2025-11-18T11:24:15.401Z] [INFO] Clicking on element login Button
[2025-11-18T11:24:20.194Z] [DEBUG] Clicked on element login Button
[2025-11-18T11:24:28.508Z] [INFO] Clicking on element setUp Icon
[2025-11-18T11:24:33.591Z] [DEBUG] Clicked on element setUp Icon
[2025-11-18T11:24:45.201Z] [INFO] Clicking on element user Search Result
[2025-11-18T11:24:50.556Z] [DEBUG] Clicked on element user Search Result
[2025-11-18T11:25:14.317Z] [INFO] Clicking on element show Navigation Menu
[2025-11-18T11:25:15.495Z] [DEBUG] Clicked on element show Navigation Menu
[2025-11-18T11:25:15.701Z] [INFO] Clicking on element accounts Menu Item
[2025-11-18T11:25:16.369Z] [DEBUG] Clicked on element accounts Menu Item
[2025-11-18T11:25:18.012Z] [INFO] Clicking on element list View Element
[2025-11-18T11:25:18.793Z] [DEBUG] Clicked on element list View Element
[2025-11-18T11:25:18.901Z] [INFO] Sending text 'All Clients' to searchBox ListViewInput
[2025-11-18T11:25:19.487Z] [DEBUG] Sent text 'All Clients' to searchBox ListViewInput
[2025-11-18T11:25:19.788Z] [INFO] Clicking on element all Clients In List View
[2025-11-18T11:25:20.701Z] [DEBUG] Clicked on element all Clients In List View
[2025-11-18T11:25:20.804Z] [INFO] Clicking on element global Search Button
[2025-11-18T11:25:23.949Z] [DEBUG] Clicked on element global Search Button
[2025-11-18T11:25:24.289Z] [INFO] Sending text '1031 Exchange Corporation' to global Search Input
[2025-11-18T11:25:25.100Z] [DEBUG] Sent text '1031 Exchange Corporation' to global Search Input
[2025-11-18T11:25:25.807Z] [INFO] Clicking on element global Search Result
[2025-11-18T11:25:26.814Z] [DEBUG] Clicked on element global Search Result
[2025-11-18T11:25:26.820Z] [INFO] AccountPage: Validating account record type: Client
[2025-11-18T11:25:32.662Z] [INFO] AccountPage: Account record type 'Client' is visible.
[2025-11-18T11:25:32.669Z] [INFO] Clicking on element new Opportunity Button
[2025-11-18T11:25:36.540Z] [DEBUG] Clicked on element new Opportunity Button
[2025-11-18T11:25:36.542Z] [INFO] Clicking on element intial Intake Button
[2025-11-18T11:25:38.229Z] [DEBUG] Clicked on element intial Intake Button
[2025-11-18T11:25:38.233Z] [INFO] Clicking on element opportunity Next Button
[2025-11-18T11:25:39.179Z] [DEBUG] Clicked on element opportunity Next Button
[2025-11-18T11:25:41.867Z] [INFO] Sending text 'auto jndda' to opportunity Name
[2025-11-18T11:25:42.706Z] [DEBUG] Sent text 'auto jndda' to opportunity Name
[2025-11-18T11:25:42.867Z] [INFO] Clicking on element stage DropDown
[2025-11-18T11:25:43.701Z] [DEBUG] Clicked on element stage DropDown
[2025-11-18T11:25:43.852Z] [INFO] Clicking on element stage Value
[2025-11-18T11:25:44.596Z] [DEBUG] Clicked on element stage Value
[2025-11-18T11:25:45.317Z] [INFO] Clicking on element insurance Sub Type Drop Down
[2025-11-18T11:25:46.334Z] [DEBUG] Clicked on element insurance Sub Type Drop Down
[2025-11-18T11:25:46.342Z] [INFO] Clicking on element insurance Type field
[2025-11-18T11:25:47.279Z] [DEBUG] Clicked on element insurance Type field
[2025-11-18T11:25:49.565Z] [INFO] Clicking on element save Button
[2025-11-18T11:25:50.867Z] [DEBUG] Clicked on element save Button
[2025-11-18T11:25:50.873Z] [INFO] Clicking on element Actions dropdown
[2025-11-18T11:25:56.666Z] [DEBUG] Clicked on element Actions dropdown
[2025-11-18T11:25:56.667Z] [INFO] Clicking on element Coverage builder option
[2025-11-18T11:25:58.745Z] [DEBUG] Clicked on element Coverage builder option
[2025-11-18T11:26:09.182Z] [INFO] Coverage not visible — need to add new coverage.
[2025-11-18T11:26:09.185Z] [INFO] No coverage found — creating new coverage now...
[2025-11-18T11:26:09.403Z] [INFO] CoveragePage: Coverage Builder page is displayed.
[2025-11-18T11:26:09.406Z] [INFO] Clicking on element New Coverage Button
[2025-11-18T11:26:10.549Z] [DEBUG] Clicked on element New Coverage Button
[2025-11-18T11:26:10.553Z] [INFO] Clicking on element Standalone Coverage Type
[2025-11-18T11:26:12.457Z] [DEBUG] Clicked on element Standalone Coverage Type
[2025-11-18T11:26:12.460Z] [INFO] Clicking on element Front Row Button
[2025-11-18T11:26:13.476Z] [DEBUG] Clicked on element Front Row Button
[2025-11-18T11:26:13.670Z] [INFO] Clicking on element Confirm Button
[2025-11-18T11:26:14.627Z] [DEBUG] Clicked on element Confirm Button
[2025-11-18T11:26:15.734Z] [INFO] Clicking on element Coverage Close Button
[2025-11-18T11:26:16.849Z] [DEBUG] Clicked on element Coverage Close Button
[2025-11-18T11:26:16.853Z] [INFO] New Coverages added and closed the coverage window.
[2025-11-18T11:26:16.864Z] [INFO] Clicking on element show More Actions DropDown
[2025-11-18T11:26:18.650Z] [DEBUG] Clicked on element show More Actions DropDown
[2025-11-18T11:26:18.652Z] [INFO] Clicking on element manage Opportunity Assignment Option
[2025-11-18T11:26:20.027Z] [DEBUG] Clicked on element manage Opportunity Assignment Option
[2025-11-18T11:26:22.373Z] [INFO] Sending text '100' to Producer Allocation Textbox
[2025-11-18T11:26:23.270Z] [DEBUG] Sent text '100' to Producer Allocation Textbox
[2025-11-18T11:26:23.273Z] [INFO] Clicking on element SaveAndClose Button
[2025-11-18T11:26:24.531Z] [DEBUG] Clicked on element SaveAndClose Button
[2025-11-18T11:26:24.745Z] [INFO] Stage "Underwriting" is not current. Updating stage...
[2025-11-18T11:26:24.750Z] [INFO] Clicking on element Stage
[2025-11-18T11:26:27.327Z] [DEBUG] Clicked on element Stage
[2025-11-18T11:26:27.329Z] [INFO] Clicking on element Mark As Current State Button
[2025-11-18T11:26:28.272Z] [DEBUG] Clicked on element Mark As Current State Button
[2025-11-18T11:26:28.426Z] [INFO] Stage "Underwriting" has been successfully marked as current.
[2025-11-18T11:26:33.828Z] [INFO] Scrolling attempt 1
[2025-11-18T11:26:34.974Z] [INFO] Scrolling attempt 2
[2025-11-18T11:26:36.960Z] [INFO] Element became visible during scroll.
[2025-11-18T11:26:36.964Z] [INFO] Clicking on element New Policy dropdown
[2025-11-18T11:26:38.901Z] [DEBUG] Clicked on element New Policy dropdown
[2025-11-18T11:26:38.903Z] [INFO] Clicking on element New Policy Button
[2025-11-18T11:26:40.163Z] [DEBUG] Clicked on element New Policy Button
[2025-11-18T11:26:45.169Z] [INFO] Sending text 'Polouyef' to Policy Number
[2025-11-18T11:26:46.475Z] [DEBUG] Sent text 'Polouyef' to Policy Number
[2025-11-18T11:26:46.478Z] [INFO] Sending text '11/18/2025' to Policy Effective Date
[2025-11-18T11:26:48.712Z] [DEBUG] Sent text '11/18/2025' to Policy Effective Date
[2025-11-18T11:26:48.715Z] [INFO] Sending text '11/18/2032' to Policy Effective Date
[2025-11-18T11:26:49.718Z] [DEBUG] Sent text '11/18/2032' to Policy Effective Date
[2025-11-18T11:26:51.132Z] [INFO] Sending text 'Descnbq' to Policy Description
[2025-11-18T11:26:52.053Z] [DEBUG] Sent text 'Descnbq' to Policy Description
[2025-11-18T11:26:52.549Z] [INFO] Selecting value from 'BillToContact' Dropdown
[2025-11-18T11:26:52.893Z] [INFO] Selecting dropdown value by index: 1
[2025-11-18T11:26:53.663Z] [INFO] ✅ Successfully selected "1" from 'BillToContact' Dropdown
[2025-11-18T11:26:54.189Z] [INFO] Selecting value from 'BillToLocation' Dropdown
[2025-11-18T11:26:54.468Z] [INFO] Selecting dropdown value by index: 1
[2025-11-18T11:26:55.111Z] [INFO] ✅ Successfully selected "1" from 'BillToLocation' Dropdown
[2025-11-18T11:26:55.115Z] [INFO] Clicking on element Edit Save Button
[2025-11-18T11:26:56.131Z] [DEBUG] Clicked on element Edit Save Button
[2025-11-18T11:26:56.592Z] [INFO] Scrolling attempt 1
[2025-11-18T11:26:58.192Z] [INFO] Scrolling attempt 2
[2025-11-18T11:26:59.725Z] [INFO] Scrolling attempt 3
[2025-11-18T11:27:01.060Z] [INFO] Element became visible during scroll.
[2025-11-18T11:27:01.063Z] [INFO] Clicking on element add coverage button
[2025-11-18T11:27:04.896Z] [DEBUG] Clicked on element add coverage button
[2025-11-18T11:27:04.899Z] [INFO] Clicking on element Coverage ID Dropdown
[2025-11-18T11:27:06.098Z] [DEBUG] Clicked on element Coverage ID Dropdown
[2025-11-18T11:27:06.100Z] [INFO] Clicking on element Coverage ID Option
[2025-11-18T11:27:07.203Z] [DEBUG] Clicked on element Coverage ID Option
[2025-11-18T11:27:07.423Z] [INFO] Clicking on element Save For Later Button
[2025-11-18T11:27:08.652Z] [DEBUG] Clicked on element Save For Later Button
[2025-11-18T11:27:08.658Z] [INFO] Waiting for NX sync spinner to disappear...
[2025-11-18T11:27:09.218Z] [INFO] NX policy sync completed successfully.
[2025-11-18T11:27:19.640Z] [INFO] 🔍 Verifying Policy Page for Policy Number: Polouyef
[2025-11-18T11:28:03.470Z] [INFO] Sending text 'nuguri.charitha@us.lockton.com.uat' to username Input Value
[2025-11-18T11:28:03.904Z] [DEBUG] Sent text 'nuguri.charitha@us.lockton.com.uat' to username Input Value
[2025-11-18T11:28:03.909Z] [INFO] Sending text 'Charitha@48' to password Input Value
[2025-11-18T11:28:04.176Z] [DEBUG] Sent text 'Charitha@48' to password Input Value
[2025-11-18T11:28:04.179Z] [INFO] Clicking on element login Button
[2025-11-18T11:28:06.643Z] [DEBUG] Clicked on element login Button
[2025-11-18T11:28:12.013Z] [INFO] Clicking on element setUp Icon
[2025-11-18T11:28:12.462Z] [DEBUG] Clicked on element setUp Icon
[2025-11-18T11:28:21.223Z] [INFO] Clicking on element user Search Result
[2025-11-18T11:28:24.895Z] [DEBUG] Clicked on element user Search Result
[2025-11-18T11:28:46.891Z] [INFO] Clicking on element show Navigation Menu
[2025-11-18T11:28:47.386Z] [DEBUG] Clicked on element show Navigation Menu
[2025-11-18T11:28:47.471Z] [INFO] Clicking on element accounts Menu Item
[2025-11-18T11:28:47.979Z] [DEBUG] Clicked on element accounts Menu Item
[2025-11-18T11:28:49.451Z] [INFO] Clicking on element list View Element
[2025-11-18T11:28:50.064Z] [DEBUG] Clicked on element list View Element
[2025-11-18T11:28:50.167Z] [INFO] Sending text 'All Clients' to searchBox ListViewInput
[2025-11-18T11:28:50.572Z] [DEBUG] Sent text 'All Clients' to searchBox ListViewInput
[2025-11-18T11:28:50.651Z] [INFO] Clicking on element all Clients In List View
[2025-11-18T11:28:51.071Z] [DEBUG] Clicked on element all Clients In List View
[2025-11-18T11:28:51.143Z] [INFO] Clicking on element global Search Button
[2025-11-18T11:28:52.399Z] [DEBUG] Clicked on element global Search Button
[2025-11-18T11:28:52.544Z] [INFO] Sending text '1031 Exchange Corporation' to global Search Input
[2025-11-18T11:28:52.909Z] [DEBUG] Sent text '1031 Exchange Corporation' to global Search Input
[2025-11-18T11:28:53.900Z] [INFO] Clicking on element global Search Result
[2025-11-18T11:28:54.372Z] [DEBUG] Clicked on element global Search Result
[2025-11-18T11:28:54.380Z] [INFO] AccountPage: Validating account record type: Client
[2025-11-18T11:28:57.690Z] [INFO] AccountPage: Account record type 'Client' is visible.
[2025-11-18T11:28:57.701Z] [INFO] Clicking on element new Opportunity Button
[2025-11-18T11:29:00.182Z] [DEBUG] Clicked on element new Opportunity Button
[2025-11-18T11:29:00.188Z] [INFO] Clicking on element intial Intake Button
[2025-11-18T11:29:01.692Z] [DEBUG] Clicked on element intial Intake Button
[2025-11-18T11:29:01.699Z] [INFO] Clicking on element opportunity Next Button
[2025-11-18T11:29:02.359Z] [DEBUG] Clicked on element opportunity Next Button
[2025-11-18T11:29:04.521Z] [INFO] Sending text 'auto lmjfs' to opportunity Name
[2025-11-18T11:29:05.015Z] [DEBUG] Sent text 'auto lmjfs' to opportunity Name
[2025-11-18T11:29:05.110Z] [INFO] Clicking on element stage DropDown
[2025-11-18T11:29:05.672Z] [DEBUG] Clicked on element stage DropDown
[2025-11-18T11:29:05.755Z] [INFO] Clicking on element stage Value
[2025-11-18T11:29:06.318Z] [DEBUG] Clicked on element stage Value
[2025-11-18T11:29:06.825Z] [INFO] Clicking on element insurance Sub Type Drop Down
[2025-11-18T11:29:07.432Z] [DEBUG] Clicked on element insurance Sub Type Drop Down
[2025-11-18T11:29:07.440Z] [INFO] Clicking on element insurance Type field
[2025-11-18T11:29:08.026Z] [DEBUG] Clicked on element insurance Type field
[2025-11-18T11:29:10.157Z] [INFO] Clicking on element save Button
[2025-11-18T11:29:11.157Z] [DEBUG] Clicked on element save Button
[2025-11-18T11:29:11.173Z] [INFO] Clicking on element Actions dropdown
[2025-11-18T11:29:17.226Z] [DEBUG] Clicked on element Actions dropdown
[2025-11-18T11:29:17.236Z] [INFO] Clicking on element Coverage builder option
[2025-11-18T11:29:18.737Z] [DEBUG] Clicked on element Coverage builder option
[2025-11-18T11:29:28.908Z] [INFO] Coverage not visible — need to add new coverage.
[2025-11-18T11:29:28.910Z] [INFO] No coverage found — creating new coverage now...
[2025-11-18T11:29:29.020Z] [INFO] CoveragePage: Coverage Builder page is displayed.
[2025-11-18T11:29:29.025Z] [INFO] Clicking on element New Coverage Button
[2025-11-18T11:29:29.488Z] [DEBUG] Clicked on element New Coverage Button
[2025-11-18T11:29:29.493Z] [INFO] Clicking on element Standalone Coverage Type
[2025-11-18T11:29:30.775Z] [DEBUG] Clicked on element Standalone Coverage Type
[2025-11-18T11:29:30.778Z] [INFO] Clicking on element Front Row Button
[2025-11-18T11:29:31.302Z] [DEBUG] Clicked on element Front Row Button
[2025-11-18T11:29:31.417Z] [INFO] Clicking on element Confirm Button
[2025-11-18T11:29:31.914Z] [DEBUG] Clicked on element Confirm Button
[2025-11-18T11:29:32.921Z] [INFO] Clicking on element Coverage Close Button
[2025-11-18T11:29:33.437Z] [DEBUG] Clicked on element Coverage Close Button
[2025-11-18T11:29:33.447Z] [INFO] New Coverages added and closed the coverage window.
[2025-11-18T11:29:33.457Z] [INFO] Clicking on element show More Actions DropDown
[2025-11-18T11:29:34.615Z] [DEBUG] Clicked on element show More Actions DropDown
[2025-11-18T11:29:34.622Z] [INFO] Clicking on element manage Opportunity Assignment Option
[2025-11-18T11:29:35.465Z] [DEBUG] Clicked on element manage Opportunity Assignment Option
[2025-11-18T11:29:37.846Z] [INFO] Sending text '100' to Producer Allocation Textbox
[2025-11-18T11:29:38.219Z] [DEBUG] Sent text '100' to Producer Allocation Textbox
[2025-11-18T11:29:38.223Z] [INFO] Clicking on element SaveAndClose Button
[2025-11-18T11:29:38.768Z] [DEBUG] Clicked on element SaveAndClose Button
[2025-11-18T11:29:38.861Z] [INFO] Stage "Underwriting" is not current. Updating stage...
[2025-11-18T11:29:38.864Z] [INFO] Clicking on element Stage
[2025-11-18T11:29:40.767Z] [DEBUG] Clicked on element Stage
[2025-11-18T11:29:40.771Z] [INFO] Clicking on element Mark As Current State Button
[2025-11-18T11:29:41.270Z] [DEBUG] Clicked on element Mark As Current State Button
[2025-11-18T11:29:41.345Z] [INFO] Stage "Underwriting" has been successfully marked as current.
[2025-11-18T11:29:46.522Z] [INFO] Element became visible during scroll.
[2025-11-18T11:29:46.525Z] [INFO] Clicking on element New Policy dropdown
[2025-11-18T11:29:47.104Z] [DEBUG] Clicked on element New Policy dropdown
[2025-11-18T11:29:47.110Z] [INFO] Clicking on element New Policy Button
[2025-11-18T11:29:49.057Z] [DEBUG] Clicked on element New Policy Button
[2025-11-18T11:29:53.464Z] [INFO] Sending text 'Polkikrm' to Policy Number
[2025-11-18T11:29:54.364Z] [DEBUG] Sent text 'Polkikrm' to Policy Number
[2025-11-18T11:29:54.368Z] [INFO] Sending text '11/18/2025' to Policy Effective Date
[2025-11-18T11:29:55.026Z] [DEBUG] Sent text '11/18/2025' to Policy Effective Date
[2025-11-18T11:29:55.030Z] [INFO] Sending text '11/18/2032' to Policy Effective Date
[2025-11-18T11:29:56.516Z] [DEBUG] Sent text '11/18/2032' to Policy Effective Date
[2025-11-18T11:29:57.194Z] [INFO] Sending text 'Dessyoh' to Policy Description
[2025-11-18T11:29:57.899Z] [DEBUG] Sent text 'Dessyoh' to Policy Description
[2025-11-18T11:29:58.192Z] [INFO] Selecting value from 'BillToContact' Dropdown
[2025-11-18T11:29:58.297Z] [INFO] Selecting dropdown value by index: 1
[2025-11-18T11:29:58.698Z] [INFO] ✅ Successfully selected "1" from 'BillToContact' Dropdown
[2025-11-18T11:29:59.001Z] [INFO] Selecting value from 'BillToLocation' Dropdown
[2025-11-18T11:29:59.123Z] [INFO] Selecting dropdown value by index: 1
[2025-11-18T11:29:59.421Z] [INFO] ✅ Successfully selected "1" from 'BillToLocation' Dropdown
[2025-11-18T11:29:59.427Z] [INFO] Clicking on element Edit Save Button
[2025-11-18T11:30:00.086Z] [DEBUG] Clicked on element Edit Save Button
[2025-11-18T11:30:00.290Z] [INFO] Scrolling attempt 1
[2025-11-18T11:30:01.182Z] [INFO] Scrolling attempt 2
[2025-11-18T11:30:02.440Z] [INFO] Scrolling attempt 3
[2025-11-18T11:30:03.703Z] [INFO] Element became visible during scroll.
[2025-11-18T11:30:03.709Z] [INFO] Clicking on element add coverage button
[2025-11-18T11:30:04.976Z] [DEBUG] Clicked on element add coverage button
[2025-11-18T11:30:04.983Z] [INFO] Clicking on element Coverage ID Dropdown
[2025-11-18T11:30:06.436Z] [DEBUG] Clicked on element Coverage ID Dropdown
[2025-11-18T11:30:06.441Z] [INFO] Clicking on element Coverage ID Option
[2025-11-18T11:30:07.153Z] [DEBUG] Clicked on element Coverage ID Option
[2025-11-18T11:30:07.272Z] [INFO] Clicking on element Save For Later Button
[2025-11-18T11:30:08.048Z] [DEBUG] Clicked on element Save For Later Button
[2025-11-18T11:30:08.053Z] [INFO] Waiting for NX sync spinner to disappear...
[2025-11-18T11:30:08.306Z] [INFO] NX policy sync completed successfully.
[2025-11-18T11:30:18.428Z] [INFO] 🔍 Verifying Policy Page for Policy Number: Polkikrm
[2025-11-18T11:30:58.182Z] [INFO] Sending text 'nuguri.charitha@us.lockton.com.uat' to username Input Value
[2025-11-18T11:30:58.404Z] [DEBUG] Sent text 'nuguri.charitha@us.lockton.com.uat' to username Input Value
[2025-11-18T11:30:58.406Z] [INFO] Sending text 'Charitha@48' to password Input Value
[2025-11-18T11:30:58.513Z] [DEBUG] Sent text 'Charitha@48' to password Input Value
[2025-11-18T11:30:58.516Z] [INFO] Clicking on element login Button
[2025-11-18T11:31:00.632Z] [DEBUG] Clicked on element login Button
[2025-11-18T11:31:06.787Z] [INFO] Clicking on element setUp Icon
[2025-11-18T11:31:07.549Z] [DEBUG] Clicked on element setUp Icon
[2025-11-18T11:31:16.257Z] [INFO] Clicking on element user Search Result
[2025-11-18T11:31:20.398Z] [DEBUG] Clicked on element user Search Result
[2025-11-18T11:31:39.941Z] [INFO] Clicking on element show Navigation Menu
[2025-11-18T11:31:40.095Z] [DEBUG] Clicked on element show Navigation Menu
[2025-11-18T11:31:40.132Z] [INFO] Clicking on element accounts Menu Item
[2025-11-18T11:31:40.330Z] [DEBUG] Clicked on element accounts Menu Item
[2025-11-18T11:31:43.467Z] [INFO] Clicking on element list View Element
[2025-11-18T11:31:43.794Z] [DEBUG] Clicked on element list View Element
[2025-11-18T11:31:43.907Z] [INFO] Sending text 'All Clients' to searchBox ListViewInput
[2025-11-18T11:31:44.545Z] [DEBUG] Sent text 'All Clients' to searchBox ListViewInput
[2025-11-18T11:31:44.647Z] [INFO] Clicking on element all Clients In List View
[2025-11-18T11:31:45.057Z] [DEBUG] Clicked on element all Clients In List View
[2025-11-18T11:31:45.096Z] [INFO] Clicking on element global Search Button
[2025-11-18T11:31:45.484Z] [DEBUG] Clicked on element global Search Button
[2025-11-18T11:31:45.863Z] [INFO] Sending text '1031 Exchange Corporation' to global Search Input
[2025-11-18T11:31:46.470Z] [DEBUG] Sent text '1031 Exchange Corporation' to global Search Input
[2025-11-18T11:31:47.506Z] [INFO] Clicking on element global Search Result
[2025-11-18T11:31:48.618Z] [DEBUG] Clicked on element global Search Result
[2025-11-18T11:31:48.622Z] [INFO] AccountPage: Validating account record type: Client
[2025-11-18T11:31:48.888Z] [INFO] AccountPage: Account record type 'Client' is visible.
[2025-11-18T11:31:48.891Z] [INFO] Clicking on element new Opportunity Button
[2025-11-18T11:31:49.759Z] [DEBUG] Clicked on element new Opportunity Button
[2025-11-18T11:31:49.765Z] [INFO] Clicking on element intial Intake Button
[2025-11-18T11:31:51.391Z] [DEBUG] Clicked on element intial Intake Button
[2025-11-18T11:31:51.395Z] [INFO] Clicking on element opportunity Next Button
[2025-11-18T11:31:51.756Z] [DEBUG] Clicked on element opportunity Next Button
[2025-11-18T11:31:53.395Z] [INFO] Sending text 'auto nswgo' to opportunity Name
[2025-11-18T11:31:53.672Z] [DEBUG] Sent text 'auto nswgo' to opportunity Name
[2025-11-18T11:31:53.737Z] [INFO] Clicking on element stage DropDown
[2025-11-18T11:31:54.133Z] [DEBUG] Clicked on element stage DropDown
[2025-11-18T11:31:54.200Z] [INFO] Clicking on element stage Value
[2025-11-18T11:31:54.562Z] [DEBUG] Clicked on element stage Value
[2025-11-18T11:31:54.896Z] [INFO] Clicking on element insurance Sub Type Drop Down
[2025-11-18T11:31:55.292Z] [DEBUG] Clicked on element insurance Sub Type Drop Down
[2025-11-18T11:31:55.296Z] [INFO] Clicking on element insurance Type field
[2025-11-18T11:31:55.703Z] [DEBUG] Clicked on element insurance Type field
[2025-11-18T11:31:57.771Z] [INFO] Clicking on element save Button
[2025-11-18T11:31:58.352Z] [DEBUG] Clicked on element save Button
[2025-11-18T11:31:58.367Z] [INFO] Clicking on element Actions dropdown
[2025-11-18T11:32:03.158Z] [DEBUG] Clicked on element Actions dropdown
[2025-11-18T11:32:03.162Z] [INFO] Clicking on element Coverage builder option
[2025-11-18T11:32:03.760Z] [DEBUG] Clicked on element Coverage builder option
[2025-11-18T11:32:13.957Z] [INFO] Coverage not visible — need to add new coverage.
[2025-11-18T11:32:13.961Z] [INFO] No coverage found — creating new coverage now...
[2025-11-18T11:32:14.035Z] [INFO] CoveragePage: Coverage Builder page is displayed.
[2025-11-18T11:32:14.038Z] [INFO] Clicking on element New Coverage Button
[2025-11-18T11:32:14.477Z] [DEBUG] Clicked on element New Coverage Button
[2025-11-18T11:32:14.481Z] [INFO] Clicking on element Standalone Coverage Type
[2025-11-18T11:32:15.676Z] [DEBUG] Clicked on element Standalone Coverage Type
[2025-11-18T11:32:15.691Z] [INFO] Clicking on element Front Row Button
[2025-11-18T11:32:16.144Z] [DEBUG] Clicked on element Front Row Button
[2025-11-18T11:32:16.243Z] [INFO] Clicking on element Confirm Button
[2025-11-18T11:32:16.650Z] [DEBUG] Clicked on element Confirm Button
[2025-11-18T11:32:17.671Z] [INFO] Clicking on element Coverage Close Button
[2025-11-18T11:32:18.173Z] [DEBUG] Clicked on element Coverage Close Button
[2025-11-18T11:32:18.185Z] [INFO] New Coverages added and closed the coverage window.
[2025-11-18T11:32:18.210Z] [INFO] Clicking on element show More Actions DropDown
[2025-11-18T11:32:19.345Z] [DEBUG] Clicked on element show More Actions DropDown
[2025-11-18T11:32:19.348Z] [INFO] Clicking on element manage Opportunity Assignment Option
[2025-11-18T11:32:20.147Z] [DEBUG] Clicked on element manage Opportunity Assignment Option
[2025-11-18T11:32:21.853Z] [INFO] Sending text '100' to Producer Allocation Textbox
[2025-11-18T11:32:22.272Z] [DEBUG] Sent text '100' to Producer Allocation Textbox
[2025-11-18T11:32:22.275Z] [INFO] Clicking on element SaveAndClose Button
[2025-11-18T11:32:22.842Z] [DEBUG] Clicked on element SaveAndClose Button
[2025-11-18T11:32:22.912Z] [INFO] Stage "Underwriting" is not current. Updating stage...
[2025-11-18T11:32:22.914Z] [INFO] Clicking on element Stage
[2025-11-18T11:32:24.954Z] [DEBUG] Clicked on element Stage
[2025-11-18T11:32:24.957Z] [INFO] Clicking on element Mark As Current State Button
[2025-11-18T11:32:25.764Z] [DEBUG] Clicked on element Mark As Current State Button
[2025-11-18T11:32:25.841Z] [INFO] Stage "Underwriting" has been successfully marked as current.
[2025-11-18T11:32:30.991Z] [INFO] Element became visible during scroll.
[2025-11-18T11:32:30.994Z] [INFO] Clicking on element New Policy dropdown
[2025-11-18T11:32:31.323Z] [DEBUG] Clicked on element New Policy dropdown
[2025-11-18T11:32:31.325Z] [INFO] Clicking on element New Policy Button
[2025-11-18T11:32:31.989Z] [DEBUG] Clicked on element New Policy Button
[2025-11-18T11:32:36.531Z] [INFO] Sending text 'Polocoeo' to Policy Number
[2025-11-18T11:32:37.096Z] [DEBUG] Sent text 'Polocoeo' to Policy Number
[2025-11-18T11:32:37.103Z] [INFO] Sending text '11/18/2025' to Policy Effective Date
[2025-11-18T11:32:37.484Z] [DEBUG] Sent text '11/18/2025' to Policy Effective Date
[2025-11-18T11:32:37.487Z] [INFO] Sending text '11/18/2032' to Policy Effective Date
[2025-11-18T11:32:37.922Z] [DEBUG] Sent text '11/18/2032' to Policy Effective Date
[2025-11-18T11:32:39.088Z] [INFO] Sending text 'Desctrc' to Policy Description
[2025-11-18T11:32:39.562Z] [DEBUG] Sent text 'Desctrc' to Policy Description
[2025-11-18T11:32:39.819Z] [INFO] Selecting value from 'BillToContact' Dropdown
[2025-11-18T11:32:39.900Z] [INFO] Selecting dropdown value by index: 1
[2025-11-18T11:32:40.183Z] [INFO] ✅ Successfully selected "1" from 'BillToContact' Dropdown
[2025-11-18T11:32:40.396Z] [INFO] Selecting value from 'BillToLocation' Dropdown
[2025-11-18T11:32:40.475Z] [INFO] Selecting dropdown value by index: 1
[2025-11-18T11:32:40.733Z] [INFO] ✅ Successfully selected "1" from 'BillToLocation' Dropdown
[2025-11-18T11:32:40.735Z] [INFO] Clicking on element Edit Save Button
[2025-11-18T11:32:41.217Z] [DEBUG] Clicked on element Edit Save Button
[2025-11-18T11:32:41.439Z] [INFO] Scrolling attempt 1
[2025-11-18T11:32:42.187Z] [INFO] Scrolling attempt 2
[2025-11-18T11:32:43.002Z] [INFO] Scrolling attempt 3
[2025-11-18T11:32:43.765Z] [INFO] Element became visible during scroll.
[2025-11-18T11:32:43.767Z] [INFO] Clicking on element add coverage button
[2025-11-18T11:32:44.242Z] [DEBUG] Clicked on element add coverage button
[2025-11-18T11:32:44.248Z] [INFO] Clicking on element Coverage ID Dropdown
[2025-11-18T11:32:44.786Z] [DEBUG] Clicked on element Coverage ID Dropdown
[2025-11-18T11:32:44.788Z] [INFO] Clicking on element Coverage ID Option
[2025-11-18T11:32:46.107Z] [DEBUG] Clicked on element Coverage ID Option
[2025-11-18T11:32:46.180Z] [INFO] Clicking on element Save For Later Button
[2025-11-18T11:32:46.823Z] [DEBUG] Clicked on element Save For Later Button
[2025-11-18T11:32:46.826Z] [INFO] Waiting for NX sync spinner to disappear...
[2025-11-18T11:32:47.019Z] [INFO] NX policy sync completed successfully.
[2025-11-18T11:32:57.143Z] [INFO] 🔍 Verifying Policy Page for Policy Number: Polocoeo
[2025-11-18T11:33:33.621Z] [INFO] Sending text 'nuguri.charitha@us.lockton.com.uat' to username Input Value
[2025-11-18T11:33:34.046Z] [DEBUG] Sent text 'nuguri.charitha@us.lockton.com.uat' to username Input Value
[2025-11-18T11:33:34.052Z] [INFO] Sending text 'Charitha@48' to password Input Value
[2025-11-18T11:33:34.138Z] [DEBUG] Sent text 'Charitha@48' to password Input Value
[2025-11-18T11:33:34.152Z] [INFO] Clicking on element login Button
[2025-11-18T11:33:36.132Z] [DEBUG] Clicked on element login Button
[2025-11-18T11:33:40.624Z] [INFO] Clicking on element setUp Icon
[2025-11-18T11:33:40.809Z] [DEBUG] Clicked on element setUp Icon
[2025-11-18T11:33:46.267Z] [INFO] Clicking on element user Search Result
[2025-11-18T11:33:49.405Z] [DEBUG] Clicked on element user Search Result
[2025-11-18T11:34:07.404Z] [INFO] Clicking on element show Navigation Menu
[2025-11-18T11:34:07.675Z] [DEBUG] Clicked on element show Navigation Menu
[2025-11-18T11:34:07.716Z] [INFO] Clicking on element accounts Menu Item
[2025-11-18T11:34:07.964Z] [DEBUG] Clicked on element accounts Menu Item
[2025-11-18T11:34:09.377Z] [INFO] Clicking on element list View Element
[2025-11-18T11:34:09.621Z] [DEBUG] Clicked on element list View Element
[2025-11-18T11:34:09.657Z] [INFO] Sending text 'All Clients' to searchBox ListViewInput
[2025-11-18T11:34:09.835Z] [DEBUG] Sent text 'All Clients' to searchBox ListViewInput
[2025-11-18T11:34:09.879Z] [INFO] Clicking on element all Clients In List View
[2025-11-18T11:34:10.119Z] [DEBUG] Clicked on element all Clients In List View
[2025-11-18T11:34:10.155Z] [INFO] Clicking on element global Search Button
[2025-11-18T11:34:10.523Z] [DEBUG] Clicked on element global Search Button
[2025-11-18T11:34:10.576Z] [INFO] Sending text '1031 Exchange Corporation' to global Search Input
[2025-11-18T11:34:11.264Z] [DEBUG] Sent text '1031 Exchange Corporation' to global Search Input
[2025-11-18T11:34:12.175Z] [INFO] Clicking on element global Search Result
[2025-11-18T11:34:12.444Z] [DEBUG] Clicked on element global Search Result
[2025-11-18T11:34:12.449Z] [INFO] AccountPage: Validating account record type: Client
[2025-11-18T11:34:15.036Z] [INFO] AccountPage: Account record type 'Client' is visible.
[2025-11-18T11:34:15.041Z] [INFO] Clicking on element new Opportunity Button
[2025-11-18T11:34:18.251Z] [DEBUG] Clicked on element new Opportunity Button
[2025-11-18T11:34:18.255Z] [INFO] Clicking on element intial Intake Button
[2025-11-18T11:34:19.375Z] [DEBUG] Clicked on element intial Intake Button
[2025-11-18T11:34:19.380Z] [INFO] Clicking on element opportunity Next Button
[2025-11-18T11:34:19.772Z] [DEBUG] Clicked on element opportunity Next Button
[2025-11-18T11:34:21.806Z] [INFO] Sending text 'auto obinl' to opportunity Name
[2025-11-18T11:34:22.067Z] [DEBUG] Sent text 'auto obinl' to opportunity Name
[2025-11-18T11:34:22.119Z] [INFO] Clicking on element stage DropDown
[2025-11-18T11:34:22.446Z] [DEBUG] Clicked on element stage DropDown
[2025-11-18T11:34:22.493Z] [INFO] Clicking on element stage Value
[2025-11-18T11:34:22.796Z] [DEBUG] Clicked on element stage Value
[2025-11-18T11:34:23.248Z] [INFO] Clicking on element insurance DropDown
[2025-11-18T11:34:23.642Z] [DEBUG] Clicked on element insurance DropDown
[2025-11-18T11:34:23.753Z] [INFO] Clicking on element Insurance Type Option
[2025-11-18T11:34:24.038Z] [DEBUG] Clicked on element Insurance Type Option
[2025-11-18T11:34:24.043Z] [INFO] Clicking on element insurance Sub Type Drop Down
[2025-11-18T11:34:24.329Z] [DEBUG] Clicked on element insurance Sub Type Drop Down
[2025-11-18T11:34:24.334Z] [INFO] Clicking on element insurance Type field
[2025-11-18T11:34:24.602Z] [DEBUG] Clicked on element insurance Type field
[2025-11-18T11:34:26.675Z] [INFO] Clicking on element save Button
[2025-11-18T11:34:26.967Z] [DEBUG] Clicked on element save Button
[2025-11-18T11:34:26.975Z] [INFO] Clicking on element Actions dropdown
[2025-11-18T11:34:30.915Z] [DEBUG] Clicked on element Actions dropdown
[2025-11-18T11:34:30.919Z] [INFO] Clicking on element Coverage builder option
[2025-11-18T11:34:31.767Z] [DEBUG] Clicked on element Coverage builder option
[2025-11-18T11:34:41.950Z] [INFO] Coverage not visible — need to add new coverage.
[2025-11-18T11:34:41.953Z] [INFO] No coverage found — creating new coverage now...
[2025-11-18T11:34:42.040Z] [INFO] CoveragePage: Coverage Builder page is displayed.
[2025-11-18T11:34:42.045Z] [INFO] Clicking on element New Coverage Button
[2025-11-18T11:34:42.491Z] [DEBUG] Clicked on element New Coverage Button
[2025-11-18T11:34:42.493Z] [INFO] Clicking on element Standalone Coverage Type
[2025-11-18T11:34:43.751Z] [DEBUG] Clicked on element Standalone Coverage Type
[2025-11-18T11:34:43.753Z] [INFO] Clicking on element Front Row Button
[2025-11-18T11:34:44.159Z] [DEBUG] Clicked on element Front Row Button
[2025-11-18T11:34:44.226Z] [INFO] Clicking on element Confirm Button
[2025-11-18T11:34:44.648Z] [DEBUG] Clicked on element Confirm Button
[2025-11-18T11:34:45.615Z] [INFO] Clicking on element Coverage Close Button
[2025-11-18T11:34:46.043Z] [DEBUG] Clicked on element Coverage Close Button
[2025-11-18T11:34:46.046Z] [INFO] New Coverages added and closed the coverage window.
[2025-11-18T11:34:46.060Z] [INFO] Clicking on element show More Actions DropDown
[2025-11-18T11:34:46.920Z] [DEBUG] Clicked on element show More Actions DropDown
[2025-11-18T11:34:46.923Z] [INFO] Clicking on element manage Opportunity Assignment Option
[2025-11-18T11:34:47.668Z] [DEBUG] Clicked on element manage Opportunity Assignment Option
[2025-11-18T11:34:49.010Z] [INFO] Sending text '100' to Producer Allocation Textbox
[2025-11-18T11:34:49.277Z] [DEBUG] Sent text '100' to Producer Allocation Textbox
[2025-11-18T11:34:49.282Z] [INFO] Clicking on element SaveAndClose Button
[2025-11-18T11:34:49.648Z] [DEBUG] Clicked on element SaveAndClose Button
[2025-11-18T11:34:49.743Z] [INFO] Stage "Underwriting" is not current. Updating stage...
[2025-11-18T11:34:49.745Z] [INFO] Clicking on element Stage
[2025-11-18T11:34:51.769Z] [DEBUG] Clicked on element Stage
[2025-11-18T11:34:51.771Z] [INFO] Clicking on element Mark As Current State Button
[2025-11-18T11:34:52.281Z] [DEBUG] Clicked on element Mark As Current State Button
[2025-11-18T11:34:52.341Z] [INFO] Stage "Underwriting" has been successfully marked as current.
[2025-11-18T11:34:57.453Z] [INFO] Element became visible during scroll.
[2025-11-18T11:34:57.456Z] [INFO] Clicking on element New Policy dropdown
[2025-11-18T11:34:57.758Z] [DEBUG] Clicked on element New Policy dropdown
[2025-11-18T11:34:57.761Z] [INFO] Clicking on element New Policy Button
[2025-11-18T11:34:58.484Z] [DEBUG] Clicked on element New Policy Button
[2025-11-18T11:35:03.474Z] [INFO] Sending text 'Polmndzz' to Policy Number
[2025-11-18T11:35:03.735Z] [DEBUG] Sent text 'Polmndzz' to Policy Number
[2025-11-18T11:35:03.738Z] [INFO] Sending text '11/18/2025' to Policy Effective Date
[2025-11-18T11:35:04.049Z] [DEBUG] Sent text '11/18/2025' to Policy Effective Date
[2025-11-18T11:35:04.053Z] [INFO] Sending text '11/18/2032' to Policy Effective Date
[2025-11-18T11:35:04.282Z] [DEBUG] Sent text '11/18/2032' to Policy Effective Date
[2025-11-18T11:35:05.555Z] [INFO] Sending text 'Desscgl' to Policy Description
[2025-11-18T11:35:05.918Z] [DEBUG] Sent text 'Desscgl' to Policy Description
[2025-11-18T11:35:06.151Z] [INFO] Selecting value from 'BillToContact' Dropdown
[2025-11-18T11:35:06.218Z] [INFO] Selecting dropdown value by index: 1
[2025-11-18T11:35:06.425Z] [INFO] ✅ Successfully selected "1" from 'BillToContact' Dropdown
[2025-11-18T11:35:06.593Z] [INFO] Selecting value from 'BillToLocation' Dropdown
[2025-11-18T11:35:06.651Z] [INFO] Selecting dropdown value by index: 1
[2025-11-18T11:35:06.851Z] [INFO] ✅ Successfully selected "1" from 'BillToLocation' Dropdown
[2025-11-18T11:35:06.853Z] [INFO] Clicking on element Edit Save Button
[2025-11-18T11:35:07.255Z] [DEBUG] Clicked on element Edit Save Button
[2025-11-18T11:35:07.418Z] [INFO] Scrolling attempt 1
[2025-11-18T11:35:08.129Z] [INFO] Scrolling attempt 2
[2025-11-18T11:35:08.866Z] [INFO] Scrolling attempt 3
[2025-11-18T11:35:09.565Z] [INFO] Scrolling attempt 4
[2025-11-18T11:35:10.300Z] [INFO] Element became visible during scroll.
[2025-11-18T11:35:10.302Z] [INFO] Clicking on element add coverage button
[2025-11-18T11:35:10.818Z] [DEBUG] Clicked on element add coverage button
[2025-11-18T11:35:10.821Z] [INFO] Clicking on element Coverage ID Dropdown
[2025-11-18T11:35:11.269Z] [DEBUG] Clicked on element Coverage ID Dropdown
[2025-11-18T11:35:11.272Z] [INFO] Clicking on element Coverage ID Option
[2025-11-18T11:35:12.424Z] [DEBUG] Clicked on element Coverage ID Option
[2025-11-18T11:35:12.501Z] [INFO] Clicking on element Save For Later Button
[2025-11-18T11:35:13.017Z] [DEBUG] Clicked on element Save For Later Button
[2025-11-18T11:35:13.019Z] [INFO] Waiting for NX sync spinner to disappear...
[2025-11-18T11:35:13.215Z] [INFO] NX policy sync completed successfully.
[2025-11-18T11:35:23.306Z] [INFO] 🔍 Verifying Policy Page for Policy Number: Polmndzz
[2025-11-18T11:36:00.268Z] [INFO] Sending text 'nuguri.charitha@us.lockton.com.uat' to username Input Value
[2025-11-18T11:36:00.719Z] [DEBUG] Sent text 'nuguri.charitha@us.lockton.com.uat' to username Input Value
[2025-11-18T11:36:00.726Z] [INFO] Sending text 'Charitha@48' to password Input Value
[2025-11-18T11:36:00.849Z] [DEBUG] Sent text 'Charitha@48' to password Input Value
[2025-11-18T11:36:00.852Z] [INFO] Clicking on element login Button
[2025-11-18T11:36:03.700Z] [DEBUG] Clicked on element login Button
[2025-11-18T11:36:09.749Z] [INFO] Clicking on element setUp Icon
[2025-11-18T11:36:10.185Z] [DEBUG] Clicked on element setUp Icon
[2025-11-18T11:36:17.829Z] [INFO] Clicking on element user Search Result
[2025-11-18T11:36:21.060Z] [DEBUG] Clicked on element user Search Result
[2025-11-18T11:36:49.923Z] [INFO] Clicking on element show Navigation Menu
[2025-11-18T11:36:50.966Z] [DEBUG] Clicked on element show Navigation Menu
[2025-11-18T11:36:51.083Z] [INFO] Clicking on element accounts Menu Item
[2025-11-18T11:36:51.793Z] [DEBUG] Clicked on element accounts Menu Item
[2025-11-18T11:36:53.379Z] [INFO] Clicking on element list View Element
[2025-11-18T11:36:53.928Z] [DEBUG] Clicked on element list View Element
[2025-11-18T11:36:54.010Z] [INFO] Sending text 'All Clients' to searchBox ListViewInput
[2025-11-18T11:36:54.532Z] [DEBUG] Sent text 'All Clients' to searchBox ListViewInput
[2025-11-18T11:36:54.635Z] [INFO] Clicking on element all Clients In List View
[2025-11-18T11:36:55.499Z] [DEBUG] Clicked on element all Clients In List View
[2025-11-18T11:36:55.598Z] [INFO] Clicking on element global Search Button
[2025-11-18T11:36:57.292Z] [DEBUG] Clicked on element global Search Button
[2025-11-18T11:36:57.451Z] [INFO] Sending text '1031 Exchange Corporation' to global Search Input
[2025-11-18T11:36:57.981Z] [DEBUG] Sent text '1031 Exchange Corporation' to global Search Input
[2025-11-18T11:36:58.525Z] [INFO] Clicking on element global Search Result
[2025-11-18T11:36:58.998Z] [DEBUG] Clicked on element global Search Result
[2025-11-18T11:36:59.002Z] [INFO] AccountPage: Validating account record type: Client
[2025-11-18T11:37:03.860Z] [INFO] AccountPage: Account record type 'Client' is visible.
[2025-11-18T11:37:03.864Z] [INFO] Clicking on element new Opportunity Button
[2025-11-18T11:37:05.129Z] [DEBUG] Clicked on element new Opportunity Button
[2025-11-18T11:37:05.131Z] [INFO] Clicking on element intial Intake Button
[2025-11-18T11:37:06.787Z] [DEBUG] Clicked on element intial Intake Button
[2025-11-18T11:37:06.788Z] [INFO] Clicking on element opportunity Next Button
[2025-11-18T11:37:07.426Z] [DEBUG] Clicked on element opportunity Next Button
[2025-11-18T11:37:09.249Z] [INFO] Sending text 'auto hvhut' to opportunity Name
[2025-11-18T11:37:09.693Z] [DEBUG] Sent text 'auto hvhut' to opportunity Name
[2025-11-18T11:37:09.750Z] [INFO] Clicking on element stage DropDown
[2025-11-18T11:37:10.206Z] [DEBUG] Clicked on element stage DropDown
[2025-11-18T11:37:10.278Z] [INFO] Clicking on element stage Value
[2025-11-18T11:37:10.825Z] [DEBUG] Clicked on element stage Value
[2025-11-18T11:37:11.736Z] [INFO] Clicking on element insurance DropDown
[2025-11-18T11:37:12.444Z] [DEBUG] Clicked on element insurance DropDown
[2025-11-18T11:37:12.750Z] [INFO] Clicking on element Insurance Type Option
[2025-11-18T11:37:13.326Z] [DEBUG] Clicked on element Insurance Type Option
[2025-11-18T11:37:13.330Z] [INFO] Clicking on element insurance Sub Type Drop Down
[2025-11-18T11:37:13.798Z] [DEBUG] Clicked on element insurance Sub Type Drop Down
[2025-11-18T11:37:13.801Z] [INFO] Clicking on element insurance Type field
[2025-11-18T11:37:14.362Z] [DEBUG] Clicked on element insurance Type field
[2025-11-18T11:37:16.464Z] [INFO] Clicking on element save Button
[2025-11-18T11:37:16.876Z] [DEBUG] Clicked on element save Button
[2025-11-18T11:37:16.880Z] [INFO] Clicking on element Actions dropdown
[2025-11-18T11:37:20.922Z] [DEBUG] Clicked on element Actions dropdown
[2025-11-18T11:37:20.923Z] [INFO] Clicking on element Coverage builder option
[2025-11-18T11:37:21.633Z] [DEBUG] Clicked on element Coverage builder option
[2025-11-18T11:37:31.857Z] [INFO] Coverage not visible — need to add new coverage.
[2025-11-18T11:37:31.859Z] [INFO] No coverage found — creating new coverage now...
[2025-11-18T11:37:31.943Z] [INFO] CoveragePage: Coverage Builder page is displayed.
[2025-11-18T11:37:31.945Z] [INFO] Clicking on element New Coverage Button
[2025-11-18T11:37:32.508Z] [DEBUG] Clicked on element New Coverage Button
[2025-11-18T11:37:32.510Z] [INFO] Clicking on element Standalone Coverage Type
[2025-11-18T11:37:33.711Z] [DEBUG] Clicked on element Standalone Coverage Type
[2025-11-18T11:37:33.712Z] [INFO] Clicking on element Front Row Button
[2025-11-18T11:37:34.226Z] [DEBUG] Clicked on element Front Row Button
[2025-11-18T11:37:34.312Z] [INFO] Clicking on element Confirm Button
[2025-11-18T11:37:34.769Z] [DEBUG] Clicked on element Confirm Button
[2025-11-18T11:37:35.740Z] [INFO] Clicking on element Coverage Close Button
[2025-11-18T11:37:36.149Z] [DEBUG] Clicked on element Coverage Close Button
[2025-11-18T11:37:36.151Z] [INFO] New Coverages added and closed the coverage window.
[2025-11-18T11:37:36.164Z] [INFO] Clicking on element show More Actions DropDown
[2025-11-18T11:37:37.140Z] [DEBUG] Clicked on element show More Actions DropDown
[2025-11-18T11:37:37.141Z] [INFO] Clicking on element manage Opportunity Assignment Option
[2025-11-18T11:37:37.733Z] [DEBUG] Clicked on element manage Opportunity Assignment Option
[2025-11-18T11:37:39.745Z] [INFO] Sending text '100' to Producer Allocation Textbox
[2025-11-18T11:37:40.258Z] [DEBUG] Sent text '100' to Producer Allocation Textbox
[2025-11-18T11:37:40.262Z] [INFO] Clicking on element SaveAndClose Button
[2025-11-18T11:37:40.752Z] [DEBUG] Clicked on element SaveAndClose Button
[2025-11-18T11:37:40.878Z] [INFO] Stage "Underwriting" is not current. Updating stage...
[2025-11-18T11:37:40.880Z] [INFO] Clicking on element Stage
[2025-11-18T11:37:42.745Z] [DEBUG] Clicked on element Stage
[2025-11-18T11:37:42.748Z] [INFO] Clicking on element Mark As Current State Button
[2025-11-18T11:37:43.249Z] [DEBUG] Clicked on element Mark As Current State Button
[2025-11-18T11:37:43.340Z] [INFO] Stage "Underwriting" has been successfully marked as current.
[2025-11-18T11:37:48.435Z] [INFO] Element became visible during scroll.
[2025-11-18T11:37:48.437Z] [INFO] Clicking on element New Policy dropdown
[2025-11-18T11:37:48.865Z] [DEBUG] Clicked on element New Policy dropdown
[2025-11-18T11:37:48.868Z] [INFO] Clicking on element New Policy Button
[2025-11-18T11:37:49.895Z] [DEBUG] Clicked on element New Policy Button
[2025-11-18T11:37:54.339Z] [INFO] Sending text 'Poljfidv' to Policy Number
[2025-11-18T11:37:54.821Z] [DEBUG] Sent text 'Poljfidv' to Policy Number
[2025-11-18T11:37:54.824Z] [INFO] Sending text '11/18/2025' to Policy Effective Date
[2025-11-18T11:37:55.213Z] [DEBUG] Sent text '11/18/2025' to Policy Effective Date
[2025-11-18T11:37:55.216Z] [INFO] Sending text '11/18/2032' to Policy Effective Date
[2025-11-18T11:37:55.572Z] [DEBUG] Sent text '11/18/2032' to Policy Effective Date
[2025-11-18T11:37:56.790Z] [INFO] Sending text 'Desgesi' to Policy Description
[2025-11-18T11:37:57.640Z] [DEBUG] Sent text 'Desgesi' to Policy Description
[2025-11-18T11:37:58.023Z] [INFO] Selecting value from 'BillToContact' Dropdown
[2025-11-18T11:37:58.151Z] [INFO] Selecting dropdown value by index: 1
[2025-11-18T11:37:58.571Z] [INFO] ✅ Successfully selected "1" from 'BillToContact' Dropdown
[2025-11-18T11:37:58.913Z] [INFO] Selecting value from 'BillToLocation' Dropdown
[2025-11-18T11:37:59.017Z] [INFO] Selecting dropdown value by index: 1
[2025-11-18T11:37:59.412Z] [INFO] ✅ Successfully selected "1" from 'BillToLocation' Dropdown
[2025-11-18T11:37:59.414Z] [INFO] Clicking on element Edit Save Button
[2025-11-18T11:38:00.121Z] [DEBUG] Clicked on element Edit Save Button
[2025-11-18T11:38:00.406Z] [INFO] Scrolling attempt 1
[2025-11-18T11:38:01.227Z] [INFO] Scrolling attempt 2
[2025-11-18T11:38:02.146Z] [INFO] Scrolling attempt 3
[2025-11-18T11:38:02.978Z] [INFO] Scrolling attempt 4
[2025-11-18T11:38:03.840Z] [INFO] Element became visible during scroll.
[2025-11-18T11:38:03.843Z] [INFO] Clicking on element add coverage button
[2025-11-18T11:38:04.408Z] [DEBUG] Clicked on element add coverage button
[2025-11-18T11:38:04.411Z] [INFO] Clicking on element Coverage ID Dropdown
[2025-11-18T11:38:05.009Z] [DEBUG] Clicked on element Coverage ID Dropdown
[2025-11-18T11:38:05.012Z] [INFO] Clicking on element Coverage ID Option
[2025-11-18T11:38:06.260Z] [DEBUG] Clicked on element Coverage ID Option
[2025-11-18T11:38:06.374Z] [INFO] Clicking on element Save For Later Button
[2025-11-18T11:38:07.312Z] [DEBUG] Clicked on element Save For Later Button
[2025-11-18T11:38:07.319Z] [INFO] Waiting for NX sync spinner to disappear...
[2025-11-18T11:38:07.660Z] [INFO] NX policy sync completed successfully.
[2025-11-18T11:38:17.811Z] [INFO] 🔍 Verifying Policy Page for Policy Number: Poljfidv
[2025-11-18T11:38:49.608Z] [INFO] Sending text 'nuguri.charitha@us.lockton.com.uat' to username Input Value
[2025-11-18T11:38:50.068Z] [DEBUG] Sent text 'nuguri.charitha@us.lockton.com.uat' to username Input Value
[2025-11-18T11:38:50.072Z] [INFO] Sending text 'Charitha@48' to password Input Value
[2025-11-18T11:38:50.138Z] [DEBUG] Sent text 'Charitha@48' to password Input Value
[2025-11-18T11:38:50.147Z] [INFO] Clicking on element login Button
[2025-11-18T11:38:52.076Z] [DEBUG] Clicked on element login Button
[2025-11-18T11:38:57.370Z] [INFO] Clicking on element setUp Icon
[2025-11-18T11:38:57.595Z] [DEBUG] Clicked on element setUp Icon
[2025-11-18T11:39:02.177Z] [INFO] Clicking on element user Search Result
[2025-11-18T11:39:03.157Z] [DEBUG] Clicked on element user Search Result
[2025-11-18T11:39:32.816Z] [INFO] Clicking on element show Navigation Menu
[2025-11-18T11:39:33.120Z] [DEBUG] Clicked on element show Navigation Menu
[2025-11-18T11:39:33.158Z] [INFO] Clicking on element accounts Menu Item
[2025-11-18T11:39:33.421Z] [DEBUG] Clicked on element accounts Menu Item
[2025-11-18T11:39:34.818Z] [INFO] Clicking on element list View Element
[2025-11-18T11:39:35.054Z] [DEBUG] Clicked on element list View Element
[2025-11-18T11:39:35.089Z] [INFO] Sending text 'All Clients' to searchBox ListViewInput
[2025-11-18T11:39:35.233Z] [DEBUG] Sent text 'All Clients' to searchBox ListViewInput
[2025-11-18T11:39:35.277Z] [INFO] Clicking on element all Clients In List View
[2025-11-18T11:39:35.515Z] [DEBUG] Clicked on element all Clients In List View
[2025-11-18T11:39:35.564Z] [INFO] Clicking on element global Search Button
[2025-11-18T11:39:35.871Z] [DEBUG] Clicked on element global Search Button
[2025-11-18T11:39:35.934Z] [INFO] Sending text '1031 Exchange Corporation' to global Search Input
[2025-11-18T11:39:36.575Z] [DEBUG] Sent text '1031 Exchange Corporation' to global Search Input
[2025-11-18T11:39:37.500Z] [INFO] Clicking on element global Search Result
[2025-11-18T11:39:37.758Z] [DEBUG] Clicked on element global Search Result
[2025-11-18T11:39:37.762Z] [INFO] AccountPage: Validating account record type: Client
[2025-11-18T11:39:41.764Z] [INFO] AccountPage: Account record type 'Client' is visible.
[2025-11-18T11:39:41.768Z] [INFO] Clicking on element new Opportunity Button
[2025-11-18T11:39:44.444Z] [DEBUG] Clicked on element new Opportunity Button
[2025-11-18T11:39:44.446Z] [INFO] Clicking on element intial Intake Button
[2025-11-18T11:39:45.525Z] [DEBUG] Clicked on element intial Intake Button
[2025-11-18T11:39:45.528Z] [INFO] Clicking on element opportunity Next Button
[2025-11-18T11:39:45.902Z] [DEBUG] Clicked on element opportunity Next Button
[2025-11-18T11:39:47.404Z] [INFO] Sending text 'auto blmui' to opportunity Name
[2025-11-18T11:39:47.666Z] [DEBUG] Sent text 'auto blmui' to opportunity Name
[2025-11-18T11:39:47.721Z] [INFO] Clicking on element stage DropDown
[2025-11-18T11:39:48.053Z] [DEBUG] Clicked on element stage DropDown
[2025-11-18T11:39:48.100Z] [INFO] Clicking on element stage Value
[2025-11-18T11:39:48.385Z] [DEBUG] Clicked on element stage Value
[2025-11-18T11:39:48.859Z] [INFO] Clicking on element insurance DropDown
[2025-11-18T11:39:49.194Z] [DEBUG] Clicked on element insurance DropDown
[2025-11-18T11:39:49.310Z] [INFO] Clicking on element Insurance Type Option
[2025-11-18T11:39:49.575Z] [DEBUG] Clicked on element Insurance Type Option
[2025-11-18T11:39:49.577Z] [INFO] Clicking on element insurance Sub Type Drop Down
[2025-11-18T11:39:49.870Z] [DEBUG] Clicked on element insurance Sub Type Drop Down
[2025-11-18T11:39:49.874Z] [INFO] Clicking on element insurance Type field
[2025-11-18T11:39:50.166Z] [DEBUG] Clicked on element insurance Type field
[2025-11-18T11:39:52.218Z] [INFO] Clicking on element save Button
[2025-11-18T11:39:52.600Z] [DEBUG] Clicked on element save Button
[2025-11-18T11:39:52.606Z] [INFO] Clicking on element Actions dropdown
[2025-11-18T11:39:57.004Z] [DEBUG] Clicked on element Actions dropdown
[2025-11-18T11:39:57.009Z] [INFO] Clicking on element Coverage builder option
[2025-11-18T11:39:57.479Z] [DEBUG] Clicked on element Coverage builder option
[2025-11-18T11:40:07.610Z] [INFO] Coverage not visible — need to add new coverage.
[2025-11-18T11:40:07.614Z] [INFO] No coverage found — creating new coverage now...
[2025-11-18T11:40:07.712Z] [INFO] CoveragePage: Coverage Builder page is displayed.
[2025-11-18T11:40:07.716Z] [INFO] Clicking on element New Coverage Button
[2025-11-18T11:40:08.021Z] [DEBUG] Clicked on element New Coverage Button
[2025-11-18T11:40:08.024Z] [INFO] Clicking on element Standalone Coverage Type
[2025-11-18T11:40:09.174Z] [DEBUG] Clicked on element Standalone Coverage Type
[2025-11-18T11:40:09.176Z] [INFO] Clicking on element Front Row Button
[2025-11-18T11:40:09.483Z] [DEBUG] Clicked on element Front Row Button
[2025-11-18T11:40:09.577Z] [INFO] Clicking on element Confirm Button
[2025-11-18T11:40:09.856Z] [DEBUG] Clicked on element Confirm Button
[2025-11-18T11:40:10.801Z] [INFO] Clicking on element Coverage Close Button
[2025-11-18T11:40:11.134Z] [DEBUG] Clicked on element Coverage Close Button
[2025-11-18T11:40:11.138Z] [INFO] New Coverages added and closed the coverage window.
[2025-11-18T11:40:11.145Z] [INFO] Clicking on element show More Actions DropDown
[2025-11-18T11:40:11.925Z] [DEBUG] Clicked on element show More Actions DropDown
[2025-11-18T11:40:11.932Z] [INFO] Clicking on element manage Opportunity Assignment Option
[2025-11-18T11:40:12.362Z] [DEBUG] Clicked on element manage Opportunity Assignment Option
[2025-11-18T11:40:13.619Z] [INFO] Sending text '100' to Producer Allocation Textbox
[2025-11-18T11:40:14.243Z] [DEBUG] Sent text '100' to Producer Allocation Textbox
[2025-11-18T11:40:14.253Z] [INFO] Clicking on element SaveAndClose Button
[2025-11-18T11:40:14.738Z] [DEBUG] Clicked on element SaveAndClose Button
[2025-11-18T11:40:14.818Z] [INFO] Stage "Underwriting" is not current. Updating stage...
[2025-11-18T11:40:14.828Z] [INFO] Clicking on element Stage
[2025-11-18T11:40:16.952Z] [DEBUG] Clicked on element Stage
[2025-11-18T11:40:16.956Z] [INFO] Clicking on element Mark As Current State Button
[2025-11-18T11:40:17.498Z] [DEBUG] Clicked on element Mark As Current State Button
[2025-11-18T11:40:17.558Z] [INFO] Stage "Underwriting" has been successfully marked as current.
[2025-11-18T11:40:22.657Z] [INFO] Element became visible during scroll.
[2025-11-18T11:40:22.660Z] [INFO] Clicking on element New Policy dropdown
[2025-11-18T11:40:23.113Z] [DEBUG] Clicked on element New Policy dropdown
[2025-11-18T11:40:23.116Z] [INFO] Clicking on element New Policy Button
[2025-11-18T11:40:24.301Z] [DEBUG] Clicked on element New Policy Button
[2025-11-18T11:40:28.708Z] [INFO] Sending text 'Polzlrnb' to Policy Number
[2025-11-18T11:40:28.995Z] [DEBUG] Sent text 'Polzlrnb' to Policy Number
[2025-11-18T11:40:29.000Z] [INFO] Sending text '11/18/2025' to Policy Effective Date
[2025-11-18T11:40:29.282Z] [DEBUG] Sent text '11/18/2025' to Policy Effective Date
[2025-11-18T11:40:29.287Z] [INFO] Sending text '11/18/2032' to Policy Effective Date
[2025-11-18T11:40:29.539Z] [DEBUG] Sent text '11/18/2032' to Policy Effective Date
[2025-11-18T11:40:30.903Z] [INFO] Sending text 'Deshgsf' to Policy Description
[2025-11-18T11:40:31.477Z] [DEBUG] Sent text 'Deshgsf' to Policy Description
[2025-11-18T11:40:31.843Z] [INFO] Selecting value from 'BillToContact' Dropdown
[2025-11-18T11:40:31.935Z] [INFO] Selecting dropdown value by index: 1
[2025-11-18T11:40:32.231Z] [INFO] ✅ Successfully selected "1" from 'BillToContact' Dropdown
[2025-11-18T11:40:32.433Z] [INFO] Selecting value from 'BillToLocation' Dropdown
[2025-11-18T11:40:32.509Z] [INFO] Selecting dropdown value by index: 1
[2025-11-18T11:40:32.787Z] [INFO] ✅ Successfully selected "1" from 'BillToLocation' Dropdown
[2025-11-18T11:40:32.791Z] [INFO] Clicking on element Edit Save Button
[2025-11-18T11:40:33.255Z] [DEBUG] Clicked on element Edit Save Button
[2025-11-18T11:40:33.448Z] [INFO] Scrolling attempt 1
[2025-11-18T11:40:34.238Z] [INFO] Scrolling attempt 2
[2025-11-18T11:40:35.061Z] [INFO] Scrolling attempt 3
[2025-11-18T11:40:35.838Z] [INFO] Scrolling attempt 4
[2025-11-18T11:40:36.599Z] [INFO] Element became visible during scroll.
[2025-11-18T11:40:36.602Z] [INFO] Clicking on element add coverage button
[2025-11-18T11:40:37.347Z] [DEBUG] Clicked on element add coverage button
[2025-11-18T11:40:37.356Z] [INFO] Clicking on element Coverage ID Dropdown
[2025-11-18T11:40:37.886Z] [DEBUG] Clicked on element Coverage ID Dropdown
[2025-11-18T11:40:37.890Z] [INFO] Clicking on element Coverage ID Option
[2025-11-18T11:40:39.072Z] [DEBUG] Clicked on element Coverage ID Option
[2025-11-18T11:40:39.148Z] [INFO] Clicking on element Save For Later Button
[2025-11-18T11:40:39.694Z] [DEBUG] Clicked on element Save For Later Button
[2025-11-18T11:40:39.708Z] [INFO] Waiting for NX sync spinner to disappear...
[2025-11-18T11:40:39.888Z] [INFO] NX policy sync completed successfully.
[2025-11-18T11:40:49.987Z] [INFO] 🔍 Verifying Policy Page for Policy Number: Polzlrnb
[2025-11-18T11:41:23.261Z] [INFO] Sending text 'nuguri.charitha@us.lockton.com.uat' to username Input Value
[2025-11-18T11:41:23.611Z] [DEBUG] Sent text 'nuguri.charitha@us.lockton.com.uat' to username Input Value
[2025-11-18T11:41:23.620Z] [INFO] Sending text 'Charitha@48' to password Input Value
[2025-11-18T11:41:23.726Z] [DEBUG] Sent text 'Charitha@48' to password Input Value
[2025-11-18T11:41:23.729Z] [INFO] Clicking on element login Button
[2025-11-18T11:41:25.897Z] [DEBUG] Clicked on element login Button
[2025-11-18T11:41:30.707Z] [INFO] Clicking on element setUp Icon
[2025-11-18T11:41:30.938Z] [DEBUG] Clicked on element setUp Icon
[2025-11-18T11:41:36.358Z] [INFO] Clicking on element user Search Result
[2025-11-18T11:41:36.874Z] [DEBUG] Clicked on element user Search Result
[2025-11-18T11:42:08.242Z] [INFO] Sending text 'nuguri.charitha@us.lockton.com.uat' to username Input Value
[2025-11-18T11:42:09.191Z] [DEBUG] Sent text 'nuguri.charitha@us.lockton.com.uat' to username Input Value
[2025-11-18T11:42:09.194Z] [INFO] Sending text 'Charitha@48' to password Input Value
[2025-11-18T11:42:09.317Z] [DEBUG] Sent text 'Charitha@48' to password Input Value
[2025-11-18T11:42:09.319Z] [INFO] Clicking on element login Button
[2025-11-18T11:42:11.669Z] [DEBUG] Clicked on element login Button
[2025-11-18T11:42:16.569Z] [INFO] Clicking on element setUp Icon
[2025-11-18T11:42:16.724Z] [DEBUG] Clicked on element setUp Icon
[2025-11-18T11:42:22.260Z] [INFO] Clicking on element user Search Result
[2025-11-18T11:42:23.193Z] [DEBUG] Clicked on element user Search Result
[2025-11-18T11:42:40.798Z] [INFO] Clicking on element show Navigation Menu
[2025-11-18T11:42:41.082Z] [DEBUG] Clicked on element show Navigation Menu
[2025-11-18T11:42:41.144Z] [INFO] Clicking on element accounts Menu Item
[2025-11-18T11:42:41.408Z] [DEBUG] Clicked on element accounts Menu Item
[2025-11-18T11:42:43.300Z] [INFO] Clicking on element list View Element
[2025-11-18T11:42:43.551Z] [DEBUG] Clicked on element list View Element
[2025-11-18T11:42:43.587Z] [INFO] Sending text 'All Clients' to searchBox ListViewInput
[2025-11-18T11:42:43.745Z] [DEBUG] Sent text 'All Clients' to searchBox ListViewInput
[2025-11-18T11:42:43.785Z] [INFO] Clicking on element all Clients In List View
[2025-11-18T11:42:44.064Z] [DEBUG] Clicked on element all Clients In List View
[2025-11-18T11:42:44.101Z] [INFO] Clicking on element global Search Button
[2025-11-18T11:42:44.411Z] [DEBUG] Clicked on element global Search Button
[2025-11-18T11:42:44.456Z] [INFO] Sending text '1031 Exchange Corporation' to global Search Input
[2025-11-18T11:42:45.019Z] [DEBUG] Sent text '1031 Exchange Corporation' to global Search Input
[2025-11-18T11:42:45.968Z] [INFO] Clicking on element global Search Result
[2025-11-18T11:42:46.175Z] [DEBUG] Clicked on element global Search Result
[2025-11-18T11:42:46.178Z] [INFO] AccountPage: Validating account record type: Client
[2025-11-18T11:42:48.767Z] [INFO] AccountPage: Account record type 'Client' is visible.
[2025-11-18T11:42:48.771Z] [INFO] Clicking on element new Opportunity Button
[2025-11-18T11:42:51.936Z] [DEBUG] Clicked on element new Opportunity Button
[2025-11-18T11:42:51.940Z] [INFO] Clicking on element intial Intake Button
[2025-11-18T11:42:53.005Z] [DEBUG] Clicked on element intial Intake Button
[2025-11-18T11:42:53.007Z] [INFO] Clicking on element opportunity Next Button
[2025-11-18T11:42:53.349Z] [DEBUG] Clicked on element opportunity Next Button
[2025-11-18T11:42:54.961Z] [INFO] Sending text 'auto itokm' to opportunity Name
[2025-11-18T11:42:55.196Z] [DEBUG] Sent text 'auto itokm' to opportunity Name
[2025-11-18T11:42:55.236Z] [INFO] Clicking on element stage DropDown
[2025-11-18T11:42:55.522Z] [DEBUG] Clicked on element stage DropDown
[2025-11-18T11:42:55.559Z] [INFO] Clicking on element stage Value
[2025-11-18T11:42:55.935Z] [DEBUG] Clicked on element stage Value
[2025-11-18T11:42:56.531Z] [INFO] Clicking on element insurance DropDown
[2025-11-18T11:42:56.870Z] [DEBUG] Clicked on element insurance DropDown
[2025-11-18T11:42:56.984Z] [INFO] Clicking on element Insurance Type Option
[2025-11-18T11:42:57.240Z] [DEBUG] Clicked on element Insurance Type Option
[2025-11-18T11:42:57.243Z] [INFO] Clicking on element insurance Sub Type Drop Down
[2025-11-18T11:42:57.507Z] [DEBUG] Clicked on element insurance Sub Type Drop Down
[2025-11-18T11:42:57.510Z] [INFO] Clicking on element insurance Type field
[2025-11-18T11:42:57.769Z] [DEBUG] Clicked on element insurance Type field
[2025-11-18T11:42:59.837Z] [INFO] Clicking on element save Button
[2025-11-18T11:43:00.207Z] [DEBUG] Clicked on element save Button
[2025-11-18T11:43:00.214Z] [INFO] Clicking on element Actions dropdown
[2025-11-18T11:43:05.304Z] [DEBUG] Clicked on element Actions dropdown
[2025-11-18T11:43:05.308Z] [INFO] Clicking on element Coverage builder option
[2025-11-18T11:43:06.190Z] [DEBUG] Clicked on element Coverage builder option
[2025-11-18T11:43:16.426Z] [INFO] Coverage not visible — need to add new coverage.
[2025-11-18T11:43:16.429Z] [INFO] No coverage found — creating new coverage now...
[2025-11-18T11:43:16.483Z] [INFO] CoveragePage: Coverage Builder page is displayed.
[2025-11-18T11:43:16.487Z] [INFO] Clicking on element New Coverage Button
[2025-11-18T11:43:16.814Z] [DEBUG] Clicked on element New Coverage Button
[2025-11-18T11:43:16.818Z] [INFO] Clicking on element Standalone Coverage Type
[2025-11-18T11:43:17.934Z] [DEBUG] Clicked on element Standalone Coverage Type
[2025-11-18T11:43:17.937Z] [INFO] Clicking on element Front Row Button
[2025-11-18T11:43:18.241Z] [DEBUG] Clicked on element Front Row Button
[2025-11-18T11:43:18.335Z] [INFO] Clicking on element Confirm Button
[2025-11-18T11:43:18.651Z] [DEBUG] Clicked on element Confirm Button
[2025-11-18T11:43:19.574Z] [INFO] Clicking on element Coverage Close Button
[2025-11-18T11:43:19.944Z] [DEBUG] Clicked on element Coverage Close Button
[2025-11-18T11:43:19.957Z] [INFO] New Coverages added and closed the coverage window.
[2025-11-18T11:43:19.973Z] [INFO] Clicking on element show More Actions DropDown
[2025-11-18T11:43:20.639Z] [DEBUG] Clicked on element show More Actions DropDown
[2025-11-18T11:43:20.645Z] [INFO] Clicking on element manage Opportunity Assignment Option
[2025-11-18T11:43:21.117Z] [DEBUG] Clicked on element manage Opportunity Assignment Option
[2025-11-18T11:43:22.962Z] [INFO] Sending text '100' to Producer Allocation Textbox
[2025-11-18T11:43:23.435Z] [DEBUG] Sent text '100' to Producer Allocation Textbox
[2025-11-18T11:43:23.439Z] [INFO] Clicking on element SaveAndClose Button
[2025-11-18T11:43:23.845Z] [DEBUG] Clicked on element SaveAndClose Button
[2025-11-18T11:43:23.930Z] [INFO] Stage "Underwriting" is not current. Updating stage...
[2025-11-18T11:43:23.933Z] [INFO] Clicking on element Stage
[2025-11-18T11:43:25.686Z] [DEBUG] Clicked on element Stage
[2025-11-18T11:43:25.689Z] [INFO] Clicking on element Mark As Current State Button
[2025-11-18T11:43:26.302Z] [DEBUG] Clicked on element Mark As Current State Button
[2025-11-18T11:43:26.402Z] [INFO] Stage "Underwriting" has been successfully marked as current.
[2025-11-18T11:43:31.494Z] [INFO] Element became visible during scroll.
[2025-11-18T11:43:31.499Z] [INFO] Clicking on element New Policy dropdown
[2025-11-18T11:43:31.782Z] [DEBUG] Clicked on element New Policy dropdown
[2025-11-18T11:43:31.785Z] [INFO] Clicking on element New Policy Button
[2025-11-18T11:43:32.479Z] [DEBUG] Clicked on element New Policy Button
[2025-11-18T11:43:37.020Z] [INFO] Sending text 'Polyjerh' to Policy Number
[2025-11-18T11:43:37.293Z] [DEBUG] Sent text 'Polyjerh' to Policy Number
[2025-11-18T11:43:37.298Z] [INFO] Sending text '11/18/2025' to Policy Effective Date
[2025-11-18T11:43:37.643Z] [DEBUG] Sent text '11/18/2025' to Policy Effective Date
[2025-11-18T11:43:37.650Z] [INFO] Sending text '11/18/2032' to Policy Effective Date
[2025-11-18T11:43:37.913Z] [DEBUG] Sent text '11/18/2032' to Policy Effective Date
[2025-11-18T11:43:39.829Z] [INFO] Sending text 'Desuypv' to Policy Description
[2025-11-18T11:43:40.330Z] [DEBUG] Sent text 'Desuypv' to Policy Description
[2025-11-18T11:43:40.626Z] [INFO] Selecting value from 'BillToContact' Dropdown
[2025-11-18T11:43:40.703Z] [INFO] Selecting dropdown value by index: 1
[2025-11-18T11:43:40.932Z] [INFO] ✅ Successfully selected "1" from 'BillToContact' Dropdown
[2025-11-18T11:43:41.130Z] [INFO] Selecting value from 'BillToLocation' Dropdown
[2025-11-18T11:43:41.199Z] [INFO] Selecting dropdown value by index: 1
[2025-11-18T11:43:41.429Z] [INFO] ✅ Successfully selected "1" from 'BillToLocation' Dropdown
[2025-11-18T11:43:41.434Z] [INFO] Clicking on element Edit Save Button
[2025-11-18T11:43:41.840Z] [DEBUG] Clicked on element Edit Save Button
[2025-11-18T11:43:42.036Z] [INFO] Scrolling attempt 1
[2025-11-18T11:43:42.740Z] [INFO] Scrolling attempt 2
[2025-11-18T11:43:43.469Z] [INFO] Scrolling attempt 3
[2025-11-18T11:43:44.233Z] [INFO] Scrolling attempt 4
[2025-11-18T11:43:44.928Z] [INFO] Element became visible during scroll.
[2025-11-18T11:43:44.930Z] [INFO] Clicking on element add coverage button
[2025-11-18T11:43:45.495Z] [DEBUG] Clicked on element add coverage button
[2025-11-18T11:43:45.500Z] [INFO] Clicking on element Coverage ID Dropdown
[2025-11-18T11:43:46.077Z] [DEBUG] Clicked on element Coverage ID Dropdown
[2025-11-18T11:43:46.080Z] [INFO] Clicking on element Coverage ID Option
[2025-11-18T11:43:47.284Z] [DEBUG] Clicked on element Coverage ID Option
[2025-11-18T11:43:47.361Z] [INFO] Clicking on element Save For Later Button
[2025-11-18T11:43:47.960Z] [DEBUG] Clicked on element Save For Later Button
[2025-11-18T11:43:47.965Z] [INFO] Waiting for NX sync spinner to disappear...
[2025-11-18T11:43:48.170Z] [INFO] NX policy sync completed successfully.
[2025-11-18T11:43:58.250Z] [INFO] 🔍 Verifying Policy Page for Policy Number: Polyjerh
[2025-11-18T11:44:36.552Z] [INFO] Sending text 'nuguri.charitha@us.lockton.com.uat' to username Input Value
[2025-11-18T11:44:37.591Z] [DEBUG] Sent text 'nuguri.charitha@us.lockton.com.uat' to username Input Value
[2025-11-18T11:44:37.596Z] [INFO] Sending text 'Charitha@48' to password Input Value
[2025-11-18T11:44:37.752Z] [DEBUG] Sent text 'Charitha@48' to password Input Value
[2025-11-18T11:44:37.766Z] [INFO] Clicking on element login Button
[2025-11-18T11:44:39.836Z] [DEBUG] Clicked on element login Button
[2025-11-18T11:44:45.306Z] [INFO] Clicking on element setUp Icon
[2025-11-18T11:44:45.594Z] [DEBUG] Clicked on element setUp Icon
[2025-11-18T11:44:52.654Z] [INFO] Clicking on element user Search Result
[2025-11-18T11:44:55.800Z] [DEBUG] Clicked on element user Search Result
[2025-11-18T11:45:15.548Z] [INFO] Clicking on element show Navigation Menu
[2025-11-18T11:45:16.473Z] [DEBUG] Clicked on element show Navigation Menu
[2025-11-18T11:45:16.595Z] [INFO] Clicking on element accounts Menu Item
[2025-11-18T11:45:17.226Z] [DEBUG] Clicked on element accounts Menu Item
[2025-11-18T11:45:18.702Z] [INFO] Clicking on element list View Element
[2025-11-18T11:45:19.249Z] [DEBUG] Clicked on element list View Element
[2025-11-18T11:45:19.313Z] [INFO] Sending text 'All Clients' to searchBox ListViewInput
[2025-11-18T11:45:19.878Z] [DEBUG] Sent text 'All Clients' to searchBox ListViewInput
[2025-11-18T11:45:19.972Z] [INFO] Clicking on element all Clients In List View
[2025-11-18T11:45:20.699Z] [DEBUG] Clicked on element all Clients In List View
[2025-11-18T11:45:20.814Z] [INFO] Clicking on element global Search Button
[2025-11-18T11:45:22.566Z] [DEBUG] Clicked on element global Search Button
[2025-11-18T11:45:22.734Z] [INFO] Sending text '1031 Exchange Corporation' to global Search Input
[2025-11-18T11:45:23.384Z] [DEBUG] Sent text '1031 Exchange Corporation' to global Search Input
[2025-11-18T11:45:24.537Z] [INFO] Clicking on element global Search Result
[2025-11-18T11:45:25.203Z] [DEBUG] Clicked on element global Search Result
[2025-11-18T11:45:25.207Z] [INFO] AccountPage: Validating account record type: Client
[2025-11-18T11:45:28.283Z] [INFO] AccountPage: Account record type 'Client' is visible.
[2025-11-18T11:45:28.288Z] [INFO] Clicking on element new Opportunity Button
[2025-11-18T11:45:30.836Z] [DEBUG] Clicked on element new Opportunity Button
[2025-11-18T11:45:30.840Z] [INFO] Clicking on element intial Intake Button
[2025-11-18T11:45:31.980Z] [DEBUG] Clicked on element intial Intake Button
[2025-11-18T11:45:31.983Z] [INFO] Clicking on element opportunity Next Button
[2025-11-18T11:45:32.365Z] [DEBUG] Clicked on element opportunity Next Button
[2025-11-18T11:45:34.010Z] [INFO] Sending text 'auto orxgq' to opportunity Name
[2025-11-18T11:45:34.238Z] [DEBUG] Sent text 'auto orxgq' to opportunity Name
[2025-11-18T11:45:34.294Z] [INFO] Clicking on element stage DropDown
[2025-11-18T11:45:34.626Z] [DEBUG] Clicked on element stage DropDown
[2025-11-18T11:45:34.682Z] [INFO] Clicking on element stage Value
[2025-11-18T11:45:34.984Z] [DEBUG] Clicked on element stage Value
[2025-11-18T11:45:35.472Z] [INFO] Clicking on element insurance DropDown
[2025-11-18T11:45:35.793Z] [DEBUG] Clicked on element insurance DropDown
[2025-11-18T11:45:35.906Z] [INFO] Clicking on element Insurance Type Option
[2025-11-18T11:45:36.195Z] [DEBUG] Clicked on element Insurance Type Option
[2025-11-18T11:45:36.198Z] [INFO] Clicking on element insurance Sub Type Drop Down
[2025-11-18T11:45:36.483Z] [DEBUG] Clicked on element insurance Sub Type Drop Down
[2025-11-18T11:45:36.486Z] [INFO] Clicking on element insurance Type field
[2025-11-18T11:45:36.798Z] [DEBUG] Clicked on element insurance Type field
[2025-11-18T11:45:38.869Z] [INFO] Clicking on element save Button
[2025-11-18T11:45:39.314Z] [DEBUG] Clicked on element save Button
[2025-11-18T11:45:39.328Z] [INFO] Clicking on element Actions dropdown
[2025-11-18T11:45:44.405Z] [DEBUG] Clicked on element Actions dropdown
[2025-11-18T11:45:44.411Z] [INFO] Clicking on element Coverage builder option
[2025-11-18T11:45:46.186Z] [DEBUG] Clicked on element Coverage builder option
[2025-11-18T11:45:56.670Z] [INFO] Coverage not visible — need to add new coverage.
[2025-11-18T11:45:56.672Z] [INFO] No coverage found — creating new coverage now...
[2025-11-18T11:45:56.769Z] [INFO] CoveragePage: Coverage Builder page is displayed.
[2025-11-18T11:45:56.771Z] [INFO] Clicking on element New Coverage Button
[2025-11-18T11:45:57.205Z] [DEBUG] Clicked on element New Coverage Button
[2025-11-18T11:45:57.207Z] [INFO] Clicking on element Standalone Coverage Type
[2025-11-18T11:45:58.620Z] [DEBUG] Clicked on element Standalone Coverage Type
[2025-11-18T11:45:58.621Z] [INFO] Clicking on element Front Row Button
[2025-11-18T11:45:59.298Z] [DEBUG] Clicked on element Front Row Button
[2025-11-18T11:45:59.423Z] [INFO] Clicking on element Confirm Button
[2025-11-18T11:45:59.914Z] [DEBUG] Clicked on element Confirm Button
[2025-11-18T11:46:00.921Z] [INFO] Clicking on element Coverage Close Button
[2025-11-18T11:46:01.551Z] [DEBUG] Clicked on element Coverage Close Button
[2025-11-18T11:46:01.557Z] [INFO] New Coverages added and closed the coverage window.
[2025-11-18T11:46:01.577Z] [INFO] Clicking on element show More Actions DropDown
[2025-11-18T11:46:02.623Z] [DEBUG] Clicked on element show More Actions DropDown
[2025-11-18T11:46:02.624Z] [INFO] Clicking on element manage Opportunity Assignment Option
[2025-11-18T11:46:03.432Z] [DEBUG] Clicked on element manage Opportunity Assignment Option
[2025-11-18T11:46:05.884Z] [INFO] Sending text '100' to Producer Allocation Textbox
[2025-11-18T11:46:06.203Z] [DEBUG] Sent text '100' to Producer Allocation Textbox
[2025-11-18T11:46:06.205Z] [INFO] Clicking on element SaveAndClose Button
[2025-11-18T11:46:06.795Z] [DEBUG] Clicked on element SaveAndClose Button
[2025-11-18T11:46:06.899Z] [INFO] Stage "Underwriting" is not current. Updating stage...
[2025-11-18T11:46:06.901Z] [INFO] Clicking on element Stage
[2025-11-18T11:46:08.779Z] [DEBUG] Clicked on element Stage
[2025-11-18T11:46:08.780Z] [INFO] Clicking on element Mark As Current State Button
[2025-11-18T11:46:09.389Z] [DEBUG] Clicked on element Mark As Current State Button
[2025-11-18T11:46:09.469Z] [INFO] Stage "Underwriting" has been successfully marked as current.
[2025-11-18T11:46:14.588Z] [INFO] Element became visible during scroll.
[2025-11-18T11:46:14.589Z] [INFO] Clicking on element New Policy dropdown
[2025-11-18T11:46:15.021Z] [DEBUG] Clicked on element New Policy dropdown
[2025-11-18T11:46:15.023Z] [INFO] Clicking on element New Policy Button
[2025-11-18T11:46:16.306Z] [DEBUG] Clicked on element New Policy Button
[2025-11-18T11:46:20.645Z] [INFO] Sending text 'Polttsee' to Policy Number
[2025-11-18T11:46:21.293Z] [DEBUG] Sent text 'Polttsee' to Policy Number
[2025-11-18T11:46:21.296Z] [INFO] Sending text '11/18/2025' to Policy Effective Date
[2025-11-18T11:46:21.815Z] [DEBUG] Sent text '11/18/2025' to Policy Effective Date
[2025-11-18T11:46:21.818Z] [INFO] Sending text '11/18/2032' to Policy Effective Date
[2025-11-18T11:46:22.983Z] [DEBUG] Sent text '11/18/2032' to Policy Effective Date
[2025-11-18T11:46:23.915Z] [INFO] Sending text 'Desoipw' to Policy Description
[2025-11-18T11:46:24.839Z] [DEBUG] Sent text 'Desoipw' to Policy Description
[2025-11-18T11:46:25.194Z] [INFO] Selecting value from 'BillToContact' Dropdown
[2025-11-18T11:46:25.313Z] [INFO] Selecting dropdown value by index: 1
[2025-11-18T11:46:25.939Z] [INFO] ✅ Successfully selected "1" from 'BillToContact' Dropdown
[2025-11-18T11:46:26.384Z] [INFO] Selecting value from 'BillToLocation' Dropdown
[2025-11-18T11:46:26.612Z] [INFO] Selecting dropdown value by index: 1
[2025-11-18T11:46:27.049Z] [INFO] ✅ Successfully selected "1" from 'BillToLocation' Dropdown
[2025-11-18T11:46:27.052Z] [INFO] Clicking on element Edit Save Button
[2025-11-18T11:46:27.852Z] [DEBUG] Clicked on element Edit Save Button
[2025-11-18T11:46:28.223Z] [INFO] Scrolling attempt 1
[2025-11-18T11:46:29.434Z] [INFO] Scrolling attempt 2
[2025-11-18T11:46:30.492Z] [INFO] Element became visible during scroll.
[2025-11-18T11:46:30.494Z] [INFO] Clicking on element add coverage button
[2025-11-18T11:46:31.817Z] [DEBUG] Clicked on element add coverage button
[2025-11-18T11:46:31.820Z] [INFO] Clicking on element Coverage ID Dropdown
[2025-11-18T11:46:34.250Z] [DEBUG] Clicked on element Coverage ID Dropdown
[2025-11-18T11:46:34.251Z] [INFO] Clicking on element Coverage ID Option
[2025-11-18T11:46:35.277Z] [DEBUG] Clicked on element Coverage ID Option
[2025-11-18T11:46:35.469Z] [INFO] Clicking on element Save For Later Button
[2025-11-18T11:46:36.603Z] [DEBUG] Clicked on element Save For Later Button
[2025-11-18T11:46:36.605Z] [INFO] Waiting for NX sync spinner to disappear...
[2025-11-18T11:46:37.024Z] [INFO] NX policy sync completed successfully.
[2025-11-18T11:46:47.256Z] [INFO] 🔍 Verifying Policy Page for Policy Number: Polttsee
[2025-11-18T11:47:23.004Z] [INFO] Sending text 'nuguri.charitha@us.lockton.com.uat' to username Input Value
[2025-11-18T11:47:23.356Z] [DEBUG] Sent text 'nuguri.charitha@us.lockton.com.uat' to username Input Value
[2025-11-18T11:47:23.361Z] [INFO] Sending text 'Charitha@48' to password Input Value
[2025-11-18T11:47:23.478Z] [DEBUG] Sent text 'Charitha@48' to password Input Value
[2025-11-18T11:47:23.480Z] [INFO] Clicking on element login Button
[2025-11-18T11:47:25.557Z] [DEBUG] Clicked on element login Button
[2025-11-18T11:47:31.663Z] [INFO] Clicking on element setUp Icon
[2025-11-18T11:47:31.948Z] [DEBUG] Clicked on element setUp Icon
[2025-11-18T11:47:39.690Z] [INFO] Clicking on element user Search Result
[2025-11-18T11:47:40.019Z] [DEBUG] Clicked on element user Search Result
[2025-11-18T11:48:20.867Z] [INFO] Sending text 'nuguri.charitha@us.lockton.com.uat' to username Input Value
[2025-11-18T11:48:21.294Z] [DEBUG] Sent text 'nuguri.charitha@us.lockton.com.uat' to username Input Value
[2025-11-18T11:48:21.296Z] [INFO] Sending text 'Charitha@48' to password Input Value
[2025-11-18T11:48:21.437Z] [DEBUG] Sent text 'Charitha@48' to password Input Value
[2025-11-18T11:48:21.439Z] [INFO] Clicking on element login Button
[2025-11-18T11:48:23.555Z] [DEBUG] Clicked on element login Button
[2025-11-18T11:48:30.532Z] [INFO] Clicking on element setUp Icon
[2025-11-18T11:48:30.845Z] [DEBUG] Clicked on element setUp Icon
[2025-11-18T11:48:38.836Z] [INFO] Clicking on element user Search Result
[2025-11-18T11:48:42.150Z] [DEBUG] Clicked on element user Search Result
[2025-11-18T11:49:14.549Z] [INFO] Clicking on element show Navigation Menu
[2025-11-18T11:49:15.455Z] [DEBUG] Clicked on element show Navigation Menu
[2025-11-18T11:49:15.549Z] [INFO] Clicking on element accounts Menu Item
[2025-11-18T11:49:16.130Z] [DEBUG] Clicked on element accounts Menu Item
[2025-11-18T11:49:17.598Z] [INFO] Clicking on element list View Element
[2025-11-18T11:49:18.064Z] [DEBUG] Clicked on element list View Element
[2025-11-18T11:49:18.147Z] [INFO] Sending text 'All Clients' to searchBox ListViewInput
[2025-11-18T11:49:18.505Z] [DEBUG] Sent text 'All Clients' to searchBox ListViewInput
[2025-11-18T11:49:18.638Z] [INFO] Clicking on element all Clients In List View
[2025-11-18T11:49:19.290Z] [DEBUG] Clicked on element all Clients In List View
[2025-11-18T11:49:19.389Z] [INFO] Clicking on element global Search Button
[2025-11-18T11:49:20.063Z] [DEBUG] Clicked on element global Search Button
[2025-11-18T11:49:21.330Z] [INFO] Sending text '1031 Exchange Corporation' to global Search Input
[2025-11-18T11:49:21.815Z] [DEBUG] Sent text '1031 Exchange Corporation' to global Search Input
